created_at,order_number,item_type,item_id,item_name,base_price,final_price,quantity,validated_quantity,validated_return_quantity,final_quantity,subtotal_price,warranty,status,sku,erp_product_id,service_type,service_location_name,price_finalized_by_name,vehicle_license_plate,odometer
"Sep 30, 2025, 22:42",WO-145519002699979284,SPAREPART,87eede8f-1064-4c4e-912d-9319aa96d5b0,Brake Pad H3 FR / RR H3,"26,000",0,2,0,0,2,0,NOT_COVERED,APPLIED,GEN-F0130-001-N-NE,"1,075",STORING,Pondok Indah,Eka Pitaloka,B 4516 SVT,"43,431"
"Sep 30, 2025, 22:37",WO-145470785568397844,SPAREPART,87eede8f-1064-4c4e-912d-9319aa96d5b0,Brake Pad H3 FR / RR H3,"26,000",0,1,0,0,1,0,NOT_COVERED,APPLIED,GEN-F0130-001-N-NE,"1,075",STORING,Pondok Indah,Service Advisor PI,B 4052 SWB,"23,647"
"Sep 30, 2025, 22:32",WO-145510391860977232,SPAREPART,79e0bbc0-0b87-4142-8e3f-0b3ccdc86641,Brake Pad Kit H5 -2-01 (Canvas Rem) H5,"28,500",0,1,0,0,1,0,NOT_COVERED,APPLIED,GEN-F1140-001-R-NE,"1,759",STORING,Pondok Indah,Eka Pitaloka,B 5235 SVL,"52,756"
"Sep 30, 2025, 22:32",WO-145510391860977232,SPAREPART,fa116921-3f09-44e1-b709-86b1780d9253,Brake Pad Kit H5 -1-01 (Canvas Rem) H5,"39,500",0,1,0,0,1,0,NOT_COVERED,APPLIED,GEN-F1130-001-F-NE,"1,758",STORING,Pondok Indah,Eka Pitaloka,B 5235 SVL,"52,756"
"Sep 30, 2025, 21:47",WO-145521459823926864,SPAREPART,ec86c430-e74c-451d-8d93-6d47384acc17,Tire 90/90-12 H3 (KENDA) H3,"135,796",0,1,0,0,1,0,NOT_COVERED,APPLIED,GEN-F0500-001-N-MA,"1,741",STORING,Pondok Indah,Service Advisor PI,B 4380 SVT,"43,443"
"Sep 30, 2025, 21:47",WO-145521459823926864,SPAREPART,87eede8f-1064-4c4e-912d-9319aa96d5b0,Brake Pad H3 FR / RR H3,"26,000",0,2,0,0,2,0,NOT_COVERED,APPLIED,GEN-F0130-001-N-NE,"1,075",STORING,Pondok Indah,Service Advisor PI,B 4380 SVT,"43,443"
"Sep 30, 2025, 21:31",WO-145510211539459664,SPAREPART,9ae448db-156e-4e8b-8980-6f520521c921,Speed control handle cable H3,"16,169",0,1,0,0,1,0,NOT_COVERED,APPLIED,H3A-E70090-001-N-BL,857,STORING,Pondok Indah,Service Advisor PI,B 4857 SVS,"23,423"
"Sep 30, 2025, 20:33",WO-145471586445581904,SPAREPART,fa116921-3f09-44e1-b709-86b1780d9253,Brake Pad Kit H5 -1-01 (Canvas Rem) H5,"39,500",0,1,0,0,1,0,NOT_COVERED,APPLIED,GEN-F1130-001-F-NE,"1,758",STORING,Pondok Indah,Service Advisor PI,B 4062 SVO,"46,347"
"Sep 30, 2025, 20:33",WO-145471586445581904,SPAREPART,79e0bbc0-0b87-4142-8e3f-0b3ccdc86641,Brake Pad Kit H5 -2-01 (Canvas Rem) H5,"28,500",0,1,0,0,1,0,NOT_COVERED,APPLIED,GEN-F1140-001-R-NE,"1,759",STORING,Pondok Indah,Service Advisor PI,B 4062 SVO,"46,347"
"Sep 30, 2025, 20:33",WO-145475201381980692,SPAREPART,ec86c430-e74c-451d-8d93-6d47384acc17,Tire 90/90-12 H3 (KENDA) H3,"100,000","100,000",1,0,0,1,"100,000",NOT_COVERED,APPLIED,GEN-F0500-001-N-MA,"1,741",INTERNAL_SERVICE,Pondok Indah,Gerald Raditya,B 4236 SWA,"16,782"
"Sep 30, 2025, 20:33",WO-145475201381980692,SPAREPART,39480043-3109-4561-9129-6deba2de1b03,Falt fork H3,"100,000","100,000",1,0,0,1,"100,000",NOT_COVERED,APPLIED,H3A-F0380-001-N-NE,835,INTERNAL_SERVICE,Pondok Indah,Gerald Raditya,B 4236 SWA,"16,782"
"Sep 30, 2025, 20:33",WO-145475201381980692,SPAREPART,87eede8f-1064-4c4e-912d-9319aa96d5b0,Brake Pad H3 FR / RR H3,"26,000","26,000",2,0,0,2,"52,000",NOT_COVERED,APPLIED,GEN-F0130-001-N-NE,"1,075",INTERNAL_SERVICE,Pondok Indah,Gerald Raditya,B 4236 SWA,"16,782"
"Sep 30, 2025, 20:33",WO-145475201381980692,SPAREPART,0e63dd11-3dfb-40f2-9820-7fc9cc0b12bc,Front fork bearings H3,"42,021","42,021",1,0,0,1,"42,021",NOT_COVERED,APPLIED,GEN-F0100-001-F-NE,849,INTERNAL_SERVICE,Pondok Indah,Gerald Raditya,B 4236 SWA,"16,782"
"Sep 30, 2025, 20:08",WO-145483215421856276,SPAREPART,6f887a0a-e2ae-4556-afe9-b554bb26559f,Headlight H3,"100,000",0,1,0,0,1,0,NOT_COVERED,APPLIED,H3A-E60030-001-N-NE,821,WALK_IN_MAINTENANCE,Pondok Indah,Service Advisor PI,B 4489 SVT,"32,500"
"Sep 30, 2025, 20:07",WO-145474004965153300,SPAREPART,0e63dd11-3dfb-40f2-9820-7fc9cc0b12bc,Front fork bearings H3,"42,021","42,021",1,0,0,1,"42,021",NOT_COVERED,APPLIED,GEN-F0100-001-F-NE,849,INTERNAL_SERVICE,Pondok Indah,Adit Tia Saputra,B 3813 PWF,"50,098"
"Sep 30, 2025, 20:07",WO-145474004965153300,SPAREPART,87eede8f-1064-4c4e-912d-9319aa96d5b0,Brake Pad H3 FR / RR H3,"26,000","26,000",2,0,0,2,"52,000",NOT_COVERED,APPLIED,GEN-F0130-001-N-NE,"1,075",INTERNAL_SERVICE,Pondok Indah,Adit Tia Saputra,B 3813 PWF,"50,098"
"Sep 30, 2025, 19:47",WO-145479376459292240,SPAREPART,87eede8f-1064-4c4e-912d-9319aa96d5b0,Brake Pad H3 FR / RR H3,"26,000",0,2,0,0,2,0,NOT_COVERED,APPLIED,GEN-F0130-001-N-NE,"1,075",STORING,Pondok Indah,Service Advisor PI,B 4257 SVP,"47,583"
"Sep 30, 2025, 19:45",WO-145509204252187156,SPAREPART,87eede8f-1064-4c4e-912d-9319aa96d5b0,Brake Pad H3 FR / RR H3,"26,000","26,000",2,0,0,2,"52,000",NOT_COVERED,APPLIED,GEN-F0130-001-N-NE,"1,075",INTERNAL_SERVICE,Pondok Indah,Ahmad Agus Sudiro Parhusnan Marzuki,B 4313 SWA,"107,051"
"Sep 30, 2025, 19:43",WO-145337213494778388,SPAREPART,ec86c430-e74c-451d-8d93-6d47384acc17,Tire 90/90-12 H3 (KENDA) H3,"100,000",0,1,0,0,1,0,NOT_COVERED,APPLIED,GEN-F0500-001-N-MA,"1,741",STORING,Pondok Indah,Service Advisor PI,B 4636 SVP,"67,246"
"Sep 30, 2025, 19:41",WO-145358049689755216,SPAREPART,45e63d15-6dc7-47d0-9449-7b1fa83388c7,Tail cover H5,"37,260",0,1,0,0,1,0,NOT_COVERED,APPLIED,H5A-B0740-001-R-MA,890,REPO_MAINTENANCE,Pondok Indah,Naufal Rabbani,B 4669 SVN,"53,039"
"Sep 30, 2025, 19:41",WO-145358049689755216,SPAREPART,79e0bbc0-0b87-4142-8e3f-0b3ccdc86641,Brake Pad Kit H5 -2-01 (Canvas Rem) H5,"28,500",0,1,0,0,1,0,NOT_COVERED,APPLIED,GEN-F1140-001-R-NE,"1,759",REPO_MAINTENANCE,Pondok Indah,Naufal Rabbani,B 4669 SVN,"53,039"
"Sep 30, 2025, 19:41",WO-145358049689755216,SPAREPART,37dc324d-ba63-404f-b663-747c4a4566a1,disc Brake H5,"70,000",0,1,0,0,1,0,NOT_COVERED,APPLIED,GEN-F1120-001-R-NE,"1,761",REPO_MAINTENANCE,Pondok Indah,Naufal Rabbani,B 4669 SVN,"53,039"
"Sep 30, 2025, 19:41",WO-145358049689755216,SPAREPART,fa116921-3f09-44e1-b709-86b1780d9253,Brake Pad Kit H5 -1-01 (Canvas Rem) H5,"39,500",0,1,0,0,1,0,NOT_COVERED,APPLIED,GEN-F1130-001-F-NE,"1,758",REPO_MAINTENANCE,Pondok Indah,Naufal Rabbani,B 4669 SVN,"53,039"
"Sep 30, 2025, 19:40",WO-145365511255907920,SPAREPART,5075f880-8de8-488e-9bca-4db3d05c3583,Brake pad Front H1 - Fr H1,"26,000",0,1,0,0,1,0,NOT_COVERED,APPLIED,GEN-F1280-001-N-NE,"1,789",STORING,Pondok Indah,Service Advisor PI,B 4801 SWD,"3,363"
"Sep 30, 2025, 19:37",WO-145470483830169168,SPAREPART,87eede8f-1064-4c4e-912d-9319aa96d5b0,Brake Pad H3 FR / RR H3,"26,000",0,2,0,0,2,0,NOT_COVERED,APPLIED,GEN-F0130-001-N-NE,"1,075",STORING,Pondok Indah,Service Advisor PI,B 3485 PWG,"465,373"
"Sep 30, 2025, 19:37",WO-145470483830169168,SPAREPART,ec86c430-e74c-451d-8d93-6d47384acc17,Tire 90/90-12 H3 (KENDA) H3,"135,796",0,1,0,0,1,0,NOT_COVERED,APPLIED,GEN-F0500-001-N-MA,"1,741",STORING,Pondok Indah,Service Advisor PI,B 3485 PWG,"465,373"
"Sep 30, 2025, 19:31",WO-145369550957861396,SPAREPART,7955010d-529b-4d86-a6a5-d431a09d7b8b,Rear armrest H5,"100,000","100,000",1,0,0,1,"100,000",NOT_COVERED,APPLIED,H5A-F2470-001-R-NE,934,INTERNAL_SERVICE,Pondok Indah,Ahmad Agus Sudiro Parhusnan Marzuki,B 4724 SVN,"3,651"
"Sep 30, 2025, 19:31",WO-145369550957861396,SPAREPART,79e0bbc0-0b87-4142-8e3f-0b3ccdc86641,Brake Pad Kit H5 -2-01 (Canvas Rem) H5,"28,500","28,500",1,0,0,1,"28,500",NOT_COVERED,APPLIED,GEN-F1140-001-R-NE,"1,759",INTERNAL_SERVICE,Pondok Indah,Ahmad Agus Sudiro Parhusnan Marzuki,B 4724 SVN,"3,651"
"Sep 30, 2025, 19:31",WO-145369550957861396,SPAREPART,fa116921-3f09-44e1-b709-86b1780d9253,Brake Pad Kit H5 -1-01 (Canvas Rem) H5,"39,500","39,500",1,0,0,1,"39,500",NOT_COVERED,APPLIED,GEN-F1130-001-F-NE,"1,758",INTERNAL_SERVICE,Pondok Indah,Ahmad Agus Sudiro Parhusnan Marzuki,B 4724 SVN,"3,651"
"Sep 30, 2025, 19:31",WO-145369550957861396,SPAREPART,8ce4250a-b0be-4d3c-97ca-b3dda84a0b6d,Bearing Nachi 6004 H5,"17,980","17,980",1,0,0,1,"17,980",NOT_COVERED,APPLIED,GEN-F0580-001-R-NE,"1,760",INTERNAL_SERVICE,Pondok Indah,Ahmad Agus Sudiro Parhusnan Marzuki,B 4724 SVN,"3,651"
"Sep 30, 2025, 19:30",WO-145359694762891796,SPAREPART,1ac25aee-ff64-497d-a915-e4617a1892ae,Bearing Nachi 6201 H3,"13,967",0,1,0,0,1,0,NOT_COVERED,APPLIED,GEN-F0060-001-F-NE,"1,735",REPO_MAINTENANCE,Pondok Indah,Naufal Rabbani,B 5158 SVL,"78,015"
"Sep 30, 2025, 19:22",WO-145504254939912724,SPAREPART,9ae448db-156e-4e8b-8980-6f520521c921,Speed control handle cable H3,"16,169",0,1,0,0,1,0,NOT_COVERED,APPLIED,H3A-E70090-001-N-BL,857,STORING,Pondok Indah,Service Advisor PI,B 4373 SVR,"32,345"
"Sep 30, 2025, 19:17",WO-145492522381106768,SPAREPART,fa116921-3f09-44e1-b709-86b1780d9253,Brake Pad Kit H5 -1-01 (Canvas Rem) H5,"39,500",0,1,0,0,1,0,NOT_COVERED,APPLIED,GEN-F1130-001-F-NE,"1,758",STORING,Pondok Indah,Eka Pitaloka,B 4134 SVO,"44,323"
"Sep 30, 2025, 19:17",WO-145492522381106768,SPAREPART,79e0bbc0-0b87-4142-8e3f-0b3ccdc86641,Brake Pad Kit H5 -2-01 (Canvas Rem) H5,"28,500",0,1,0,0,1,0,NOT_COVERED,APPLIED,GEN-F1140-001-R-NE,"1,759",STORING,Pondok Indah,Eka Pitaloka,B 4134 SVO,"44,323"
"Sep 30, 2025, 19:14",WO-145502511166413332,SPAREPART,1ac25aee-ff64-497d-a915-e4617a1892ae,Bearing Nachi 6201 H3,"13,967","13,967",2,0,0,2,"27,934",NOT_COVERED,APPLIED,GEN-F0060-001-F-NE,"1,735",INTERNAL_SERVICE,Pondok Indah,Gerald Raditya,B 4346 SWA,"11,229"
"Sep 30, 2025, 19:11",WO-145472300953655828,SPAREPART,87eede8f-1064-4c4e-912d-9319aa96d5b0,Brake Pad H3 FR / RR H3,"26,000","26,000",2,0,0,2,"52,000",NOT_COVERED,APPLIED,GEN-F0130-001-N-NE,"1,075",INTERNAL_SERVICE,Pondok Indah,Akhmad Rinaldi,B 4727 SVP,"26,196"
"Sep 30, 2025, 19:11",WO-145472300953655828,SPAREPART,ec86c430-e74c-451d-8d93-6d47384acc17,Tire 90/90-12 H3 (KENDA) H3,"100,000","100,000",2,0,0,2,"200,000",NOT_COVERED,APPLIED,GEN-F0500-001-N-MA,"1,741",INTERNAL_SERVICE,Pondok Indah,Akhmad Rinaldi,B 4727 SVP,"26,196"
"Sep 30, 2025, 19:09",WO-145340574038252052,SPAREPART,87eede8f-1064-4c4e-912d-9319aa96d5b0,Brake Pad H3 FR / RR H3,"26,000",0,2,0,0,2,0,NOT_COVERED,APPLIED,GEN-F0130-001-N-NE,"1,075",WALK_IN_MAINTENANCE,Pondok Indah,Naufal Rabbani,B 3540 PWE,"60,653"
"Sep 30, 2025, 19:09",WO-145340574038252052,SPAREPART,c52ca52a-85ef-43ad-8637-a9a65142da16,Rear disc brake disc H3,"26,519",0,1,0,0,1,0,NOT_COVERED,APPLIED,GEN-F0190-001-R-NE,854,WALK_IN_MAINTENANCE,Pondok Indah,Naufal Rabbani,B 3540 PWE,"60,653"
"Sep 30, 2025, 19:09",WO-145340574038252052,SPAREPART,ec86c430-e74c-451d-8d93-6d47384acc17,Tire 90/90-12 H3 (KENDA) H3,"100,000",0,1,0,0,1,0,NOT_COVERED,APPLIED,GEN-F0500-001-N-MA,"1,741",WALK_IN_MAINTENANCE,Pondok Indah,Naufal Rabbani,B 3540 PWE,"60,653"
"Sep 30, 2025, 19:09",WO-145340574038252052,SPAREPART,6f887a0a-e2ae-4556-afe9-b554bb26559f,Headlight H3,"100,000",0,1,0,0,1,0,NOT_COVERED,APPLIED,H3A-E60030-001-N-NE,821,WALK_IN_MAINTENANCE,Pondok Indah,Naufal Rabbani,B 3540 PWE,"60,653"
"Sep 30, 2025, 19:07",WO-145503998466611732,SPAREPART,79e0bbc0-0b87-4142-8e3f-0b3ccdc86641,Brake Pad Kit H5 -2-01 (Canvas Rem) H5,"28,500",0,1,0,0,1,0,NOT_COVERED,APPLIED,GEN-F1140-001-R-NE,"1,759",STORING,Pondok Indah,Service Advisor PI,B 5326 SVL,332
"Sep 30, 2025, 19:07",WO-145503998466611732,SPAREPART,fa116921-3f09-44e1-b709-86b1780d9253,Brake Pad Kit H5 -1-01 (Canvas Rem) H5,"39,500",0,1,0,0,1,0,NOT_COVERED,APPLIED,GEN-F1130-001-F-NE,"1,758",STORING,Pondok Indah,Service Advisor PI,B 5326 SVL,332
"Sep 30, 2025, 19:04",WO-145369848300460564,SPAREPART,87eede8f-1064-4c4e-912d-9319aa96d5b0,Brake Pad H3 FR / RR H3,"26,000","26,000",2,0,0,2,"52,000",NOT_COVERED,APPLIED,GEN-F0130-001-N-NE,"1,075",INTERNAL_SERVICE,Pondok Indah,Adit Tia Saputra,B 4063 SWB,"22,012"
"Sep 30, 2025, 19:04",WO-145369848300460564,SPAREPART,c52ca52a-85ef-43ad-8637-a9a65142da16,Rear disc brake disc H3,"26,519","26,519",1,0,0,1,"26,519",NOT_COVERED,APPLIED,GEN-F0190-001-R-NE,854,INTERNAL_SERVICE,Pondok Indah,Adit Tia Saputra,B 4063 SWB,"22,012"
"Sep 30, 2025, 19:04",WO-145368920772075088,SPAREPART,a8261683-77ce-4c3a-969e-8c7de608fd1b,Flasher H3,"7,912","7,912",1,0,0,1,"7,912",NOT_COVERED,APPLIED,H3A-E50010-001-N-NE,874,INTERNAL_SERVICE,Pondok Indah,Gerald Raditya,B 4903 SVT,"34,916"
"Sep 30, 2025, 18:52",WO-145380682154139216,SPAREPART,8ce4250a-b0be-4d3c-97ca-b3dda84a0b6d,Bearing Nachi 6004 H5,"17,980","17,980",1,0,0,1,"17,980",NOT_COVERED,APPLIED,GEN-F0580-001-R-NE,"1,760",INTERNAL_SERVICE,Pondok Indah,muhammad faisal azri,B 5540 SVL,"58,224"
"Sep 30, 2025, 18:52",WO-145380682154139216,SPAREPART,79e0bbc0-0b87-4142-8e3f-0b3ccdc86641,Brake Pad Kit H5 -2-01 (Canvas Rem) H5,"28,500","28,500",1,0,0,1,"28,500",NOT_COVERED,APPLIED,GEN-F1140-001-R-NE,"1,759",INTERNAL_SERVICE,Pondok Indah,muhammad faisal azri,B 5540 SVL,"58,224"
"Sep 30, 2025, 18:52",WO-145380682154139216,SPAREPART,fa116921-3f09-44e1-b709-86b1780d9253,Brake Pad Kit H5 -1-01 (Canvas Rem) H5,"39,500","39,500",1,0,0,1,"39,500",NOT_COVERED,APPLIED,GEN-F1130-001-F-NE,"1,758",INTERNAL_SERVICE,Pondok Indah,muhammad faisal azri,B 5540 SVL,"58,224"
"Sep 30, 2025, 18:50",WO-145369375149414932,SPAREPART,87eede8f-1064-4c4e-912d-9319aa96d5b0,Brake Pad H3 FR / RR H3,"26,000","26,000",2,0,0,2,"52,000",NOT_COVERED,APPLIED,GEN-F0130-001-N-NE,"1,075",INTERNAL_SERVICE,Pondok Indah,Syahrul Mulya,B 3700 PWE,"35,099"
"Sep 30, 2025, 18:45",WO-144896116528273940,SPAREPART,0798cf17-a932-4ef4-ba0f-41b6d3e5526d,Front wheel mud plate H1,"100,000",0,1,0,0,1,0,NOT_COVERED,APPLIED,H1A-B1090-001-F-MA,"1,088",WALK_IN_MAINTENANCE,Pondok Indah,Naufal Rabbani,B 4408 SWD,"3,031"
"Sep 30, 2025, 18:44",WO-145471538932505108,SPAREPART,8ce4250a-b0be-4d3c-97ca-b3dda84a0b6d,Bearing Nachi 6004 H5,"17,980","17,980",1,0,0,1,"17,980",NOT_COVERED,APPLIED,GEN-F0580-001-R-NE,"1,760",INTERNAL_SERVICE,Pondok Indah,Ahmad Agus Sudiro Parhusnan Marzuki,B 5178 SVL,"45,930"
"Sep 30, 2025, 18:44",WO-145471538932505108,SPAREPART,fa116921-3f09-44e1-b709-86b1780d9253,Brake Pad Kit H5 -1-01 (Canvas Rem) H5,"39,500","39,500",1,0,0,1,"39,500",NOT_COVERED,APPLIED,GEN-F1130-001-F-NE,"1,758",INTERNAL_SERVICE,Pondok Indah,Ahmad Agus Sudiro Parhusnan Marzuki,B 5178 SVL,"45,930"
"Sep 30, 2025, 18:44",WO-145471538932505108,SPAREPART,79e0bbc0-0b87-4142-8e3f-0b3ccdc86641,Brake Pad Kit H5 -2-01 (Canvas Rem) H5,"28,500","28,500",1,0,0,1,"28,500",NOT_COVERED,APPLIED,GEN-F1140-001-R-NE,"1,759",INTERNAL_SERVICE,Pondok Indah,Ahmad Agus Sudiro Parhusnan Marzuki,B 5178 SVL,"45,930"
"Sep 30, 2025, 18:39",WO-144477851691802192,SPAREPART,5075f880-8de8-488e-9bca-4db3d05c3583,Brake pad Front H1 - Fr H1,"26,000",0,1,0,0,1,0,NOT_COVERED,APPLIED,GEN-F1280-001-N-NE,"1,789",REPO_MAINTENANCE,Pondok Indah,Service Advisor PI,B 4623 SWD,584
"Sep 30, 2025, 18:39",WO-144477851691802192,SPAREPART,40a85d18-f2dc-4c6e-bdfb-ad4debc9320e,lock H1,"83,444",0,1,0,0,1,0,NOT_COVERED,APPLIED,H1A-E70150-001-N-NE,"1,048",REPO_MAINTENANCE,Pondok Indah,Service Advisor PI,B 4623 SWD,584
"Sep 30, 2025, 18:39",WO-145502511166413332,SPAREPART,87eede8f-1064-4c4e-912d-9319aa96d5b0,Brake Pad H3 FR / RR H3,"26,000","26,000",2,0,0,2,"52,000",NOT_COVERED,APPLIED,GEN-F0130-001-N-NE,"1,075",INTERNAL_SERVICE,Pondok Indah,Gerald Raditya,B 4346 SWA,"11,229"
"Sep 30, 2025, 18:25",WO-145380040828280400,SPAREPART,87eede8f-1064-4c4e-912d-9319aa96d5b0,Brake Pad H3 FR / RR H3,"26,000","26,000",1,0,0,1,"26,000",NOT_COVERED,APPLIED,GEN-F0130-001-N-NE,"1,075",INTERNAL_SERVICE,Pondok Indah,Noval Labid,B 4025 SWB,"6,609"
"Sep 30, 2025, 18:21",WO-145368920772075088,SPAREPART,87eede8f-1064-4c4e-912d-9319aa96d5b0,Brake Pad H3 FR / RR H3,"26,000","26,000",2,0,0,2,"52,000",NOT_COVERED,APPLIED,GEN-F0130-001-N-NE,"1,075",INTERNAL_SERVICE,Pondok Indah,Gerald Raditya,B 4903 SVT,"34,916"
"Sep 30, 2025, 18:21",WO-145368920772075088,SPAREPART,0e63dd11-3dfb-40f2-9820-7fc9cc0b12bc,Front fork bearings H3,"42,021","42,021",1,0,0,1,"42,021",NOT_COVERED,APPLIED,GEN-F0100-001-F-NE,849,INTERNAL_SERVICE,Pondok Indah,Gerald Raditya,B 4903 SVT,"34,916"
"Sep 30, 2025, 18:21",WO-145368920772075088,SPAREPART,39480043-3109-4561-9129-6deba2de1b03,Falt fork H3,"100,000","100,000",1,0,0,1,"100,000",NOT_COVERED,APPLIED,H3A-F0380-001-N-NE,835,INTERNAL_SERVICE,Pondok Indah,Gerald Raditya,B 4903 SVT,"34,916"
"Sep 30, 2025, 18:21",WO-145368920772075088,SPAREPART,ec86c430-e74c-451d-8d93-6d47384acc17,Tire 90/90-12 H3 (KENDA) H3,"100,000","100,000",1,0,0,1,"100,000",NOT_COVERED,APPLIED,GEN-F0500-001-N-MA,"1,741",INTERNAL_SERVICE,Pondok Indah,Gerald Raditya,B 4903 SVT,"34,916"
"Sep 30, 2025, 18:16",WO-145470933744769556,SPAREPART,5075f880-8de8-488e-9bca-4db3d05c3583,Brake pad Front H1 - Fr H1,"26,000",0,1,0,0,1,0,NOT_COVERED,APPLIED,GEN-F1280-001-N-NE,"1,789",WALK_IN_MAINTENANCE,Pondok Indah,Naufal Rabbani,B 4465 SWD,985
"Sep 30, 2025, 18:16",WO-145380488092080660,SPAREPART,5075f880-8de8-488e-9bca-4db3d05c3583,Brake pad Front H1 - Fr H1,"26,000","26,000",1,0,0,1,"26,000",NOT_COVERED,APPLIED,GEN-F1280-001-N-NE,"1,789",INTERNAL_SERVICE,Pondok Indah,M. Risky Julio Hardianto,B 4851 SWD,0
"Sep 30, 2025, 18:06",WO-145359694762891796,SPAREPART,79e0bbc0-0b87-4142-8e3f-0b3ccdc86641,Brake Pad Kit H5 -2-01 (Canvas Rem) H5,"28,500",0,1,0,0,1,0,NOT_COVERED,APPLIED,GEN-F1140-001-R-NE,"1,759",REPO_MAINTENANCE,Pondok Indah,Naufal Rabbani,B 5158 SVL,"78,015"
"Sep 30, 2025, 18:06",WO-145359694762891796,SPAREPART,fa116921-3f09-44e1-b709-86b1780d9253,Brake Pad Kit H5 -1-01 (Canvas Rem) H5,"39,500",0,1,0,0,1,0,NOT_COVERED,APPLIED,GEN-F1130-001-F-NE,"1,758",REPO_MAINTENANCE,Pondok Indah,Naufal Rabbani,B 5158 SVL,"78,015"
"Sep 30, 2025, 17:27",WO-145485475212189264,SPAREPART,9ae448db-156e-4e8b-8980-6f520521c921,Speed control handle cable H3,"16,169",0,1,0,0,1,0,NOT_COVERED,APPLIED,H3A-E70090-001-N-BL,857,STORING,Pondok Indah,Service Advisor PI,B 4813 SVS,"46,814"
"Sep 30, 2025, 17:00",WO-145490078762819152,SPAREPART,87eede8f-1064-4c4e-912d-9319aa96d5b0,Brake Pad H3 FR / RR H3,"26,000",0,2,0,0,2,0,NOT_COVERED,APPLIED,GEN-F0130-001-N-NE,"1,075",STORING,Pondok Indah,Eka Pitaloka,B 4597 SVT,"48,586"
"Sep 30, 2025, 16:59",WO-145490078762819152,SPAREPART,ec86c430-e74c-451d-8d93-6d47384acc17,Tire 90/90-12 H3 (KENDA) H3,"100,000","100,000",1,0,0,1,"100,000",NOT_COVERED,APPLIED,GEN-F0500-001-N-MA,"1,741",STORING,Pondok Indah,Eka Pitaloka,B 4597 SVT,"48,586"
"Sep 30, 2025, 16:42",WO-145338677625641492,SPAREPART,37dc324d-ba63-404f-b663-747c4a4566a1,disc Brake H5,"70,000",0,1,0,0,1,0,NOT_COVERED,APPLIED,GEN-F1120-001-R-NE,"1,761",WALK_IN_MAINTENANCE,Pondok Indah,Naufal Rabbani,B 5112 SVL,"32,184"
"Sep 30, 2025, 16:42",WO-145338677625641492,SPAREPART,79e0bbc0-0b87-4142-8e3f-0b3ccdc86641,Brake Pad Kit H5 -2-01 (Canvas Rem) H5,"28,500",0,1,0,0,1,0,NOT_COVERED,APPLIED,GEN-F1140-001-R-NE,"1,759",WALK_IN_MAINTENANCE,Pondok Indah,Naufal Rabbani,B 5112 SVL,"32,184"
"Sep 30, 2025, 16:42",WO-145338677625641492,SPAREPART,fa116921-3f09-44e1-b709-86b1780d9253,Brake Pad Kit H5 -1-01 (Canvas Rem) H5,"39,500",0,1,0,0,1,0,NOT_COVERED,APPLIED,GEN-F1130-001-F-NE,"1,758",WALK_IN_MAINTENANCE,Pondok Indah,Naufal Rabbani,B 5112 SVL,"32,184"
"Sep 30, 2025, 16:38",WO-145434545271888404,SPAREPART,87eede8f-1064-4c4e-912d-9319aa96d5b0,Brake Pad H3 FR / RR H3,"26,000",0,1,0,0,1,0,NOT_COVERED,APPLIED,GEN-F0130-001-N-NE,"1,075",STORING,Pondok Indah,Service Advisor PI,B 4418 SWA,"36,473"
"Sep 30, 2025, 16:38",WO-145333783392968272,SPAREPART,9ae448db-156e-4e8b-8980-6f520521c921,Speed control handle cable H3,"16,169","16,169",1,0,0,1,"16,169",NOT_COVERED,APPLIED,H3A-E70090-001-N-BL,857,REGULAR,Pondok Indah,Dani Setiawan,B 4419 SVV,"13,741"
"Sep 30, 2025, 16:38",WO-145333783392968272,SPAREPART,1ac25aee-ff64-497d-a915-e4617a1892ae,Bearing Nachi 6201 H3,"13,967","13,967",1,0,0,1,"13,967",NOT_COVERED,APPLIED,GEN-F0060-001-F-NE,"1,735",REGULAR,Pondok Indah,Dani Setiawan,B 4419 SVV,"13,741"
"Sep 30, 2025, 16:38",WO-145333783392968272,SPAREPART,87eede8f-1064-4c4e-912d-9319aa96d5b0,Brake Pad H3 FR / RR H3,"26,000","26,000",2,0,0,2,"52,000",NOT_COVERED,APPLIED,GEN-F0130-001-N-NE,"1,075",REGULAR,Pondok Indah,Dani Setiawan,B 4419 SVV,"13,741"
"Sep 30, 2025, 16:37",WO-145343613633583636,SPAREPART,1ac25aee-ff64-497d-a915-e4617a1892ae,Bearing Nachi 6201 H3,"13,967",0,1,0,0,1,0,NOT_COVERED,APPLIED,GEN-F0060-001-F-NE,"1,735",WALK_IN_MAINTENANCE,Pondok Indah,Naufal Rabbani,B 4833 SVT,"32,181"
"Sep 30, 2025, 16:28",WO-145485497039347280,SPAREPART,87eede8f-1064-4c4e-912d-9319aa96d5b0,Brake Pad H3 FR / RR H3,"26,000","26,000",2,0,0,2,"52,000",NOT_COVERED,APPLIED,GEN-F0130-001-N-NE,"1,075",INTERNAL_SERVICE,Kembangan,Andi hidayat,B 4480 SVP,"2,481"
"Sep 30, 2025, 16:28",WO-145485497039347280,SPAREPART,24f4995a-befd-4ad6-a490-c6318261742f,Cover Plat Nomer H3,"18,500","18,500",2,0,0,2,"37,000",NOT_COVERED,APPLIED,GEN-A0140-001-N-MA,"1,738",INTERNAL_SERVICE,Kembangan,Andi hidayat,B 4480 SVP,"2,481"
"Sep 30, 2025, 16:28",WO-145485497039347280,SPAREPART,ec86c430-e74c-451d-8d93-6d47384acc17,Tire 90/90-12 H3 (KENDA) H3,"100,000","100,000",2,0,0,2,"200,000",NOT_COVERED,APPLIED,GEN-F0500-001-N-MA,"1,741",INTERNAL_SERVICE,Kembangan,Andi hidayat,B 4480 SVP,"2,481"
"Sep 30, 2025, 16:27",WO-145476697439885844,SPAREPART,002d5904-be52-4541-a8b3-43e4cbc1aa4c,IOT central control H5,"100,000","100,000",1,0,0,1,"100,000",NOT_COVERED,APPLIED,H5A-E30080-001-N-NE,997,INTERNAL_SERVICE,Pondok Indah,Noval Labid,B 4776 SVN,0
"Sep 30, 2025, 16:26",WO-145480131215907348,SPAREPART,87eede8f-1064-4c4e-912d-9319aa96d5b0,Brake Pad H3 FR / RR H3,"26,000",0,2,0,0,2,0,NOT_COVERED,APPLIED,GEN-F0130-001-N-NE,"1,075",REGULAR,Pondok Indah,Service Advisor PI,B 3816 PWF,"39,153"
"Sep 30, 2025, 16:26",WO-145489197338222160,SPAREPART,87eede8f-1064-4c4e-912d-9319aa96d5b0,Brake Pad H3 FR / RR H3,"26,000",0,2,0,0,2,0,NEW_ONBOARDING,APPLIED,GEN-F0130-001-N-NE,"1,075",URGENT,Kembangan,Andi hidayat,B 4671 SVR,"44,546"
"Sep 30, 2025, 16:21",WO-145474475381513808,SPAREPART,ec86c430-e74c-451d-8d93-6d47384acc17,Tire 90/90-12 H3 (KENDA) H3,"100,000","100,000",1,0,0,1,"100,000",NOT_COVERED,APPLIED,GEN-F0500-001-N-MA,"1,741",INTERNAL_SERVICE,Pondok Indah,Gerald Raditya,B 4825 SVS,"52,522"
"Sep 30, 2025, 16:21",WO-145474475381513808,SPAREPART,87eede8f-1064-4c4e-912d-9319aa96d5b0,Brake Pad H3 FR / RR H3,"26,000","26,000",2,0,0,2,"52,000",NOT_COVERED,APPLIED,GEN-F0130-001-N-NE,"1,075",INTERNAL_SERVICE,Pondok Indah,Gerald Raditya,B 4825 SVS,"52,522"
"Sep 30, 2025, 16:20",WO-145477357203906128,SPAREPART,87eede8f-1064-4c4e-912d-9319aa96d5b0,Brake Pad H3 FR / RR H3,"26,000",0,2,0,0,2,0,NOT_COVERED,APPLIED,GEN-F0130-001-N-NE,"1,075",WALK_IN_MAINTENANCE,Pondok Indah,Naufal Rabbani,B 4633 SWA,"2,256"
"Sep 30, 2025, 16:20",WO-145477357203906128,SPAREPART,ec86c430-e74c-451d-8d93-6d47384acc17,Tire 90/90-12 H3 (KENDA) H3,"100,000",0,2,0,0,2,0,NOT_COVERED,APPLIED,GEN-F0500-001-N-MA,"1,741",WALK_IN_MAINTENANCE,Pondok Indah,Naufal Rabbani,B 4633 SWA,"2,256"
"Sep 30, 2025, 16:20",WO-145477357203906128,SPAREPART,c52ca52a-85ef-43ad-8637-a9a65142da16,Rear disc brake disc H3,"26,519",0,1,0,0,1,0,NOT_COVERED,APPLIED,GEN-F0190-001-R-NE,854,WALK_IN_MAINTENANCE,Pondok Indah,Naufal Rabbani,B 4633 SWA,"2,256"
"Sep 30, 2025, 16:20",WO-145477357203906128,SPAREPART,a8261683-77ce-4c3a-969e-8c7de608fd1b,Flasher H3,"7,912",0,1,0,0,1,0,NOT_COVERED,APPLIED,H3A-E50010-001-N-NE,874,WALK_IN_MAINTENANCE,Pondok Indah,Naufal Rabbani,B 4633 SWA,"2,256"
"Sep 30, 2025, 16:20",WO-145477357203906128,SPAREPART,1ac25aee-ff64-497d-a915-e4617a1892ae,Bearing Nachi 6201 H3,"13,967",0,2,0,0,2,0,NOT_COVERED,APPLIED,GEN-F0060-001-F-NE,"1,735",WALK_IN_MAINTENANCE,Pondok Indah,Naufal Rabbani,B 4633 SWA,"2,256"
"Sep 30, 2025, 16:11",WO-145480583361879632,SPAREPART,ec86c430-e74c-451d-8d93-6d47384acc17,Tire 90/90-12 H3 (KENDA) H3,"100,000","100,000",1,0,0,1,"100,000",NOT_COVERED,APPLIED,GEN-F0500-001-N-MA,"1,741",REGULAR,Pondok Indah,Bella Zahra,B 4516 SWA,"41,526"
"Sep 30, 2025, 16:11",WO-145480583361879632,SPAREPART,a8ecb0d4-1cf0-465a-99cc-7f4d7ead94aa,Side stand H3,"9,706","22,000",1,0,0,1,"22,000",NOT_COVERED,APPLIED,H3A-A0080-001-N-BL,831,REGULAR,Pondok Indah,Bella Zahra,B 4516 SWA,"41,526"
"Sep 30, 2025, 16:10",WO-145477649899215380,SPAREPART,87eede8f-1064-4c4e-912d-9319aa96d5b0,Brake Pad H3 FR / RR H3,"26,000",0,1,0,0,1,0,NOT_COVERED,APPLIED,GEN-F0130-001-N-NE,"1,075",REGULAR,Pondok Indah,Service Advisor PI,B 4230 SWA,"12,303"
"Sep 30, 2025, 16:08",WO-145484916665114192,SPAREPART,87eede8f-1064-4c4e-912d-9319aa96d5b0,Brake Pad H3 FR / RR H3,"26,000",0,2,0,0,2,0,NOT_COVERED,APPLIED,GEN-F0130-001-N-NE,"1,075",REGULAR,Pondok Indah,Eka Pitaloka,B 4218 SVT,"59,876"
"Sep 30, 2025, 16:02",WO-145485077776719440,SPAREPART,64cde6f9-4cf9-4026-88c7-51d71c6d8351,Capricorn five switches (Headlight always on) H5,"24,173",0,1,0,0,1,0,NOT_COVERED,APPLIED,H5A-E60170-001-N-NE,951,STORING,Pondok Indah,Eka Pitaloka,B 4110 SVO,"32,334"
"Sep 30, 2025, 15:59",WO-145473156692336208,SPAREPART,87eede8f-1064-4c4e-912d-9319aa96d5b0,Brake Pad H3 FR / RR H3,"26,000",0,1,0,0,1,0,NOT_COVERED,APPLIED,GEN-F0130-001-N-NE,"1,075",REGULAR,Pondok Indah,Service Advisor PI,B 3956 PWF,"47,653"
"Sep 30, 2025, 15:58",WO-145485979619187220,SPAREPART,87eede8f-1064-4c4e-912d-9319aa96d5b0,Brake Pad H3 FR / RR H3,"26,000",0,2,0,0,2,0,NOT_COVERED,APPLIED,GEN-F0130-001-N-NE,"1,075",REGULAR,Depok,Aji Fadilah,B 4734 SWC,"8,440"
"Sep 30, 2025, 15:58",WO-145482187431500308,SPAREPART,0e63dd11-3dfb-40f2-9820-7fc9cc0b12bc,Front fork bearings H3,"42,021","100,000",1,0,0,1,"100,000",NOT_COVERED,APPLIED,GEN-F0100-001-F-NE,849,WALK_IN_MAINTENANCE,Bekasi,Service Advisor Bekasi,B 4462 SVP,"434,206"
"Sep 30, 2025, 15:57",WO-145486224918863440,SPAREPART,79e0bbc0-0b87-4142-8e3f-0b3ccdc86641,Brake Pad Kit H5 -2-01 (Canvas Rem) H5,"28,500",0,1,0,0,1,0,NOT_COVERED,APPLIED,GEN-F1140-001-R-NE,"1,759",REGULAR,Depok,Aji Fadilah,B 4650 SVN,"66,361"
"Sep 30, 2025, 15:57",WO-145486224918863440,SPAREPART,fa116921-3f09-44e1-b709-86b1780d9253,Brake Pad Kit H5 -1-01 (Canvas Rem) H5,"39,500",0,1,0,0,1,0,NOT_COVERED,APPLIED,GEN-F1130-001-F-NE,"1,758",REGULAR,Depok,Aji Fadilah,B 4650 SVN,"66,361"
"Sep 30, 2025, 15:53",WO-145485910161514064,SPAREPART,d975b260-ec60-4b49-a22f-5224711e5e53,Mirror (Low rod) H5,0,0,1,0,0,1,0,NOT_COVERED,APPLIED,GEN-A0200-001-R-NE,986,INTERNAL_SERVICE,Bekasi,Affani,B 4164 SVO,"44,515"
"Sep 30, 2025, 15:53",WO-145479606424591952,SPAREPART,87eede8f-1064-4c4e-912d-9319aa96d5b0,Brake Pad H3 FR / RR H3,"26,000","26,000",1,0,0,1,"26,000",NOT_COVERED,APPLIED,GEN-F0130-001-N-NE,"1,075",INTERNAL_SERVICE,Pondok Indah,muhammad faisal azri,B 4240 SVP,"48,846"
"Sep 30, 2025, 15:53",WO-145479606424591952,SPAREPART,1ac25aee-ff64-497d-a915-e4617a1892ae,Bearing Nachi 6201 H3,"13,967","13,967",2,0,0,2,"27,934",NOT_COVERED,APPLIED,GEN-F0060-001-F-NE,"1,735",INTERNAL_SERVICE,Pondok Indah,muhammad faisal azri,B 4240 SVP,"48,846"
"Sep 30, 2025, 15:52",WO-145477833056083536,SPAREPART,849a10fd-aa14-4894-927f-c8045f2bc1f9,Front disc brake assembly without logo H3,"100,000",0,1,0,0,1,0,NOT_COVERED,APPLIED,H3A-F0120-001-F-NE,850,WALK_IN_MAINTENANCE,Pondok Indah,Service Advisor PI,B 4159 SWA,"16,704"
"Sep 30, 2025, 15:52",WO-145477833056083536,SPAREPART,87eede8f-1064-4c4e-912d-9319aa96d5b0,Brake Pad H3 FR / RR H3,"26,000",0,2,0,0,2,0,NOT_COVERED,APPLIED,GEN-F0130-001-N-NE,"1,075",WALK_IN_MAINTENANCE,Pondok Indah,Service Advisor PI,B 4159 SWA,"16,704"
"Sep 30, 2025, 15:51",WO-145485792989437520,SPAREPART,d975b260-ec60-4b49-a22f-5224711e5e53,Mirror (Low rod) H5,0,0,1,0,0,1,0,NOT_COVERED,APPLIED,GEN-A0200-001-R-NE,986,INTERNAL_SERVICE,Bekasi,Affani,B 5057 SVL,"36,391"
"Sep 30, 2025, 15:45",WO-145476970421968464,SPAREPART,d09f6b27-05e3-429e-8d59-5978689af06f,USB charging port H3,"12,627",0,1,0,0,1,0,NOT_COVERED,APPLIED,H3A-E40010-001-N-NE,871,REGULAR,Pondok Indah,Service Advisor PI,B 4585 SVV,"47,059"
"Sep 30, 2025, 15:40",WO-145469719225327184,SPAREPART,999f14b8-db39-41e5-a31a-b5e0b7e8d909,Tires (far star) H5,"100,000",0,1,0,0,1,0,NOT_COVERED,APPLIED,GEN-F1090-001-N-NE,982,REGULAR,Pondok Indah,Eka Pitaloka,B 5533 SVL,"76,452"
"Sep 30, 2025, 15:40",WO-145469719225327184,SPAREPART,fa116921-3f09-44e1-b709-86b1780d9253,Brake Pad Kit H5 -1-01 (Canvas Rem) H5,"39,500",0,1,0,0,1,0,NOT_COVERED,APPLIED,GEN-F1130-001-F-NE,"1,758",REGULAR,Pondok Indah,Eka Pitaloka,B 5533 SVL,"76,452"
"Sep 30, 2025, 15:40",WO-145469719225327184,SPAREPART,79e0bbc0-0b87-4142-8e3f-0b3ccdc86641,Brake Pad Kit H5 -2-01 (Canvas Rem) H5,"28,500",0,1,0,0,1,0,NOT_COVERED,APPLIED,GEN-F1140-001-R-NE,"1,759",REGULAR,Pondok Indah,Eka Pitaloka,B 5533 SVL,"76,452"
"Sep 30, 2025, 15:39",WO-145483215421856276,SPAREPART,87eede8f-1064-4c4e-912d-9319aa96d5b0,Brake Pad H3 FR / RR H3,"26,000",0,2,0,0,2,0,NOT_COVERED,APPLIED,GEN-F0130-001-N-NE,"1,075",WALK_IN_MAINTENANCE,Pondok Indah,Service Advisor PI,B 4489 SVT,"32,500"
"Sep 30, 2025, 15:38",WO-145471126212992592,SPAREPART,87eede8f-1064-4c4e-912d-9319aa96d5b0,Brake Pad H3 FR / RR H3,"26,000",0,2,0,0,2,0,NOT_COVERED,APPLIED,GEN-F0130-001-N-NE,"1,075",REGULAR,Pondok Indah,Eka Pitaloka,B 4442 SVP,"63,843"
"Sep 30, 2025, 15:35",WO-145342423172667924,SPAREPART,87eede8f-1064-4c4e-912d-9319aa96d5b0,Brake Pad H3 FR / RR H3,"26,000",0,2,0,0,2,0,NOT_COVERED,APPLIED,GEN-F0130-001-N-NE,"1,075",WALK_IN_MAINTENANCE,Pondok Indah,Eka Pitaloka,B 4802 SVT,"28,988"
"Sep 30, 2025, 15:33",WO-144608889315285524,SPAREPART,ec86c430-e74c-451d-8d93-6d47384acc17,Tire 90/90-12 H3 (KENDA) H3,"100,000",0,1,0,0,1,0,NOT_COVERED,APPLIED,GEN-F0500-001-N-MA,"1,741",STORING,Pondok Indah,Naufal Rabbani,B 4308 SVT,"1,212"
"Sep 30, 2025, 15:22",WO-145482146998409748,SPAREPART,7aa8d3dc-ff34-4db8-a769-0c1f747b124e,Air tape PVR 70 (10 mm) H5,"3,500","24,000",1,0,0,1,"24,000",NOT_COVERED,APPLIED,GEN-F0430-001-N-NE,"1,755",REGULAR,Pondok Indah,Bella Zahra,B 4208 SVP,"89,980"
"Sep 30, 2025, 15:21",WO-145333555206052372,SPAREPART,ec86c430-e74c-451d-8d93-6d47384acc17,Tire 90/90-12 H3 (KENDA) H3,"100,000",0,1,0,0,1,0,NOT_COVERED,APPLIED,GEN-F0500-001-N-MA,"1,741",STORING,Pondok Indah,Naufal Rabbani,B 4197 SVT,"48,493"
"Sep 30, 2025, 15:11",WO-145472134557228624,SPAREPART,87eede8f-1064-4c4e-912d-9319aa96d5b0,Brake Pad H3 FR / RR H3,"26,000",0,1,0,0,1,0,NOT_COVERED,APPLIED,GEN-F0130-001-N-NE,"1,075",WALK_IN_MAINTENANCE,Kembangan,Irawan,B 4693 SVR,"2,482"
"Sep 30, 2025, 14:56",WO-145461397524864592,SPAREPART,5075f880-8de8-488e-9bca-4db3d05c3583,Brake pad Front H1 - Fr H1,"26,000",0,1,0,0,1,0,NOT_COVERED,APPLIED,GEN-F1280-001-N-NE,"1,789",REGULAR,Pondok Indah,Bella Zahra,B 4833 SWD,"5,237"
"Sep 30, 2025, 14:56",WO-145461397524864592,SPAREPART,1ac25aee-ff64-497d-a915-e4617a1892ae,Bearing Nachi 6201 H3,"13,967","27,000",1,0,0,1,"27,000",NOT_COVERED,APPLIED,GEN-F0060-001-F-NE,"1,735",REGULAR,Pondok Indah,Bella Zahra,B 4833 SWD,"5,237"
"Sep 30, 2025, 14:54",WO-145470131441523220,SPAREPART,87eede8f-1064-4c4e-912d-9319aa96d5b0,Brake Pad H3 FR / RR H3,"26,000",0,2,0,0,2,0,NOT_COVERED,APPLIED,GEN-F0130-001-N-NE,"1,075",REGULAR,Pondok Indah,Eka Pitaloka,B 4639 SVP,"40,955"
"Sep 30, 2025, 14:54",WO-145470641586331216,SPAREPART,999f14b8-db39-41e5-a31a-b5e0b7e8d909,Tires (far star) H5,"100,000","100,000",1,0,0,1,"100,000",NOT_COVERED,APPLIED,GEN-F1090-001-N-NE,982,STORING,Pondok Indah,Bella Zahra,B 4141 SVO,"236,738"
"Sep 30, 2025, 14:54",WO-145470641586331216,SPAREPART,79e0bbc0-0b87-4142-8e3f-0b3ccdc86641,Brake Pad Kit H5 -2-01 (Canvas Rem) H5,"28,500",0,1,0,0,1,0,NOT_COVERED,APPLIED,GEN-F1140-001-R-NE,"1,759",STORING,Pondok Indah,Bella Zahra,B 4141 SVO,"236,738"
"Sep 30, 2025, 14:54",WO-145470641586331216,SPAREPART,fa116921-3f09-44e1-b709-86b1780d9253,Brake Pad Kit H5 -1-01 (Canvas Rem) H5,"39,500",0,1,0,0,1,0,NOT_COVERED,APPLIED,GEN-F1130-001-F-NE,"1,758",STORING,Pondok Indah,Bella Zahra,B 4141 SVO,"236,738"
"Sep 30, 2025, 14:54",WO-145478737801009684,SPAREPART,87eede8f-1064-4c4e-912d-9319aa96d5b0,Brake Pad H3 FR / RR H3,"26,000","26,000",2,0,0,2,"52,000",NOT_COVERED,APPLIED,GEN-F0130-001-N-NE,"1,075",INTERNAL_SERVICE,Pondok Indah,Gerald Raditya,B 4628 SVO,"53,310"
"Sep 30, 2025, 14:54",WO-145460938835778068,SPAREPART,3cb2a551-8898-476b-a8a5-0a016d76e96b,The rear disc brake assembly has no logo H3,"210,128","210,128",1,0,0,1,"210,128",NOT_COVERED,APPLIED,H3A-F0220-001-R-NE,851,REGULAR,Pondok Indah,Muhamad Chaerudin,B 4952 SWB,"10,326"
"Sep 30, 2025, 14:54",WO-145460938835778068,SPAREPART,87eede8f-1064-4c4e-912d-9319aa96d5b0,Brake Pad H3 FR / RR H3,"26,000","26,000",1,0,0,1,"26,000",NOT_COVERED,APPLIED,GEN-F0130-001-N-NE,"1,075",REGULAR,Pondok Indah,Muhamad Chaerudin,B 4952 SWB,"10,326"
"Sep 30, 2025, 14:47",WO-145470707520789012,SPAREPART,9ae448db-156e-4e8b-8980-6f520521c921,Speed control handle cable H3,"16,169","49,000",1,0,0,1,"49,000",NOT_COVERED,APPLIED,H3A-E70090-001-N-BL,857,STORING,Kembangan,Irawan,B 4590 SVR,"50,798"
"Sep 30, 2025, 14:41",WO-145478696008965712,SPAREPART,a8261683-77ce-4c3a-969e-8c7de608fd1b,Flasher H3,"7,912","13,000",1,0,0,1,"13,000",NOT_COVERED,APPLIED,H3A-E50010-001-N-NE,874,URGENT,Bekasi,Service Advisor Bekasi,B 4064 SVP,"47,784"
"Sep 30, 2025, 14:38",WO-145337600092167760,SPAREPART,ec86c430-e74c-451d-8d93-6d47384acc17,Tire 90/90-12 H3 (KENDA) H3,"100,000",0,1,0,0,1,0,NOT_COVERED,APPLIED,GEN-F0500-001-N-MA,"1,741",WALK_IN_MAINTENANCE,Pondok Indah,Naufal Rabbani,B 4203 SWA,"16,901"
"Sep 30, 2025, 14:38",WO-145337600092167760,SPAREPART,87eede8f-1064-4c4e-912d-9319aa96d5b0,Brake Pad H3 FR / RR H3,"26,000",0,2,0,0,2,0,NOT_COVERED,APPLIED,GEN-F0130-001-N-NE,"1,075",WALK_IN_MAINTENANCE,Pondok Indah,Naufal Rabbani,B 4203 SWA,"16,901"
"Sep 30, 2025, 14:37",WO-145458169957604944,SPAREPART,ec86c430-e74c-451d-8d93-6d47384acc17,Tire 90/90-12 H3 (KENDA) H3,"100,000","100,000",1,0,0,1,"100,000",NOT_COVERED,APPLIED,GEN-F0500-001-N-MA,"1,741",REGULAR,Pondok Indah,Bella Zahra,B 4205 SVT,"45,666"
"Sep 30, 2025, 14:37",WO-145458169957604944,SPAREPART,87eede8f-1064-4c4e-912d-9319aa96d5b0,Brake Pad H3 FR / RR H3,"26,000",0,2,0,0,2,0,NOT_COVERED,APPLIED,GEN-F0130-001-N-NE,"1,075",REGULAR,Pondok Indah,Bella Zahra,B 4205 SVT,"45,666"
"Sep 30, 2025, 14:33",WO-145476697439885844,SPAREPART,64cde6f9-4cf9-4026-88c7-51d71c6d8351,Capricorn five switches (Headlight always on) H5,"24,173","24,173",1,0,0,1,"24,173",NOT_COVERED,APPLIED,H5A-E60170-001-N-NE,951,INTERNAL_SERVICE,Pondok Indah,Noval Labid,B 4776 SVN,0
"Sep 30, 2025, 14:32",WO-145477739523103252,SPAREPART,87eede8f-1064-4c4e-912d-9319aa96d5b0,Brake Pad H3 FR / RR H3,"26,000",0,2,0,0,2,0,NEW_ONBOARDING,APPLIED,GEN-F0130-001-N-NE,"1,075",URGENT,Kembangan,Rohmad Khoirul Mu'Izz,B 4385 SWE,"72,304"
"Sep 30, 2025, 14:31",WO-145369230647253524,SPAREPART,ec86c430-e74c-451d-8d93-6d47384acc17,Tire 90/90-12 H3 (KENDA) H3,"100,000","100,000",1,0,0,1,"100,000",NOT_COVERED,APPLIED,GEN-F0500-001-N-MA,"1,741",INTERNAL_SERVICE,Pondok Indah,Gerald Raditya,B 4584 SVP,856
"Sep 30, 2025, 14:31",WO-145369230647253524,SPAREPART,0e63dd11-3dfb-40f2-9820-7fc9cc0b12bc,Front fork bearings H3,"42,021","42,021",1,0,0,1,"42,021",NOT_COVERED,APPLIED,GEN-F0100-001-F-NE,849,INTERNAL_SERVICE,Pondok Indah,Gerald Raditya,B 4584 SVP,856
"Sep 30, 2025, 14:31",WO-145369230647253524,SPAREPART,87eede8f-1064-4c4e-912d-9319aa96d5b0,Brake Pad H3 FR / RR H3,"26,000","26,000",2,0,0,2,"52,000",NOT_COVERED,APPLIED,GEN-F0130-001-N-NE,"1,075",INTERNAL_SERVICE,Pondok Indah,Gerald Raditya,B 4584 SVP,856
"Sep 30, 2025, 14:31",WO-145476697439885844,SPAREPART,fa116921-3f09-44e1-b709-86b1780d9253,Brake Pad Kit H5 -1-01 (Canvas Rem) H5,"39,500","39,500",1,0,0,1,"39,500",NOT_COVERED,APPLIED,GEN-F1130-001-F-NE,"1,758",INTERNAL_SERVICE,Pondok Indah,Noval Labid,B 4776 SVN,0
"Sep 30, 2025, 14:31",WO-145476697439885844,SPAREPART,e76e0887-eb65-4869-a942-c097675574c7,MAN seat cushion front H5,"100,000","100,000",1,0,0,1,"100,000",NOT_COVERED,APPLIED,H5A-B0950-001-N-MA,984,INTERNAL_SERVICE,Pondok Indah,Noval Labid,B 4776 SVN,0
"Sep 30, 2025, 14:31",WO-145476697439885844,SPAREPART,ef497358-de41-434c-9d32-8aeb8e165def,Full set of steel bowls H5,"57,454","57,454",1,0,0,1,"57,454",NOT_COVERED,APPLIED,GEN-F0840-001-F-NE,981,INTERNAL_SERVICE,Pondok Indah,Noval Labid,B 4776 SVN,0
"Sep 30, 2025, 14:31",WO-145476697439885844,SPAREPART,79e0bbc0-0b87-4142-8e3f-0b3ccdc86641,Brake Pad Kit H5 -2-01 (Canvas Rem) H5,"28,500","28,500",1,0,0,1,"28,500",NOT_COVERED,APPLIED,GEN-F1140-001-R-NE,"1,759",INTERNAL_SERVICE,Pondok Indah,Noval Labid,B 4776 SVN,0
"Sep 30, 2025, 14:28",WO-145459362213681684,SPAREPART,a1e28b04-f677-4714-8188-f032b8a4eb05,Bearing Nachi 6205 H5,"20,068","20,068",1,0,0,1,"20,068",NOT_COVERED,APPLIED,GEN-F0250-002-N-NE,"1,756",INTERNAL_SERVICE,Pondok Indah,Adit Tia Saputra,B 4638 SVP,"54,733"
"Sep 30, 2025, 14:28",WO-145459362213681684,SPAREPART,1ac25aee-ff64-497d-a915-e4617a1892ae,Bearing Nachi 6201 H3,"13,967","13,967",1,0,0,1,"13,967",NOT_COVERED,APPLIED,GEN-F0060-001-F-NE,"1,735",INTERNAL_SERVICE,Pondok Indah,Adit Tia Saputra,B 4638 SVP,"54,733"
"Sep 30, 2025, 14:28",WO-145459362213681684,SPAREPART,5123303c-4006-4550-babc-615aa591fd41,Bearing Nachi 6204 H3,"24,000","24,000",1,0,0,1,"24,000",NOT_COVERED,APPLIED,GEN-F0240-001-N-NE,"1,736",INTERNAL_SERVICE,Pondok Indah,Adit Tia Saputra,B 4638 SVP,"54,733"
"Sep 30, 2025, 14:20",WO-145374092231466576,SPAREPART,87eede8f-1064-4c4e-912d-9319aa96d5b0,Brake Pad H3 FR / RR H3,"26,000","26,000",2,0,0,2,"52,000",NOT_COVERED,APPLIED,GEN-F0130-001-N-NE,"1,075",INTERNAL_SERVICE,Pondok Indah,muhammad faisal azri,B 4791 SVP,"42,527"
"Sep 30, 2025, 14:20",WO-145476562232302100,SPAREPART,87eede8f-1064-4c4e-912d-9319aa96d5b0,Brake Pad H3 FR / RR H3,"26,000",0,1,0,0,1,0,NOT_COVERED,APPLIED,GEN-F0130-001-N-NE,"1,075",URGENT,Bekasi,Service Advisor Bekasi,B 4443 SVR,"475,803"
"Sep 30, 2025, 14:20",WO-145455962864508496,SPAREPART,87eede8f-1064-4c4e-912d-9319aa96d5b0,Brake Pad H3 FR / RR H3,"26,000",0,1,0,0,1,0,NOT_COVERED,APPLIED,GEN-F0130-001-N-NE,"1,075",REGULAR,Pondok Indah,Eka Pitaloka,B 4508 SWA,"17,577"
"Sep 30, 2025, 14:19",WO-145457302055444048,SPAREPART,ec86c430-e74c-451d-8d93-6d47384acc17,Tire 90/90-12 H3 (KENDA) H3,"100,000","100,000",1,0,0,1,"100,000",NOT_COVERED,APPLIED,GEN-F0500-001-N-MA,"1,741",REGULAR,Pondok Indah,Bella Zahra,B 4524 SWA,"19,801"
"Sep 30, 2025, 14:19",WO-145457302055444048,SPAREPART,87eede8f-1064-4c4e-912d-9319aa96d5b0,Brake Pad H3 FR / RR H3,"26,000",0,2,0,0,2,0,NOT_COVERED,APPLIED,GEN-F0130-001-N-NE,"1,075",REGULAR,Pondok Indah,Bella Zahra,B 4524 SWA,"19,801"
"Sep 30, 2025, 14:19",WO-145476414626355732,SPAREPART,87eede8f-1064-4c4e-912d-9319aa96d5b0,Brake Pad H3 FR / RR H3,"26,000",0,2,0,0,2,0,NOT_COVERED,APPLIED,GEN-F0130-001-N-NE,"1,075",REGULAR,Depok,Aji Fadilah,B 4561 SWA,"13,235"
"Sep 30, 2025, 14:14",WO-145475382122928660,SPAREPART,c52ca52a-85ef-43ad-8637-a9a65142da16,Rear disc brake disc H3,"26,519","26,519",1,0,0,1,"26,519",NOT_COVERED,APPLIED,GEN-F0190-001-R-NE,854,INTERNAL_SERVICE,Pondok Indah,Agustian Kelana,B 4698 SVT,0
"Sep 30, 2025, 14:14",WO-145475382122928660,SPAREPART,87eede8f-1064-4c4e-912d-9319aa96d5b0,Brake Pad H3 FR / RR H3,"26,000","26,000",1,0,0,1,"26,000",NOT_COVERED,APPLIED,GEN-F0130-001-N-NE,"1,075",INTERNAL_SERVICE,Pondok Indah,Agustian Kelana,B 4698 SVT,0
"Sep 30, 2025, 14:13",WO-145475808398432788,SPAREPART,87eede8f-1064-4c4e-912d-9319aa96d5b0,Brake Pad H3 FR / RR H3,"26,000",0,1,0,0,1,0,NOT_COVERED,APPLIED,GEN-F0130-001-N-NE,"1,075",REGULAR,Bekasi,Service Advisor Bekasi,B 4049 SWB,"177,600"
"Sep 30, 2025, 14:07",WO-145457721234184724,SPAREPART,87eede8f-1064-4c4e-912d-9319aa96d5b0,Brake Pad H3 FR / RR H3,"26,000",0,2,0,0,2,0,NOT_COVERED,APPLIED,GEN-F0130-001-N-NE,"1,075",REGULAR,Pondok Indah,Eka Pitaloka,B 4478 SVR,"59,781"
"Sep 30, 2025, 14:06",WO-145368498439216720,SPAREPART,24f4995a-befd-4ad6-a490-c6318261742f,Cover Plat Nomer H3,"18,500",0,1,0,0,1,0,NOT_COVERED,APPLIED,GEN-A0140-001-N-MA,"1,738",REPO_MAINTENANCE,Pondok Indah,Naufal Rabbani,B 4648 SVT,"53,825"
"Sep 30, 2025, 14:06",WO-145368498439216720,SPAREPART,87eede8f-1064-4c4e-912d-9319aa96d5b0,Brake Pad H3 FR / RR H3,"26,000",0,1,0,0,1,0,NOT_COVERED,APPLIED,GEN-F0130-001-N-NE,"1,075",REPO_MAINTENANCE,Pondok Indah,Naufal Rabbani,B 4648 SVT,"53,825"
"Sep 30, 2025, 14:06",WO-145474911488465428,SPAREPART,87eede8f-1064-4c4e-912d-9319aa96d5b0,Brake Pad H3 FR / RR H3,"26,000",0,2,0,0,2,0,NEW_ONBOARDING,APPLIED,GEN-F0130-001-N-NE,"1,075",REGULAR,Kembangan,Aldy Arifiandy,B 3670 PWG,"18,755"
"Sep 30, 2025, 14:06",WO-145474911488465428,SPAREPART,ec86c430-e74c-451d-8d93-6d47384acc17,Tire 90/90-12 H3 (KENDA) H3,"135,796",0,2,0,0,2,0,NEW_ONBOARDING,APPLIED,GEN-F0500-001-N-MA,"1,741",REGULAR,Kembangan,Aldy Arifiandy,B 3670 PWG,"18,755"
"Sep 30, 2025, 14:05",WO-145373029663267348,SPAREPART,c52ca52a-85ef-43ad-8637-a9a65142da16,Rear disc brake disc H3,"26,519","26,519",1,0,0,1,"26,519",NOT_COVERED,APPLIED,GEN-F0190-001-R-NE,854,INTERNAL_SERVICE,Pondok Indah,Rizky Maulana,B 4613 SVO,"49,897"
"Sep 30, 2025, 14:05",WO-145373029663267348,SPAREPART,87eede8f-1064-4c4e-912d-9319aa96d5b0,Brake Pad H3 FR / RR H3,"26,000","26,000",2,0,0,2,"52,000",NOT_COVERED,APPLIED,GEN-F0130-001-N-NE,"1,075",INTERNAL_SERVICE,Pondok Indah,Rizky Maulana,B 4613 SVO,"49,897"
"Sep 30, 2025, 14:05",WO-145373029663267348,SPAREPART,1ac25aee-ff64-497d-a915-e4617a1892ae,Bearing Nachi 6201 H3,"13,967","13,967",2,0,0,2,"27,934",NOT_COVERED,APPLIED,GEN-F0060-001-F-NE,"1,735",INTERNAL_SERVICE,Pondok Indah,Rizky Maulana,B 4613 SVO,"49,897"
"Sep 30, 2025, 14:05",WO-145373029663267348,SPAREPART,6f887a0a-e2ae-4556-afe9-b554bb26559f,Headlight H3,"100,000","100,000",1,0,0,1,"100,000",NOT_COVERED,APPLIED,H3A-E60030-001-N-NE,821,INTERNAL_SERVICE,Pondok Indah,Rizky Maulana,B 4613 SVO,"49,897"
"Sep 30, 2025, 14:01",WO-145456899184156240,SPAREPART,87eede8f-1064-4c4e-912d-9319aa96d5b0,Brake Pad H3 FR / RR H3,"26,000",0,2,0,0,2,0,NOT_COVERED,APPLIED,GEN-F0130-001-N-NE,"1,075",REGULAR,Pondok Indah,Eka Pitaloka,B 4119 SWB,"18,072"
"Sep 30, 2025, 13:59",WO-145458940954565140,SPAREPART,c52ca52a-85ef-43ad-8637-a9a65142da16,Rear disc brake disc H3,"26,519","80,000",1,0,0,1,"80,000",NOT_COVERED,APPLIED,GEN-F0190-001-R-NE,854,STORING,Pondok Indah,Bella Zahra,B 4237 SVP,"35,678"
"Sep 30, 2025, 13:54",WO-145473762903481936,SPAREPART,79e0bbc0-0b87-4142-8e3f-0b3ccdc86641,Brake Pad Kit H5 -2-01 (Canvas Rem) H5,"28,500",0,1,0,0,1,0,NEW_ONBOARDING,APPLIED,GEN-F1140-001-R-NE,"1,759",REGULAR,Kembangan,Rohmad Khoirul Mu'Izz,B 4193 SVO,"46,145"
"Sep 30, 2025, 13:54",WO-145473762903481936,SPAREPART,fa116921-3f09-44e1-b709-86b1780d9253,Brake Pad Kit H5 -1-01 (Canvas Rem) H5,"39,500",0,1,0,0,1,0,NEW_ONBOARDING,APPLIED,GEN-F1130-001-F-NE,"1,758",REGULAR,Kembangan,Rohmad Khoirul Mu'Izz,B 4193 SVO,"46,145"
"Sep 30, 2025, 13:48",WO-145454839982217748,SPAREPART,87eede8f-1064-4c4e-912d-9319aa96d5b0,Brake Pad H3 FR / RR H3,"26,000","26,000",1,0,0,1,"26,000",NOT_COVERED,APPLIED,GEN-F0130-001-N-NE,"1,075",REGULAR,Pondok Indah,Muhamad Chaerudin,B 4026 SVT,"46,467"
"Sep 30, 2025, 13:46",WO-145458940954565140,SPAREPART,87eede8f-1064-4c4e-912d-9319aa96d5b0,Brake Pad H3 FR / RR H3,"26,000",0,1,0,0,1,0,NOT_COVERED,APPLIED,GEN-F0130-001-N-NE,"1,075",STORING,Pondok Indah,Bella Zahra,B 4237 SVP,"35,678"
"Sep 30, 2025, 13:42",WO-145451414041157200,SPAREPART,87eede8f-1064-4c4e-912d-9319aa96d5b0,Brake Pad H3 FR / RR H3,"26,000",0,2,0,0,2,0,NOT_COVERED,APPLIED,GEN-F0130-001-N-NE,"1,075",WALK_IN_MAINTENANCE,Bekasi,Service Advisor Bekasi,B 4760 SVP,"437,057"
"Sep 30, 2025, 13:42",WO-145451414041157200,SPAREPART,0e63dd11-3dfb-40f2-9820-7fc9cc0b12bc,Front fork bearings H3,"42,021","100,000",1,0,0,1,"100,000",NOT_COVERED,APPLIED,GEN-F0100-001-F-NE,849,WALK_IN_MAINTENANCE,Bekasi,Service Advisor Bekasi,B 4760 SVP,"437,057"
"Sep 30, 2025, 13:40",WO-145472322160057936,SPAREPART,87eede8f-1064-4c4e-912d-9319aa96d5b0,Brake Pad H3 FR / RR H3,"26,000",0,2,0,0,2,0,NEW_ONBOARDING,APPLIED,GEN-F0130-001-N-NE,"1,075",REGULAR,Kembangan,Rohmad Khoirul Mu'Izz,B 3645 PWG,"27,429"
"Sep 30, 2025, 13:40",WO-145472322160057936,SPAREPART,a8261683-77ce-4c3a-969e-8c7de608fd1b,Flasher H3,"7,912",0,1,0,0,1,0,NEW_ONBOARDING,APPLIED,H3A-E50010-001-N-NE,874,REGULAR,Kembangan,Rohmad Khoirul Mu'Izz,B 3645 PWG,"27,429"
"Sep 30, 2025, 13:40",WO-145472322160057936,SPAREPART,ec86c430-e74c-451d-8d93-6d47384acc17,Tire 90/90-12 H3 (KENDA) H3,"135,796",0,1,0,0,1,0,NEW_ONBOARDING,APPLIED,GEN-F0500-001-N-MA,"1,741",REGULAR,Kembangan,Rohmad Khoirul Mu'Izz,B 3645 PWG,"27,429"
"Sep 30, 2025, 13:40",WO-145472322160057936,SPAREPART,0e63dd11-3dfb-40f2-9820-7fc9cc0b12bc,Front fork bearings H3,"42,021",0,1,0,0,1,0,NEW_ONBOARDING,APPLIED,GEN-F0100-001-F-NE,849,REGULAR,Kembangan,Rohmad Khoirul Mu'Izz,B 3645 PWG,"27,429"
"Sep 30, 2025, 13:38",WO-145455359807479376,SPAREPART,d09f6b27-05e3-429e-8d59-5978689af06f,USB charging port H3,"12,627","12,627",1,0,0,1,"12,627",NOT_COVERED,APPLIED,H3A-E40010-001-N-NE,871,REGULAR,Pondok Indah,Dani Setiawan,B 4741 SWC,"15,605"
"Sep 30, 2025, 13:34",WO-145471873973508628,SPAREPART,ec86c430-e74c-451d-8d93-6d47384acc17,Tire 90/90-12 H3 (KENDA) H3,"100,000",0,1,0,0,1,0,NEW_ONBOARDING,APPLIED,GEN-F0500-001-N-MA,"1,741",REGULAR,Kembangan,Irawan,B 4278 SWA,"20,262"
"Sep 30, 2025, 13:34",WO-145471873973508628,SPAREPART,87eede8f-1064-4c4e-912d-9319aa96d5b0,Brake Pad H3 FR / RR H3,"26,000",0,2,0,0,2,0,NEW_ONBOARDING,APPLIED,GEN-F0130-001-N-NE,"1,075",REGULAR,Kembangan,Irawan,B 4278 SWA,"20,262"
"Sep 30, 2025, 13:31",WO-145453325200940624,SPAREPART,87eede8f-1064-4c4e-912d-9319aa96d5b0,Brake Pad H3 FR / RR H3,"26,000","26,000",2,0,0,2,"52,000",NOT_COVERED,APPLIED,GEN-F0130-001-N-NE,"1,075",REGULAR,Pondok Indah,Dani Setiawan,B 4605 SVV,"33,551"
"Sep 30, 2025, 13:31",WO-145453325200940624,SPAREPART,ec86c430-e74c-451d-8d93-6d47384acc17,Tire 90/90-12 H3 (KENDA) H3,"135,796","135,796",2,0,0,2,"271,592",NOT_COVERED,APPLIED,GEN-F0500-001-N-MA,"1,741",REGULAR,Pondok Indah,Dani Setiawan,B 4605 SVV,"33,551"
"Sep 30, 2025, 13:29",WO-145449091990576720,SPAREPART,5123303c-4006-4550-babc-615aa591fd41,Bearing Nachi 6204 H3,"24,000","24,000",1,0,0,1,"24,000",NOT_COVERED,APPLIED,GEN-F0240-001-N-NE,"1,736",INTERNAL_SERVICE,Pondok Indah,Gerald Raditya,B 4803 SVP,"16,233"
"Sep 30, 2025, 13:29",WO-145449091990576720,SPAREPART,a1e28b04-f677-4714-8188-f032b8a4eb05,Bearing Nachi 6205 H5,"20,068","20,068",1,0,0,1,"20,068",NOT_COVERED,APPLIED,GEN-F0250-002-N-NE,"1,756",INTERNAL_SERVICE,Pondok Indah,Gerald Raditya,B 4803 SVP,"16,233"
"Sep 30, 2025, 13:28",WO-145448311044726352,SPAREPART,9ae448db-156e-4e8b-8980-6f520521c921,Speed control handle cable H3,"16,169","49,000",1,0,0,1,"49,000",NOT_COVERED,APPLIED,H3A-E70090-001-N-BL,857,STORING,Pondok Indah,Bella Zahra,B 4651 SVO,"356,784"
"Sep 30, 2025, 13:28",WO-145448311044726352,SPAREPART,87eede8f-1064-4c4e-912d-9319aa96d5b0,Brake Pad H3 FR / RR H3,"26,000",0,1,0,0,1,0,NOT_COVERED,APPLIED,GEN-F0130-001-N-NE,"1,075",STORING,Pondok Indah,Bella Zahra,B 4651 SVO,"356,784"
"Sep 30, 2025, 13:25",WO-145454839982217748,SPAREPART,ec86c430-e74c-451d-8d93-6d47384acc17,Tire 90/90-12 H3 (KENDA) H3,"100,000","100,000",1,0,0,1,"100,000",NOT_COVERED,APPLIED,GEN-F0500-001-N-MA,"1,741",REGULAR,Pondok Indah,Muhamad Chaerudin,B 4026 SVT,"46,467"
"Sep 30, 2025, 13:25",WO-145452632234810960,SPAREPART,1ac25aee-ff64-497d-a915-e4617a1892ae,Bearing Nachi 6201 H3,"13,967","13,967",1,0,0,1,"13,967",NOT_COVERED,APPLIED,GEN-F0060-001-F-NE,"1,735",REGULAR,Pondok Indah,Ahmad Agus Sudiro Parhusnan Marzuki,B 4685 SWB,"13,087"
"Sep 30, 2025, 13:25",WO-145452632234810960,SPAREPART,a1b6134f-48d0-424c-999a-3e6a8db27dea,Tire H1,0,0,1,0,0,1,0,NOT_COVERED,APPLIED,GEN-F0490-001-N-MA,"1,791",REGULAR,Pondok Indah,Ahmad Agus Sudiro Parhusnan Marzuki,B 4685 SWB,"13,087"
"Sep 30, 2025, 13:25",WO-145452632234810960,SPAREPART,5075f880-8de8-488e-9bca-4db3d05c3583,Brake pad Front H1 - Fr H1,"26,000","26,000",1,0,0,1,"26,000",NOT_COVERED,APPLIED,GEN-F1280-001-N-NE,"1,789",REGULAR,Pondok Indah,Ahmad Agus Sudiro Parhusnan Marzuki,B 4685 SWB,"13,087"
"Sep 30, 2025, 13:21",WO-145470592630414928,SPAREPART,87eede8f-1064-4c4e-912d-9319aa96d5b0,Brake Pad H3 FR / RR H3,"26,000",0,1,0,0,1,0,NOT_COVERED,APPLIED,GEN-F0130-001-N-NE,"1,075",REGULAR,Bekasi,Service Advisor Bekasi,B 4599 SWA,"113,601"
"Sep 30, 2025, 13:15",WO-145470031751305748,SPAREPART,87eede8f-1064-4c4e-912d-9319aa96d5b0,Brake Pad H3 FR / RR H3,"26,000",0,1,0,0,1,0,NOT_COVERED,APPLIED,GEN-F0130-001-N-NE,"1,075",REGULAR,Bekasi,Service Advisor Bekasi,B 4151 SWA,"139,957"
"Sep 30, 2025, 13:11",WO-145469607086415440,SPAREPART,87eede8f-1064-4c4e-912d-9319aa96d5b0,Brake Pad H3 FR / RR H3,"26,000",0,2,0,0,2,0,NEW_ONBOARDING,APPLIED,GEN-F0130-001-N-NE,"1,075",REGULAR,Kembangan,Muhammad Nawalis,B 4338 SWA,"28,347"
"Sep 30, 2025, 13:11",WO-145469607086415440,SPAREPART,1ac25aee-ff64-497d-a915-e4617a1892ae,Bearing Nachi 6201 H3,"13,967","13,500",2,0,0,2,"27,000",NOT_COVERED,APPLIED,GEN-F0060-001-F-NE,"1,735",REGULAR,Kembangan,Muhammad Nawalis,B 4338 SWA,"28,347"
"Sep 30, 2025, 13:07",WO-145469198158552656,SPAREPART,87eede8f-1064-4c4e-912d-9319aa96d5b0,Brake Pad H3 FR / RR H3,"26,000",0,2,0,0,2,0,NEW_ONBOARDING,APPLIED,GEN-F0130-001-N-NE,"1,075",REGULAR,Kembangan,Andi hidayat,B 4690 SVT,"41,395"
"Sep 30, 2025, 13:02",WO-145468577854544404,SPAREPART,d09f6b27-05e3-429e-8d59-5978689af06f,USB charging port H3,"12,627",0,1,0,0,1,0,NEW_ONBOARDING,APPLIED,H3A-E40010-001-N-NE,871,URGENT,Kembangan,Rohmad Khoirul Mu'Izz,B 3493 PWG,"20,407"
"Sep 30, 2025, 13:02",WO-145468577854544404,SPAREPART,87eede8f-1064-4c4e-912d-9319aa96d5b0,Brake Pad H3 FR / RR H3,"26,000",0,2,0,0,2,0,NEW_ONBOARDING,APPLIED,GEN-F0130-001-N-NE,"1,075",URGENT,Kembangan,Rohmad Khoirul Mu'Izz,B 3493 PWG,"20,407"
"Sep 30, 2025, 11:59",WO-145450740167499344,SPAREPART,87eede8f-1064-4c4e-912d-9319aa96d5b0,Brake Pad H3 FR / RR H3,"26,000",0,2,0,0,2,0,NOT_COVERED,APPLIED,GEN-F0130-001-N-NE,"1,075",STORING,Pondok Indah,Bella Zahra,B 5224 BWJ,"24,535"
"Sep 30, 2025, 11:59",WO-145450740167499344,SPAREPART,ec86c430-e74c-451d-8d93-6d47384acc17,Tire 90/90-12 H3 (KENDA) H3,"100,000","100,000",1,0,0,1,"100,000",NOT_COVERED,APPLIED,GEN-F0500-001-N-MA,"1,741",STORING,Pondok Indah,Bella Zahra,B 5224 BWJ,"24,535"
"Sep 30, 2025, 11:43",WO-145335130100096592,SPAREPART,ec86c430-e74c-451d-8d93-6d47384acc17,Tire 90/90-12 H3 (KENDA) H3,"100,000",0,1,0,0,1,0,NOT_COVERED,APPLIED,GEN-F0500-001-N-MA,"1,741",WALK_IN_MAINTENANCE,Pondok Indah,Eka Pitaloka,B 3670 PWE,"24,978"
"Sep 30, 2025, 11:43",WO-145335130100096592,SPAREPART,87eede8f-1064-4c4e-912d-9319aa96d5b0,Brake Pad H3 FR / RR H3,"26,000",0,2,0,0,2,0,NOT_COVERED,APPLIED,GEN-F0130-001-N-NE,"1,075",WALK_IN_MAINTENANCE,Pondok Indah,Eka Pitaloka,B 3670 PWE,"24,978"
"Sep 30, 2025, 11:43",WO-145459362213681684,SPAREPART,c52ca52a-85ef-43ad-8637-a9a65142da16,Rear disc brake disc H3,"26,519","26,519",1,0,0,1,"26,519",NOT_COVERED,APPLIED,GEN-F0190-001-R-NE,854,INTERNAL_SERVICE,Pondok Indah,Adit Tia Saputra,B 4638 SVP,"54,733"
"Sep 30, 2025, 11:43",WO-145459362213681684,SPAREPART,ec86c430-e74c-451d-8d93-6d47384acc17,Tire 90/90-12 H3 (KENDA) H3,"100,000","100,000",1,0,0,1,"100,000",NOT_COVERED,APPLIED,GEN-F0500-001-N-MA,"1,741",INTERNAL_SERVICE,Pondok Indah,Adit Tia Saputra,B 4638 SVP,"54,733"
"Sep 30, 2025, 11:43",WO-145459362213681684,SPAREPART,87eede8f-1064-4c4e-912d-9319aa96d5b0,Brake Pad H3 FR / RR H3,"26,000","26,000",2,0,0,2,"52,000",NOT_COVERED,APPLIED,GEN-F0130-001-N-NE,"1,075",INTERNAL_SERVICE,Pondok Indah,Adit Tia Saputra,B 4638 SVP,"54,733"
"Sep 30, 2025, 11:43",WO-145459362213681684,SPAREPART,9b1e64e1-1f60-4503-9d4f-c6a6893deac0,Electric motor H3,"100,000","100,000",1,0,0,1,"100,000",NOT_COVERED,APPLIED,H3A-E20010-001-N-MA,876,INTERNAL_SERVICE,Pondok Indah,Adit Tia Saputra,B 4638 SVP,"54,733"
"Sep 30, 2025, 11:42",WO-145460567253999184,SPAREPART,87eede8f-1064-4c4e-912d-9319aa96d5b0,Brake Pad H3 FR / RR H3,"26,000","26,000",2,0,0,2,"52,000",NOT_COVERED,APPLIED,GEN-F0130-001-N-NE,"1,075",REGULAR,Bekasi,Service Advisor Bekasi,B 4319 SVV,"270,991"
"Sep 30, 2025, 11:42",WO-145460567253999184,SPAREPART,d09f6b27-05e3-429e-8d59-5978689af06f,USB charging port H3,"12,627","39,000",1,0,0,1,"39,000",NOT_COVERED,APPLIED,H3A-E40010-001-N-NE,871,REGULAR,Bekasi,Service Advisor Bekasi,B 4319 SVV,"270,991"
"Sep 30, 2025, 11:38",WO-145163414455475792,SPAREPART,87eede8f-1064-4c4e-912d-9319aa96d5b0,Brake Pad H3 FR / RR H3,"26,000",0,2,0,0,2,0,NOT_COVERED,APPLIED,GEN-F0130-001-N-NE,"1,075",STORING,Pondok Indah,Service Advisor PI,B 4711 SVT,"4,435"
"Sep 30, 2025, 11:35",WO-145369123507952148,SPAREPART,fa116921-3f09-44e1-b709-86b1780d9253,Brake Pad Kit H5 -1-01 (Canvas Rem) H5,"39,500","39,500",1,0,0,1,"39,500",NOT_COVERED,APPLIED,GEN-F1130-001-F-NE,"1,758",INTERNAL_SERVICE,Pondok Indah,muhammad faisal azri,B 5528 SVL,"2,806"
"Sep 30, 2025, 11:35",WO-145369123507952148,SPAREPART,79e0bbc0-0b87-4142-8e3f-0b3ccdc86641,Brake Pad Kit H5 -2-01 (Canvas Rem) H5,"28,500","28,500",1,0,0,1,"28,500",NOT_COVERED,APPLIED,GEN-F1140-001-R-NE,"1,759",INTERNAL_SERVICE,Pondok Indah,muhammad faisal azri,B 5528 SVL,"2,806"
"Sep 30, 2025, 11:35",WO-145453937653210704,SPAREPART,6f887a0a-e2ae-4556-afe9-b554bb26559f,Headlight H3,"100,000",0,1,0,0,1,0,NOT_COVERED,APPLIED,H3A-E60030-001-N-NE,821,WALK_IN_MAINTENANCE,Pondok Indah,Naufal Rabbani,B 4425 SVR,"50,536"
"Sep 30, 2025, 11:35",WO-145453937653210704,SPAREPART,c52ca52a-85ef-43ad-8637-a9a65142da16,Rear disc brake disc H3,"26,519",0,2,0,0,2,0,NOT_COVERED,APPLIED,GEN-F0190-001-R-NE,854,WALK_IN_MAINTENANCE,Pondok Indah,Naufal Rabbani,B 4425 SVR,"50,536"
"Sep 30, 2025, 11:35",WO-145453937653210704,SPAREPART,24f4995a-befd-4ad6-a490-c6318261742f,Cover Plat Nomer H3,"18,500",0,1,0,0,1,0,NOT_COVERED,APPLIED,GEN-A0140-001-N-MA,"1,738",WALK_IN_MAINTENANCE,Pondok Indah,Naufal Rabbani,B 4425 SVR,"50,536"
"Sep 30, 2025, 11:35",WO-145453937653210704,SPAREPART,87eede8f-1064-4c4e-912d-9319aa96d5b0,Brake Pad H3 FR / RR H3,"26,000",0,1,0,0,1,0,NOT_COVERED,APPLIED,GEN-F0130-001-N-NE,"1,075",WALK_IN_MAINTENANCE,Pondok Indah,Naufal Rabbani,B 4425 SVR,"50,536"
"Sep 30, 2025, 11:33",WO-145459799797030480,SPAREPART,87eede8f-1064-4c4e-912d-9319aa96d5b0,Brake Pad H3 FR / RR H3,"26,000","26,000",1,0,0,1,"26,000",NOT_COVERED,APPLIED,GEN-F0130-001-N-NE,"1,075",REGULAR,Bekasi,Affani,B 4726 SWC,"12,817"
"Sep 30, 2025, 11:32",WO-145337275738249748,SPAREPART,dbc1af42-1704-4c42-88fb-f7957029d654,Single support B model H1,"24,426",0,1,0,0,1,0,NOT_COVERED,APPLIED,H1A-F1960-001-N-NE,"1,004",STORING,Pondok Indah,Eka Pitaloka,B 4915 SWD,"256,677"
"Sep 30, 2025, 11:22",WO-145452099574979092,SPAREPART,5075f880-8de8-488e-9bca-4db3d05c3583,Brake pad Front H1 - Fr H1,"26,000",0,2,0,0,2,0,NOT_COVERED,APPLIED,GEN-F1280-001-N-NE,"1,789",REGULAR,Pondok Indah,Eka Pitaloka,B 4541 SWA,"12,233"
"Sep 30, 2025, 11:20",WO-145458435238943252,SPAREPART,87eede8f-1064-4c4e-912d-9319aa96d5b0,Brake Pad H3 FR / RR H3,"26,000",0,1,0,0,1,0,NOT_COVERED,APPLIED,GEN-F0130-001-N-NE,"1,075",REGULAR,Depok,Aji Fadilah,B 4309 SVT,"467,093"
"Sep 30, 2025, 11:12",WO-145449015134150224,SPAREPART,87eede8f-1064-4c4e-912d-9319aa96d5b0,Brake Pad H3 FR / RR H3,"26,000","26,000",2,0,0,2,"52,000",NOT_COVERED,APPLIED,GEN-F0130-001-N-NE,"1,075",REGULAR,Pondok Indah,Muhamad Chaerudin,B 4935 SWB,"14,530"
"Sep 30, 2025, 11:06",WO-145449662483029584,SPAREPART,87eede8f-1064-4c4e-912d-9319aa96d5b0,Brake Pad H3 FR / RR H3,"26,000",0,2,0,0,2,0,NOT_COVERED,APPLIED,GEN-F0130-001-N-NE,"1,075",REGULAR,Pondok Indah,Eka Pitaloka,B 4476 SVT,"72,797"
"Sep 30, 2025, 11:06",WO-145343613633583636,SPAREPART,c52ca52a-85ef-43ad-8637-a9a65142da16,Rear disc brake disc H3,"26,519",0,1,0,0,1,0,NOT_COVERED,APPLIED,GEN-F0190-001-R-NE,854,WALK_IN_MAINTENANCE,Pondok Indah,Naufal Rabbani,B 4833 SVT,"32,181"
"Sep 30, 2025, 11:06",WO-145343613633583636,SPAREPART,ec86c430-e74c-451d-8d93-6d47384acc17,Tire 90/90-12 H3 (KENDA) H3,"100,000",0,1,0,0,1,0,NOT_COVERED,APPLIED,GEN-F0500-001-N-MA,"1,741",WALK_IN_MAINTENANCE,Pondok Indah,Naufal Rabbani,B 4833 SVT,"32,181"
"Sep 30, 2025, 11:06",WO-145343613633583636,SPAREPART,87eede8f-1064-4c4e-912d-9319aa96d5b0,Brake Pad H3 FR / RR H3,"26,000",0,2,0,0,2,0,NOT_COVERED,APPLIED,GEN-F0130-001-N-NE,"1,075",WALK_IN_MAINTENANCE,Pondok Indah,Naufal Rabbani,B 4833 SVT,"32,181"
"Sep 30, 2025, 11:02",WO-145450127631343184,SPAREPART,5075f880-8de8-488e-9bca-4db3d05c3583,Brake pad Front H1 - Fr H1,"26,000",0,2,0,0,2,0,NOT_COVERED,APPLIED,GEN-F1280-001-N-NE,"1,789",REGULAR,Pondok Indah,Eka Pitaloka,B 4405 SVT,"54,540"
"Sep 30, 2025, 11:00",WO-145456435109584464,SPAREPART,d09f6b27-05e3-429e-8d59-5978689af06f,USB charging port H3,"12,627","39,000",1,0,0,1,"39,000",NOT_COVERED,APPLIED,H3A-E40010-001-N-NE,871,REGULAR,Bekasi,Service Advisor Bekasi,B 4443 SWA,"174,335"
"Sep 30, 2025, 11:00",WO-145456435109584464,SPAREPART,87eede8f-1064-4c4e-912d-9319aa96d5b0,Brake Pad H3 FR / RR H3,"26,000",0,2,0,0,2,0,NOT_COVERED,APPLIED,GEN-F0130-001-N-NE,"1,075",REGULAR,Bekasi,Service Advisor Bekasi,B 4443 SWA,"174,335"
"Sep 30, 2025, 10:55",WO-145455295986948628,SPAREPART,87eede8f-1064-4c4e-912d-9319aa96d5b0,Brake Pad H3 FR / RR H3,"26,000",0,1,0,0,1,0,NOT_COVERED,APPLIED,GEN-F0130-001-N-NE,"1,075",STORING,Pondok Indah,Eka Pitaloka,B 4330 SVT,"36,465"
"Sep 30, 2025, 10:55",WO-145455548769263184,SPAREPART,9ae448db-156e-4e8b-8980-6f520521c921,Speed control handle cable H3,"16,169","49,000",1,0,0,1,"49,000",NOT_COVERED,APPLIED,H3A-E70090-001-N-BL,857,REGULAR,Depok,Aji Fadilah,B 4386 SVR,"75,038"
"Sep 30, 2025, 10:55",WO-145455548769263184,SPAREPART,87eede8f-1064-4c4e-912d-9319aa96d5b0,Brake Pad H3 FR / RR H3,"26,000",0,2,0,0,2,0,NOT_COVERED,APPLIED,GEN-F0130-001-N-NE,"1,075",REGULAR,Depok,Aji Fadilah,B 4386 SVR,"75,038"
"Sep 30, 2025, 10:46",WO-145341062993435156,SPAREPART,ec86c430-e74c-451d-8d93-6d47384acc17,Tire 90/90-12 H3 (KENDA) H3,"100,000",0,1,0,0,1,0,NOT_COVERED,APPLIED,GEN-F0500-001-N-MA,"1,741",WALK_IN_MAINTENANCE,Pondok Indah,Eka Pitaloka,B 4027 SWB,"15,787"
"Sep 30, 2025, 10:45",WO-145358376577030676,SPAREPART,87eede8f-1064-4c4e-912d-9319aa96d5b0,Brake Pad H3 FR / RR H3,"26,000","26,000",2,0,0,2,"52,000",NOT_COVERED,APPLIED,GEN-F0130-001-N-NE,"1,075",INTERNAL_SERVICE,Pondok Indah,M. Risky Julio Hardianto,B 4709 SVR,"5,321"
"Sep 30, 2025, 10:45",WO-145358376577030676,SPAREPART,ec86c430-e74c-451d-8d93-6d47384acc17,Tire 90/90-12 H3 (KENDA) H3,"100,000","100,000",1,0,0,1,"100,000",NOT_COVERED,APPLIED,GEN-F0500-001-N-MA,"1,741",INTERNAL_SERVICE,Pondok Indah,M. Risky Julio Hardianto,B 4709 SVR,"5,321"
"Sep 30, 2025, 10:43",WO-145338974297153104,SPAREPART,87eede8f-1064-4c4e-912d-9319aa96d5b0,Brake Pad H3 FR / RR H3,"26,000",0,1,0,0,1,0,NOT_COVERED,APPLIED,GEN-F0130-001-N-NE,"1,075",WALK_IN_MAINTENANCE,Pondok Indah,Eka Pitaloka,B 4711 SVT,"32,154"
"Sep 30, 2025, 10:41",WO-145367386764107344,SPAREPART,ec86c430-e74c-451d-8d93-6d47384acc17,Tire 90/90-12 H3 (KENDA) H3,"100,000","100,000",1,0,0,1,"100,000",NOT_COVERED,APPLIED,GEN-F0500-001-N-MA,"1,741",INTERNAL_SERVICE,Pondok Indah,Ilza,B 4440 SVR,"58,099"
"Sep 30, 2025, 10:41",WO-145367386764107344,SPAREPART,87eede8f-1064-4c4e-912d-9319aa96d5b0,Brake Pad H3 FR / RR H3,"26,000","26,000",1,0,0,1,"26,000",NOT_COVERED,APPLIED,GEN-F0130-001-N-NE,"1,075",INTERNAL_SERVICE,Pondok Indah,Ilza,B 4440 SVR,"58,099"
"Sep 30, 2025, 10:41",WO-145367386764107344,SPAREPART,de80485c-6a61-4fa3-bd3f-0dbcfeef5f1c,Front fender H3,"56,580","56,580",1,0,0,1,"56,580",NOT_COVERED,APPLIED,H3A-B0010-001-F-MA,783,INTERNAL_SERVICE,Pondok Indah,Ilza,B 4440 SVR,"58,099"
"Sep 30, 2025, 10:40",WO-145454434711788052,SPAREPART,87eede8f-1064-4c4e-912d-9319aa96d5b0,Brake Pad H3 FR / RR H3,"26,000",0,2,0,0,2,0,NOT_COVERED,APPLIED,GEN-F0130-001-N-NE,"1,075",REGULAR,Bekasi,Service Advisor Bekasi,B 4577 SVT,"535,283"
"Sep 30, 2025, 10:39",WO-145448685159864852,SPAREPART,79e0bbc0-0b87-4142-8e3f-0b3ccdc86641,Brake Pad Kit H5 -2-01 (Canvas Rem) H5,"28,500",0,1,0,0,1,0,NOT_COVERED,APPLIED,GEN-F1140-001-R-NE,"1,759",REGULAR,Pondok Indah,Eka Pitaloka,B 4630 SVN,"44,000"
"Sep 30, 2025, 10:39",WO-145448685159864852,SPAREPART,fa116921-3f09-44e1-b709-86b1780d9253,Brake Pad Kit H5 -1-01 (Canvas Rem) H5,"39,500",0,1,0,0,1,0,NOT_COVERED,APPLIED,GEN-F1130-001-F-NE,"1,758",REGULAR,Pondok Indah,Eka Pitaloka,B 4630 SVN,"44,000"
"Sep 30, 2025, 10:38",WO-145448224021306960,SPAREPART,87eede8f-1064-4c4e-912d-9319aa96d5b0,Brake Pad H3 FR / RR H3,"26,000",0,2,0,0,2,0,NOT_COVERED,APPLIED,GEN-F0130-001-N-NE,"1,075",REGULAR,Pondok Indah,Bella Zahra,B 4861 SVS,"41,785"
"Sep 30, 2025, 10:38",WO-145448224021306960,SPAREPART,29ae4c69-46d5-4754-bf7e-f808ca55ebe7,Lock Set H3,"32,338","100,000",1,0,0,1,"100,000",NOT_COVERED,APPLIED,H3A-E70050-001-N-NE,865,REGULAR,Pondok Indah,Bella Zahra,B 4861 SVS,"41,785"
"Sep 30, 2025, 10:37",WO-145454075243158036,SPAREPART,fa116921-3f09-44e1-b709-86b1780d9253,Brake Pad Kit H5 -1-01 (Canvas Rem) H5,"39,500",0,1,0,0,1,0,NEW_ONBOARDING,APPLIED,GEN-F1130-001-F-NE,"1,758",URGENT,Kembangan,Andi hidayat,B 5026 SVL,"14,783"
"Sep 30, 2025, 10:37",WO-145454075243158036,SPAREPART,79e0bbc0-0b87-4142-8e3f-0b3ccdc86641,Brake Pad Kit H5 -2-01 (Canvas Rem) H5,"28,500",0,1,0,0,1,0,NEW_ONBOARDING,APPLIED,GEN-F1140-001-R-NE,"1,759",URGENT,Kembangan,Andi hidayat,B 5026 SVL,"14,783"
"Sep 30, 2025, 10:36",WO-145446709323913748,SPAREPART,fa116921-3f09-44e1-b709-86b1780d9253,Brake Pad Kit H5 -1-01 (Canvas Rem) H5,"39,500",0,1,0,0,1,0,NOT_COVERED,APPLIED,GEN-F1130-001-F-NE,"1,758",REGULAR,Pondok Indah,Bella Zahra,B 5322 SVL,"55,635"
"Sep 30, 2025, 10:36",WO-145446709323913748,SPAREPART,1ac25aee-ff64-497d-a915-e4617a1892ae,Bearing Nachi 6201 H3,"13,967","27,000",2,0,0,2,"54,000",NOT_COVERED,APPLIED,GEN-F0060-001-F-NE,"1,735",REGULAR,Pondok Indah,Bella Zahra,B 5322 SVL,"55,635"
"Sep 30, 2025, 10:36",WO-145446709323913748,SPAREPART,79e0bbc0-0b87-4142-8e3f-0b3ccdc86641,Brake Pad Kit H5 -2-01 (Canvas Rem) H5,"28,500",0,1,0,0,1,0,NOT_COVERED,APPLIED,GEN-F1140-001-R-NE,"1,759",REGULAR,Pondok Indah,Bella Zahra,B 5322 SVL,"55,635"
"Sep 30, 2025, 10:31",WO-145453440695295568,SPAREPART,87eede8f-1064-4c4e-912d-9319aa96d5b0,Brake Pad H3 FR / RR H3,"26,000",0,2,0,0,2,0,NEW_ONBOARDING,APPLIED,GEN-F0130-001-N-NE,"1,075",REGULAR,Kembangan,Rohmad Khoirul Mu'Izz,B 4637 SVO,"71,625"
"Sep 30, 2025, 10:29",WO-145453342330477076,SPAREPART,87eede8f-1064-4c4e-912d-9319aa96d5b0,Brake Pad H3 FR / RR H3,"26,000",0,2,0,0,2,0,NOT_COVERED,APPLIED,GEN-F0130-001-N-NE,"1,075",REGULAR,Depok,Aji Fadilah,B 4510 SVP,"424,076"
"Sep 30, 2025, 10:27",WO-145452945314437652,SPAREPART,e52a6762-bb04-453f-90f6-dfeed6ec8877,Single stand power off switch H3,"20,838",0,1,0,0,1,0,NEW_ONBOARDING,APPLIED,H3A-E70070-001-N-BL,873,REGULAR,Depok,Aji Fadilah,B 4642 SVT,"33,219"
"Sep 30, 2025, 10:27",WO-145452945314437652,SPAREPART,87eede8f-1064-4c4e-912d-9319aa96d5b0,Brake Pad H3 FR / RR H3,"26,000",0,2,0,0,2,0,NOT_COVERED,APPLIED,GEN-F0130-001-N-NE,"1,075",REGULAR,Depok,Aji Fadilah,B 4642 SVT,"33,219"
"Sep 30, 2025, 10:26",WO-145453006719049296,SPAREPART,87eede8f-1064-4c4e-912d-9319aa96d5b0,Brake Pad H3 FR / RR H3,"26,000",0,1,0,0,1,0,NOT_COVERED,APPLIED,GEN-F0130-001-N-NE,"1,075",REGULAR,Bekasi,Service Advisor Bekasi,B 4640 SVO,"440,536"
"Sep 30, 2025, 10:25",WO-145450234904861204,SPAREPART,ec86c430-e74c-451d-8d93-6d47384acc17,Tire 90/90-12 H3 (KENDA) H3,"100,000",0,1,0,0,1,0,NOT_COVERED,APPLIED,GEN-F0500-001-N-MA,"1,741",STORING,Pondok Indah,Naufal Rabbani,B 4702 SVT,"325,667"
"Sep 30, 2025, 10:21",WO-145452460620667412,SPAREPART,87eede8f-1064-4c4e-912d-9319aa96d5b0,Brake Pad H3 FR / RR H3,"26,000",0,2,0,0,2,0,NOT_COVERED,APPLIED,GEN-F0130-001-N-NE,"1,075",REGULAR,Bekasi,Service Advisor Bekasi,B 4403 SVR,"639,210"
"Sep 30, 2025, 10:21",WO-145452460620667412,SPAREPART,d09f6b27-05e3-429e-8d59-5978689af06f,USB charging port H3,"12,627",0,1,0,0,1,0,NEW_ONBOARDING,APPLIED,H3A-E40010-001-N-NE,871,REGULAR,Bekasi,Service Advisor Bekasi,B 4403 SVR,"639,210"
"Sep 30, 2025, 10:20",WO-145449470736227920,SPAREPART,87eede8f-1064-4c4e-912d-9319aa96d5b0,Brake Pad H3 FR / RR H3,"26,000",0,2,0,0,2,0,NOT_COVERED,APPLIED,GEN-F0130-001-N-NE,"1,075",WALK_IN_MAINTENANCE,Pondok Indah,Naufal Rabbani,B 4316 SWA,"15,733"
"Sep 30, 2025, 10:20",WO-145449470736227920,SPAREPART,ec86c430-e74c-451d-8d93-6d47384acc17,Tire 90/90-12 H3 (KENDA) H3,"100,000",0,2,0,0,2,0,NOT_COVERED,APPLIED,GEN-F0500-001-N-MA,"1,741",WALK_IN_MAINTENANCE,Pondok Indah,Naufal Rabbani,B 4316 SWA,"15,733"
"Sep 30, 2025, 10:17",WO-145346370063064656,SPAREPART,0e63dd11-3dfb-40f2-9820-7fc9cc0b12bc,Front fork bearings H3,"42,021","42,021",1,0,0,1,"42,021",NOT_COVERED,APPLIED,GEN-F0100-001-F-NE,849,INTERNAL_SERVICE,Pondok Indah,Rizky Maulana,B 4630 SVP,0
"Sep 30, 2025, 10:17",WO-145346370063064656,SPAREPART,00c93cf0-bacc-4e53-aab2-4aeeebf5bf3b,Air tape PVR 50 (5 mm) H3,"3,500","3,500",1,0,0,1,"3,500",NOT_COVERED,APPLIED,GEN-F0420-002-N-NE,"1,740",INTERNAL_SERVICE,Pondok Indah,Rizky Maulana,B 4630 SVP,0
"Sep 30, 2025, 10:17",WO-145346370063064656,SPAREPART,ec86c430-e74c-451d-8d93-6d47384acc17,Tire 90/90-12 H3 (KENDA) H3,"100,000","100,000",1,0,0,1,"100,000",NOT_COVERED,APPLIED,GEN-F0500-001-N-MA,"1,741",INTERNAL_SERVICE,Pondok Indah,Rizky Maulana,B 4630 SVP,0
"Sep 30, 2025, 10:17",WO-145346370063064656,SPAREPART,c52ca52a-85ef-43ad-8637-a9a65142da16,Rear disc brake disc H3,"26,519","26,519",1,0,0,1,"26,519",NOT_COVERED,APPLIED,GEN-F0190-001-R-NE,854,INTERNAL_SERVICE,Pondok Indah,Rizky Maulana,B 4630 SVP,0
"Sep 30, 2025, 10:17",WO-145346370063064656,SPAREPART,87eede8f-1064-4c4e-912d-9319aa96d5b0,Brake Pad H3 FR / RR H3,"26,000","26,000",2,0,0,2,"52,000",NOT_COVERED,APPLIED,GEN-F0130-001-N-NE,"1,075",INTERNAL_SERVICE,Pondok Indah,Rizky Maulana,B 4630 SVP,0
"Sep 30, 2025, 10:17",WO-145346370063064656,SPAREPART,24f4995a-befd-4ad6-a490-c6318261742f,Cover Plat Nomer H3,"18,500","18,500",1,0,0,1,"18,500",NOT_COVERED,APPLIED,GEN-A0140-001-N-MA,"1,738",INTERNAL_SERVICE,Pondok Indah,Rizky Maulana,B 4630 SVP,0
"Sep 30, 2025, 10:17",WO-145346370063064656,SPAREPART,1ac25aee-ff64-497d-a915-e4617a1892ae,Bearing Nachi 6201 H3,"13,967","13,967",2,0,0,2,"27,934",NOT_COVERED,APPLIED,GEN-F0060-001-F-NE,"1,735",INTERNAL_SERVICE,Pondok Indah,Rizky Maulana,B 4630 SVP,0
"Sep 30, 2025, 10:12",WO-145451578038442516,SPAREPART,87eede8f-1064-4c4e-912d-9319aa96d5b0,Brake Pad H3 FR / RR H3,"26,000",0,2,0,0,2,0,NEW_ONBOARDING,APPLIED,GEN-F0130-001-N-NE,"1,075",REGULAR,Kembangan,Andi hidayat,B 4594 SVP,"28,226"
"Sep 30, 2025, 10:12",WO-145365995832236564,SPAREPART,d625acb9-40c7-43a1-9f20-99489c41ef5f,Front disc brake disc H3,"56,580","56,580",1,0,0,1,"56,580",NOT_COVERED,APPLIED,GEN-F0140-001-F-NE,853,INTERNAL_SERVICE,Pondok Indah,Gerald Raditya,B 4095 SWB,"5,321"
"Sep 30, 2025, 10:12",WO-145365995832236564,SPAREPART,29ae4c69-46d5-4754-bf7e-f808ca55ebe7,Lock Set H3,"32,338","32,338",1,0,0,1,"32,338",NOT_COVERED,APPLIED,H3A-E70050-001-N-NE,865,INTERNAL_SERVICE,Pondok Indah,Gerald Raditya,B 4095 SWB,"5,321"
"Sep 30, 2025, 10:12",WO-145365995832236564,SPAREPART,87eede8f-1064-4c4e-912d-9319aa96d5b0,Brake Pad H3 FR / RR H3,"26,000","26,000",2,0,0,2,"52,000",NOT_COVERED,APPLIED,GEN-F0130-001-N-NE,"1,075",INTERNAL_SERVICE,Pondok Indah,Gerald Raditya,B 4095 SWB,"5,321"
"Sep 30, 2025, 10:11",WO-145434282372913684,SPAREPART,1ac25aee-ff64-497d-a915-e4617a1892ae,Bearing Nachi 6201 H3,"13,967","27,000",1,0,0,1,"27,000",NOT_COVERED,APPLIED,GEN-F0060-001-F-NE,"1,735",STORING,Pondok Indah,Bella Zahra,B 4839 SVO,"76,335"
"Sep 30, 2025, 10:11",WO-145434282372913684,SPAREPART,87eede8f-1064-4c4e-912d-9319aa96d5b0,Brake Pad H3 FR / RR H3,"26,000",0,1,0,0,1,0,NOT_COVERED,APPLIED,GEN-F0130-001-N-NE,"1,075",STORING,Pondok Indah,Bella Zahra,B 4839 SVO,"76,335"
"Sep 30, 2025, 10:10",WO-145447471026298448,SPAREPART,87eede8f-1064-4c4e-912d-9319aa96d5b0,Brake Pad H3 FR / RR H3,"26,000",0,2,0,0,2,0,NOT_COVERED,APPLIED,GEN-F0130-001-N-NE,"1,075",REGULAR,Pondok Indah,Eka Pitaloka,B 5246 BWJ,"19,474"
"Sep 30, 2025, 10:07",WO-145451140287323728,SPAREPART,87eede8f-1064-4c4e-912d-9319aa96d5b0,Brake Pad H3 FR / RR H3,"26,000",0,1,0,0,1,0,NOT_COVERED,APPLIED,GEN-F0130-001-N-NE,"1,075",REGULAR,Bekasi,Service Advisor Bekasi,B 4532 SVP,"347,723"
"Sep 30, 2025, 10:05",WO-145378238049311252,SPAREPART,d625acb9-40c7-43a1-9f20-99489c41ef5f,Front disc brake disc H3,"56,580","56,580",1,0,0,1,"56,580",NOT_COVERED,APPLIED,GEN-F0140-001-F-NE,853,INTERNAL_SERVICE,Pondok Indah,Noval Labid,B 3462 PWE,"5,321"
"Sep 30, 2025, 10:05",WO-145378238049311252,SPAREPART,1ac25aee-ff64-497d-a915-e4617a1892ae,Bearing Nachi 6201 H3,"13,967","13,967",1,0,0,1,"13,967",NOT_COVERED,APPLIED,GEN-F0060-001-F-NE,"1,735",INTERNAL_SERVICE,Pondok Indah,Noval Labid,B 3462 PWE,"5,321"
"Sep 30, 2025, 10:05",WO-145378238049311252,SPAREPART,29ae4c69-46d5-4754-bf7e-f808ca55ebe7,Lock Set H3,"32,338","32,338",1,0,0,1,"32,338",NOT_COVERED,APPLIED,H3A-E70050-001-N-NE,865,INTERNAL_SERVICE,Pondok Indah,Noval Labid,B 3462 PWE,"5,321"
"Sep 30, 2025, 10:04",WO-145450823281827408,SPAREPART,87eede8f-1064-4c4e-912d-9319aa96d5b0,Brake Pad H3 FR / RR H3,"26,000",0,2,0,0,2,0,NEW_ONBOARDING,APPLIED,GEN-F0130-001-N-NE,"1,075",URGENT,Kembangan,Andi hidayat,B 4754 SVP,"28,947"
"Sep 30, 2025, 10:03",WO-145450614019611156,SPAREPART,87eede8f-1064-4c4e-912d-9319aa96d5b0,Brake Pad H3 FR / RR H3,"26,000",0,2,0,0,2,0,NOT_COVERED,APPLIED,GEN-F0130-001-N-NE,"1,075",REGULAR,Depok,Aji Fadilah,B 4447 SVP,"40,524"
"Sep 30, 2025, 10:03",WO-145450614019611156,SPAREPART,1ac25aee-ff64-497d-a915-e4617a1892ae,Bearing Nachi 6201 H3,"13,967","13,500",2,0,0,2,"27,000",NOT_COVERED,APPLIED,GEN-F0060-001-F-NE,"1,735",REGULAR,Depok,Aji Fadilah,B 4447 SVP,"40,524"
"Sep 30, 2025, 10:00",WO-145450290756214352,SPAREPART,87eede8f-1064-4c4e-912d-9319aa96d5b0,Brake Pad H3 FR / RR H3,"26,000",0,2,0,0,2,0,NEW_ONBOARDING,APPLIED,GEN-F0130-001-N-NE,"1,075",REGULAR,Kembangan,Rohmad Khoirul Mu'Izz,B 4041 SVO,"47,337"
"Sep 30, 2025, 10:00",WO-145378403741096468,SPAREPART,d09f6b27-05e3-429e-8d59-5978689af06f,USB charging port H3,"12,627","12,627",1,0,0,1,"12,627",NOT_COVERED,APPLIED,H3A-E40010-001-N-NE,871,INTERNAL_SERVICE,Pondok Indah,Ilza,B 3706 PWE,"26,430"
"Sep 30, 2025, 10:00",WO-145378403741096468,SPAREPART,87eede8f-1064-4c4e-912d-9319aa96d5b0,Brake Pad H3 FR / RR H3,"26,000","26,000",1,0,0,1,"26,000",NOT_COVERED,APPLIED,GEN-F0130-001-N-NE,"1,075",INTERNAL_SERVICE,Pondok Indah,Ilza,B 3706 PWE,"26,430"
"Sep 30, 2025, 09:49",WO-145434757520449104,SPAREPART,9ae448db-156e-4e8b-8980-6f520521c921,Speed control handle cable H3,"16,169","49,000",1,0,0,1,"49,000",NOT_COVERED,APPLIED,H3A-E70090-001-N-BL,857,STORING,Pondok Indah,Eka Pitaloka,B 4604 SVP,"46,346"
"Sep 30, 2025, 09:44",WO-145448752805599764,SPAREPART,87eede8f-1064-4c4e-912d-9319aa96d5b0,Brake Pad H3 FR / RR H3,"26,000",0,2,0,0,2,0,NEW_ONBOARDING,APPLIED,GEN-F0130-001-N-NE,"1,075",REGULAR,Kembangan,Andi hidayat,B 4180 SVV,"28,648"
"Sep 30, 2025, 09:42",WO-145448536127855124,SPAREPART,1ac25aee-ff64-497d-a915-e4617a1892ae,Bearing Nachi 6201 H3,"13,967","13,500",2,0,0,2,"27,000",NOT_COVERED,APPLIED,GEN-F0060-001-F-NE,"1,735",REGULAR,Depok,Aji Fadilah,B 4142 SVP,"36,856"
"Sep 30, 2025, 09:42",WO-145448420784495124,SPAREPART,00c93cf0-bacc-4e53-aab2-4aeeebf5bf3b,Air tape PVR 50 (5 mm) H3,"3,500","24,000",1,0,0,1,"24,000",NOT_COVERED,APPLIED,GEN-F0420-002-N-NE,"1,740",STORING,Pondok Indah,Bella Zahra,B 4670 SWB,"52,477"
"Sep 30, 2025, 09:42",WO-145447119375851088,SPAREPART,87eede8f-1064-4c4e-912d-9319aa96d5b0,Brake Pad H3 FR / RR H3,"26,000","26,000",2,0,0,2,"52,000",NOT_COVERED,APPLIED,GEN-F0130-001-N-NE,"1,075",REGULAR,Pondok Indah,Ahmad Agus Sudiro Parhusnan Marzuki,B 4825 SVP,"35,152"
"Sep 30, 2025, 09:39",WO-145448272624900628,SPAREPART,87eede8f-1064-4c4e-912d-9319aa96d5b0,Brake Pad H3 FR / RR H3,"26,000",0,2,0,0,2,0,NOT_COVERED,APPLIED,GEN-F0130-001-N-NE,"1,075",REGULAR,Depok,Aji Fadilah,B 4053 SVP,"62,231"
"Sep 30, 2025, 09:38",WO-145445418619132436,SPAREPART,1ac25aee-ff64-497d-a915-e4617a1892ae,Bearing Nachi 6201 H3,"13,967","13,500",2,0,0,2,"27,000",NOT_COVERED,APPLIED,GEN-F0060-001-F-NE,"1,735",REGULAR,Kembangan,Muhammad Nawalis,B 5539 SVL,"25,767"
"Sep 30, 2025, 09:36",WO-145447910572580432,SPAREPART,87eede8f-1064-4c4e-912d-9319aa96d5b0,Brake Pad H3 FR / RR H3,"26,000",0,2,0,0,2,0,NOT_COVERED,APPLIED,GEN-F0130-001-N-NE,"1,075",REGULAR,Depok,Aji Fadilah,B 4623 SVT,"38,367"
"Sep 30, 2025, 09:33",WO-145360322062998036,SPAREPART,0e63dd11-3dfb-40f2-9820-7fc9cc0b12bc,Front fork bearings H3,"42,021",0,1,0,0,1,0,NOT_COVERED,APPLIED,GEN-F0100-001-F-NE,849,REPO_MAINTENANCE,Pondok Indah,Naufal Rabbani,B 4256 SVT,"58,684"
"Sep 30, 2025, 09:33",WO-145360322062998036,SPAREPART,87eede8f-1064-4c4e-912d-9319aa96d5b0,Brake Pad H3 FR / RR H3,"26,000",0,2,0,0,2,0,NOT_COVERED,APPLIED,GEN-F0130-001-N-NE,"1,075",REPO_MAINTENANCE,Pondok Indah,Naufal Rabbani,B 4256 SVT,"58,684"
"Sep 30, 2025, 09:26",WO-145446988027025940,SPAREPART,87eede8f-1064-4c4e-912d-9319aa96d5b0,Brake Pad H3 FR / RR H3,"26,000",0,2,0,0,2,0,NEW_ONBOARDING,APPLIED,GEN-F0130-001-N-NE,"1,075",REGULAR,Kembangan,Andi hidayat,B 4792 SVR,"39,938"
"Sep 30, 2025, 09:25",WO-145444445892925972,SPAREPART,87eede8f-1064-4c4e-912d-9319aa96d5b0,Brake Pad H3 FR / RR H3,"26,000",0,1,0,0,1,0,NOT_COVERED,APPLIED,GEN-F0130-001-N-NE,"1,075",REGULAR,Pondok Indah,Eka Pitaloka,B 4453 SVR,"39,400"
"Sep 30, 2025, 09:23",WO-145446639228706384,SPAREPART,ec86c430-e74c-451d-8d93-6d47384acc17,Tire 90/90-12 H3 (KENDA) H3,"135,796","135,796",1,0,0,1,"135,796",NOT_COVERED,APPLIED,GEN-F0500-001-N-MA,"1,741",REGULAR,Bekasi,Faris Abdurrahan,B 4826 SWC,"107,342"
"Sep 30, 2025, 09:23",WO-145446639228706384,SPAREPART,87eede8f-1064-4c4e-912d-9319aa96d5b0,Brake Pad H3 FR / RR H3,"26,000","26,000",1,0,0,1,"26,000",NOT_COVERED,APPLIED,GEN-F0130-001-N-NE,"1,075",REGULAR,Bekasi,Faris Abdurrahan,B 4826 SWC,"107,342"
"Sep 30, 2025, 09:22",WO-145446567371890256,SPAREPART,79e0bbc0-0b87-4142-8e3f-0b3ccdc86641,Brake Pad Kit H5 -2-01 (Canvas Rem) H5,"28,500",0,1,0,0,1,0,NEW_ONBOARDING,APPLIED,GEN-F1140-001-R-NE,"1,759",REGULAR,Kembangan,Rohmad Khoirul Mu'Izz,B 5142 SVL,"66,606"
"Sep 30, 2025, 09:22",WO-145446567371890256,SPAREPART,fa116921-3f09-44e1-b709-86b1780d9253,Brake Pad Kit H5 -1-01 (Canvas Rem) H5,"39,500",0,1,0,0,1,0,NEW_ONBOARDING,APPLIED,GEN-F1130-001-F-NE,"1,758",REGULAR,Kembangan,Rohmad Khoirul Mu'Izz,B 5142 SVL,"66,606"
"Sep 30, 2025, 09:21",WO-145358918715988500,SPAREPART,37dc324d-ba63-404f-b663-747c4a4566a1,disc Brake H5,"70,000",0,1,0,0,1,0,NOT_COVERED,APPLIED,GEN-F1120-001-R-NE,"1,761",REPO_MAINTENANCE,Pondok Indah,Naufal Rabbani,B 4584 SVL,"63,175"
"Sep 30, 2025, 09:20",WO-145146208850042448,SPAREPART,87eede8f-1064-4c4e-912d-9319aa96d5b0,Brake Pad H3 FR / RR H3,"26,000",0,1,0,0,1,0,NOT_COVERED,APPLIED,GEN-F0130-001-N-NE,"1,075",STORING,Pondok Indah,Bella Zahra,B 4843 SVR,"47,789"
"Sep 30, 2025, 09:20",WO-145146208850042448,SPAREPART,ec86c430-e74c-451d-8d93-6d47384acc17,Tire 90/90-12 H3 (KENDA) H3,"100,000",0,1,0,0,1,0,NOT_COVERED,APPLIED,GEN-F0500-001-N-MA,"1,741",STORING,Pondok Indah,Bella Zahra,B 4843 SVR,"47,789"
"Sep 30, 2025, 09:20",WO-145146208850042448,SPAREPART,3cb2a551-8898-476b-a8a5-0a016d76e96b,The rear disc brake assembly has no logo H3,"100,000","100,000",1,0,0,1,"100,000",NOT_COVERED,APPLIED,H3A-F0220-001-R-NE,851,STORING,Pondok Indah,Bella Zahra,B 4843 SVR,"47,789"
"Sep 30, 2025, 09:18",WO-145446023135780432,SPAREPART,87eede8f-1064-4c4e-912d-9319aa96d5b0,Brake Pad H3 FR / RR H3,"26,000",0,2,0,0,2,0,NEW_ONBOARDING,APPLIED,GEN-F0130-001-N-NE,"1,075",REGULAR,Kembangan,Andi hidayat,B 4066 SVT,"51,444"
"Sep 30, 2025, 09:13",WO-145445615046777364,SPAREPART,ec86c430-e74c-451d-8d93-6d47384acc17,Tire 90/90-12 H3 (KENDA) H3,"100,000",0,1,0,0,1,0,NEW_ONBOARDING,APPLIED,GEN-F0500-001-N-MA,"1,741",REGULAR,Bekasi,Faris Abdurrahan,B 4437 SWA,"156,126"
"Sep 30, 2025, 09:13",WO-145445615046777364,SPAREPART,87eede8f-1064-4c4e-912d-9319aa96d5b0,Brake Pad H3 FR / RR H3,"26,000",0,1,0,0,1,0,NEW_ONBOARDING,APPLIED,GEN-F0130-001-N-NE,"1,075",REGULAR,Bekasi,Faris Abdurrahan,B 4437 SWA,"156,126"
"Sep 30, 2025, 09:12",WO-145445418619132436,SPAREPART,fa116921-3f09-44e1-b709-86b1780d9253,Brake Pad Kit H5 -1-01 (Canvas Rem) H5,"39,500",0,1,0,0,1,0,NEW_ONBOARDING,APPLIED,GEN-F1130-001-F-NE,"1,758",REGULAR,Kembangan,Muhammad Nawalis,B 5539 SVL,"25,767"
"Sep 30, 2025, 09:12",WO-145445418619132436,SPAREPART,79e0bbc0-0b87-4142-8e3f-0b3ccdc86641,Brake Pad Kit H5 -2-01 (Canvas Rem) H5,"28,500",0,1,0,0,1,0,NEW_ONBOARDING,APPLIED,GEN-F1140-001-R-NE,"1,759",REGULAR,Kembangan,Muhammad Nawalis,B 5539 SVL,"25,767"
"Sep 30, 2025, 09:09",WO-145366993002847824,SPAREPART,87eede8f-1064-4c4e-912d-9319aa96d5b0,Brake Pad H3 FR / RR H3,"26,000","26,000",2,0,0,2,"52,000",NOT_COVERED,APPLIED,GEN-F0130-001-N-NE,"1,075",INTERNAL_SERVICE,Pondok Indah,Gerald Raditya,B 4119 SWA,"7,959"
"Sep 30, 2025, 09:08",WO-145445134228545104,SPAREPART,87eede8f-1064-4c4e-912d-9319aa96d5b0,Brake Pad H3 FR / RR H3,"26,000",0,1,0,0,1,0,NEW_ONBOARDING,APPLIED,GEN-F0130-001-N-NE,"1,075",REGULAR,Bekasi,Affani,B 4764 SVO,"361,558"
"Sep 30, 2025, 09:08",WO-145445134228545104,SPAREPART,ec86c430-e74c-451d-8d93-6d47384acc17,Tire 90/90-12 H3 (KENDA) H3,"100,000",0,2,0,0,2,0,NEW_ONBOARDING,APPLIED,GEN-F0500-001-N-MA,"1,741",REGULAR,Bekasi,Affani,B 4764 SVO,"361,558"
"Sep 30, 2025, 09:08",WO-145341062993435156,SPAREPART,1ac25aee-ff64-497d-a915-e4617a1892ae,Bearing Nachi 6201 H3,"13,967",0,2,0,0,2,0,NOT_COVERED,APPLIED,GEN-F0060-001-F-NE,"1,735",WALK_IN_MAINTENANCE,Pondok Indah,Eka Pitaloka,B 4027 SWB,"15,787"
"Sep 30, 2025, 09:08",WO-145341062993435156,SPAREPART,0e63dd11-3dfb-40f2-9820-7fc9cc0b12bc,Front fork bearings H3,"42,021",0,1,0,0,1,0,NOT_COVERED,APPLIED,GEN-F0100-001-F-NE,849,WALK_IN_MAINTENANCE,Pondok Indah,Eka Pitaloka,B 4027 SWB,"15,787"
"Sep 30, 2025, 09:08",WO-145341062993435156,SPAREPART,87eede8f-1064-4c4e-912d-9319aa96d5b0,Brake Pad H3 FR / RR H3,"26,000",0,2,0,0,2,0,NOT_COVERED,APPLIED,GEN-F0130-001-N-NE,"1,075",WALK_IN_MAINTENANCE,Pondok Indah,Eka Pitaloka,B 4027 SWB,"15,787"
"Sep 30, 2025, 09:07",WO-145359915903376976,SPAREPART,87eede8f-1064-4c4e-912d-9319aa96d5b0,Brake Pad H3 FR / RR H3,"26,000",0,2,0,0,2,0,NOT_COVERED,APPLIED,GEN-F0130-001-N-NE,"1,075",REPO_MAINTENANCE,Pondok Indah,Naufal Rabbani,B 4566 SWA,"2,595"
"Sep 30, 2025, 09:01",WO-145444368617070160,SPAREPART,87eede8f-1064-4c4e-912d-9319aa96d5b0,Brake Pad H3 FR / RR H3,"26,000",0,1,0,0,1,0,NEW_ONBOARDING,APPLIED,GEN-F0130-001-N-NE,"1,075",REGULAR,Kembangan,Andi hidayat,B 4399 SWA,"170,428"
"Sep 30, 2025, 09:01",WO-145444368617070160,SPAREPART,ec86c430-e74c-451d-8d93-6d47384acc17,Tire 90/90-12 H3 (KENDA) H3,"100,000","100,000",1,0,0,1,"100,000",NOT_COVERED,APPLIED,GEN-F0500-001-N-MA,"1,741",REGULAR,Kembangan,Andi hidayat,B 4399 SWA,"170,428"
"Sep 30, 2025, 08:57",WO-145365558550878740,SPAREPART,87eede8f-1064-4c4e-912d-9319aa96d5b0,Brake Pad H3 FR / RR H3,"26,000","26,000",2,0,0,2,"52,000",NOT_COVERED,APPLIED,GEN-F0130-001-N-NE,"1,075",INTERNAL_SERVICE,Pondok Indah,Noval Labid,B 5265 BWJ,"30,571"
"Sep 30, 2025, 08:57",WO-145365558550878740,SPAREPART,1ac25aee-ff64-497d-a915-e4617a1892ae,Bearing Nachi 6201 H3,"13,967","13,967",1,0,0,1,"13,967",NOT_COVERED,APPLIED,GEN-F0060-001-F-NE,"1,735",INTERNAL_SERVICE,Pondok Indah,Noval Labid,B 5265 BWJ,"30,571"
"Sep 30, 2025, 08:57",WO-145365273254321744,SPAREPART,87eede8f-1064-4c4e-912d-9319aa96d5b0,Brake Pad H3 FR / RR H3,"26,000",0,2,0,0,2,0,NOT_COVERED,APPLIED,GEN-F0130-001-N-NE,"1,075",REPO_MAINTENANCE,Pondok Indah,Naufal Rabbani,B 4724 SVO,"46,502"
"Sep 30, 2025, 08:23",WO-145440285076249108,SPAREPART,ec86c430-e74c-451d-8d93-6d47384acc17,Tire 90/90-12 H3 (KENDA) H3,"135,796","135,796",1,0,0,1,"135,796",NOT_COVERED,APPLIED,GEN-F0500-001-N-MA,"1,741",STORING,Pondok Indah,Fikri,B 4438 SVR,"56,367"
"Sep 30, 2025, 08:23",WO-145440285076249108,SPAREPART,87eede8f-1064-4c4e-912d-9319aa96d5b0,Brake Pad H3 FR / RR H3,"26,000","26,000",1,0,0,1,"26,000",NOT_COVERED,APPLIED,GEN-F0130-001-N-NE,"1,075",STORING,Pondok Indah,Fikri,B 4438 SVR,"56,367"
"Sep 29, 2025, 21:59",WO-145292254397881936,SPAREPART,87eede8f-1064-4c4e-912d-9319aa96d5b0,Brake Pad H3 FR / RR H3,"26,000",0,2,0,0,2,0,NOT_COVERED,APPLIED,GEN-F0130-001-N-NE,"1,075",STORING,Pondok Indah,Service Advisor PI,B 4618 SVT,"643,926"
"Sep 29, 2025, 21:59",WO-145292254397881936,SPAREPART,00c93cf0-bacc-4e53-aab2-4aeeebf5bf3b,Air tape PVR 50 (5 mm) H3,"3,500",0,1,0,0,1,0,NOT_COVERED,APPLIED,GEN-F0420-002-N-NE,"1,740",STORING,Pondok Indah,Service Advisor PI,B 4618 SVT,"643,926"
"Sep 29, 2025, 21:59",WO-145292254397881936,SPAREPART,ec86c430-e74c-451d-8d93-6d47384acc17,Tire 90/90-12 H3 (KENDA) H3,"100,000",0,1,0,0,1,0,NOT_COVERED,APPLIED,GEN-F0500-001-N-MA,"1,741",STORING,Pondok Indah,Service Advisor PI,B 4618 SVT,"643,926"
"Sep 29, 2025, 21:57",WO-145377574829186640,SPAREPART,ec86c430-e74c-451d-8d93-6d47384acc17,Tire 90/90-12 H3 (KENDA) H3,"100,000",0,1,0,0,1,0,NOT_COVERED,APPLIED,GEN-F0500-001-N-MA,"1,741",STORING,Pondok Indah,Service Advisor PI,B 4820 SVO,"43,457"
"Sep 29, 2025, 21:23",WO-145371731509402132,SPAREPART,1ac25aee-ff64-497d-a915-e4617a1892ae,Bearing Nachi 6201 H3,"13,967","27,000",2,0,0,2,"54,000",NOT_COVERED,APPLIED,GEN-F0060-001-F-NE,"1,735",STORING,Pondok Indah,Bella Zahra,B 4294 SVT,"32,000"
"Sep 29, 2025, 21:23",WO-145371731509402132,SPAREPART,87eede8f-1064-4c4e-912d-9319aa96d5b0,Brake Pad H3 FR / RR H3,"26,000",0,1,0,0,1,0,NOT_COVERED,APPLIED,GEN-F0130-001-N-NE,"1,075",STORING,Pondok Indah,Bella Zahra,B 4294 SVT,"32,000"
"Sep 29, 2025, 21:22",WO-145335436284288592,SPAREPART,ec86c430-e74c-451d-8d93-6d47384acc17,Tire 90/90-12 H3 (KENDA) H3,"100,000",0,1,0,0,1,0,NOT_COVERED,APPLIED,GEN-F0500-001-N-MA,"1,741",STORING,Pondok Indah,Service Advisor PI,B 4592 SWA,"35,673"
"Sep 29, 2025, 21:10",WO-145363712318921236,SPAREPART,9ae448db-156e-4e8b-8980-6f520521c921,Speed control handle cable H3,"16,169",0,1,0,0,1,0,NOT_COVERED,APPLIED,H3A-E70090-001-N-BL,857,STORING,Pondok Indah,Service Advisor PI,B 4585 SVV,"32,453"
"Sep 29, 2025, 20:34",WO-145337572560756304,SPAREPART,87eede8f-1064-4c4e-912d-9319aa96d5b0,Brake Pad H3 FR / RR H3,"26,000","26,000",2,0,0,2,"52,000",NOT_COVERED,APPLIED,GEN-F0130-001-N-NE,"1,075",STORING,Pondok Indah,Muhammad Haikal Alfaidz,B 4619 SVT,"467,583"
"Sep 29, 2025, 20:10",WO-145366733241211412,SPAREPART,c52ca52a-85ef-43ad-8637-a9a65142da16,Rear disc brake disc H3,"26,519","26,519",1,0,0,1,"26,519",NOT_COVERED,APPLIED,GEN-F0190-001-R-NE,854,INTERNAL_SERVICE,Pondok Indah,Syahrul Mulya,B 4094 SVO,"58,654"
"Sep 29, 2025, 20:10",WO-145366733241211412,SPAREPART,6cb5a130-ab18-4ed1-a709-8f65f55b3fba,Cushion locking wire (With electric lock) H5,"16,882","16,882",1,0,0,1,"16,882",NOT_COVERED,APPLIED,H5A-F0800-001-N-NE,973,INTERNAL_SERVICE,Pondok Indah,Syahrul Mulya,B 4094 SVO,"58,654"
"Sep 29, 2025, 20:10",WO-145366733241211412,SPAREPART,87eede8f-1064-4c4e-912d-9319aa96d5b0,Brake Pad H3 FR / RR H3,"26,000","26,000",2,0,0,2,"52,000",NOT_COVERED,APPLIED,GEN-F0130-001-N-NE,"1,075",INTERNAL_SERVICE,Pondok Indah,Syahrul Mulya,B 4094 SVO,"58,654"
"Sep 29, 2025, 20:02",WO-145365868258287184,SPAREPART,24f4995a-befd-4ad6-a490-c6318261742f,Cover Plat Nomer H3,"18,500","18,500",1,0,0,1,"18,500",NOT_COVERED,APPLIED,GEN-A0140-001-N-MA,"1,738",INTERNAL_SERVICE,Pondok Indah,Syahrul Mulya,B 4598 SVR,"21,855"
"Sep 29, 2025, 20:02",WO-145365868258287184,SPAREPART,87eede8f-1064-4c4e-912d-9319aa96d5b0,Brake Pad H3 FR / RR H3,"26,000","26,000",2,0,0,2,"52,000",NOT_COVERED,APPLIED,GEN-F0130-001-N-NE,"1,075",INTERNAL_SERVICE,Pondok Indah,Syahrul Mulya,B 4598 SVR,"21,855"
"Sep 29, 2025, 20:02",WO-145365868258287184,SPAREPART,c52ca52a-85ef-43ad-8637-a9a65142da16,Rear disc brake disc H3,"26,519","26,519",1,0,0,1,"26,519",NOT_COVERED,APPLIED,GEN-F0190-001-R-NE,854,INTERNAL_SERVICE,Pondok Indah,Syahrul Mulya,B 4598 SVR,"21,855"
"Sep 29, 2025, 20:02",WO-145365868258287184,SPAREPART,6f887a0a-e2ae-4556-afe9-b554bb26559f,Headlight H3,"100,000","100,000",1,0,0,1,"100,000",NOT_COVERED,APPLIED,H3A-E60030-001-N-NE,821,INTERNAL_SERVICE,Pondok Indah,Syahrul Mulya,B 4598 SVR,"21,855"
"Sep 29, 2025, 19:57",WO-145365432285552208,SPAREPART,f4d5b5d2-b179-40ff-8580-5da9da3f02b9,Central throttle switch (Lynk & co) H5,"38,916",0,1,0,0,1,0,NOT_COVERED,APPLIED,H5A-E70100-001-N-BL,948,WALK_IN_MAINTENANCE,Pondok Indah,Naufal Rabbani,B 4132 SVO,"43,528"
"Sep 29, 2025, 19:57",WO-145365432285552208,SPAREPART,6cb5a130-ab18-4ed1-a709-8f65f55b3fba,Cushion locking wire (With electric lock) H5,"16,882",0,1,0,0,1,0,NOT_COVERED,APPLIED,H5A-F0800-001-N-NE,973,WALK_IN_MAINTENANCE,Pondok Indah,Naufal Rabbani,B 4132 SVO,"43,528"
"Sep 29, 2025, 19:53",WO-145364882563291668,SPAREPART,fa116921-3f09-44e1-b709-86b1780d9253,Brake Pad Kit H5 -1-01 (Canvas Rem) H5,"39,500","39,500",1,0,0,1,"39,500",NOT_COVERED,APPLIED,GEN-F1130-001-F-NE,"1,758",INTERNAL_SERVICE,Pondok Indah,Syahrul Mulya,B 4209 SVO,"27,658"
"Sep 29, 2025, 19:53",WO-145364882563291668,SPAREPART,79e0bbc0-0b87-4142-8e3f-0b3ccdc86641,Brake Pad Kit H5 -2-01 (Canvas Rem) H5,"28,500","28,500",1,0,0,1,"28,500",NOT_COVERED,APPLIED,GEN-F1140-001-R-NE,"1,759",INTERNAL_SERVICE,Pondok Indah,Syahrul Mulya,B 4209 SVO,"27,658"
"Sep 29, 2025, 19:53",WO-145364882563291668,SPAREPART,6cb5a130-ab18-4ed1-a709-8f65f55b3fba,Cushion locking wire (With electric lock) H5,"16,882","16,882",1,0,0,1,"16,882",NOT_COVERED,APPLIED,H5A-F0800-001-N-NE,973,INTERNAL_SERVICE,Pondok Indah,Syahrul Mulya,B 4209 SVO,"27,658"
"Sep 29, 2025, 19:47",WO-145364404446190100,SPAREPART,39480043-3109-4561-9129-6deba2de1b03,Falt fork H3,"100,000","100,000",1,0,0,1,"100,000",NOT_COVERED,APPLIED,H3A-F0380-001-N-NE,835,INTERNAL_SERVICE,Pondok Indah,Syahrul Mulya,B 4377 SVT,"28,542"
"Sep 29, 2025, 19:42",WO-145337367979383316,SPAREPART,79e0bbc0-0b87-4142-8e3f-0b3ccdc86641,Brake Pad Kit H5 -2-01 (Canvas Rem) H5,"28,500",0,1,0,0,1,0,NOT_COVERED,APPLIED,GEN-F1140-001-R-NE,"1,759",STORING,Pondok Indah,Eka Pitaloka,B 4485 SVL,"56,326"
"Sep 29, 2025, 19:38",WO-145363236366081616,SPAREPART,87eede8f-1064-4c4e-912d-9319aa96d5b0,Brake Pad H3 FR / RR H3,"26,000",0,2,0,0,2,0,NOT_COVERED,APPLIED,GEN-F0130-001-N-NE,"1,075",STORING,Pondok Indah,Service Advisor PI,B 4342 SVV,"34,244"
"Sep 29, 2025, 19:25",WO-144914405438544404,SPAREPART,d625acb9-40c7-43a1-9f20-99489c41ef5f,Front disc brake disc H3,"56,580",0,1,0,0,1,0,NOT_COVERED,APPLIED,GEN-F0140-001-F-NE,853,WALK_IN_MAINTENANCE,Pondok Indah,Naufal Rabbani,B 5010 SVL,"52,279"
"Sep 29, 2025, 19:25",WO-144914405438544404,SPAREPART,c52ca52a-85ef-43ad-8637-a9a65142da16,Rear disc brake disc H3,"26,519",0,1,0,0,1,0,NOT_COVERED,APPLIED,GEN-F0190-001-R-NE,854,WALK_IN_MAINTENANCE,Pondok Indah,Naufal Rabbani,B 5010 SVL,"52,279"
"Sep 29, 2025, 19:25",WO-144914405438544404,SPAREPART,161340de-2676-4c31-80a2-f55d3a4b8d7e,Left bar H5,"60,766",0,1,0,0,1,0,NOT_COVERED,APPLIED,H5A-B0910-001-L-MA,884,WALK_IN_MAINTENANCE,Pondok Indah,Naufal Rabbani,B 5010 SVL,"52,279"
"Sep 29, 2025, 19:25",WO-144914405438544404,SPAREPART,999402d6-b280-4a32-9f00-a6a11eaf7bcf,Cover side Under L H5,0,0,1,0,0,1,0,NOT_COVERED,APPLIED,H5A-B1530-001-N-NE,"1,768",WALK_IN_MAINTENANCE,Pondok Indah,Naufal Rabbani,B 5010 SVL,"52,279"
"Sep 29, 2025, 19:25",WO-144914405438544404,SPAREPART,cd772588-218d-42c7-82a3-f6393568444d,Hung kee upper part of the tool box (unmolded) H5,"100,000",0,1,0,0,1,0,NOT_COVERED,APPLIED,H5A-B0660-001-N-MA,893,WALK_IN_MAINTENANCE,Pondok Indah,Naufal Rabbani,B 5010 SVL,"52,279"
"Sep 29, 2025, 19:25",WO-144914405438544404,SPAREPART,dd2a8a8a-2754-4afb-a57e-cb1336bb234c,Front fender H5,"91,241",0,1,0,0,1,0,NOT_COVERED,APPLIED,H5A-B0760-001-F-BL,883,WALK_IN_MAINTENANCE,Pondok Indah,Naufal Rabbani,B 5010 SVL,"52,279"
"Sep 29, 2025, 19:25",WO-144914405438544404,SPAREPART,64028545-6fdb-4c38-89c7-615dacad6aeb,Hung kee front panel (unmolded) H5,"100,000",0,1,0,0,1,0,NOT_COVERED,APPLIED,H5A-B0690-001-F-BL,881,WALK_IN_MAINTENANCE,Pondok Indah,Naufal Rabbani,B 5010 SVL,"52,279"
"Sep 29, 2025, 19:25",WO-144914405438544404,SPAREPART,87eede8f-1064-4c4e-912d-9319aa96d5b0,Brake Pad H3 FR / RR H3,"26,000",0,2,0,0,2,0,NOT_COVERED,APPLIED,GEN-F0130-001-N-NE,"1,075",WALK_IN_MAINTENANCE,Pondok Indah,Naufal Rabbani,B 5010 SVL,"52,279"
"Sep 29, 2025, 19:25",WO-144914405438544404,SPAREPART,88ac0286-f9e2-41f3-af6e-c0c61d2bbbdf,Right side bar  H5,"60,766",0,1,0,0,1,0,NOT_COVERED,APPLIED,H5A-B0920-001-R-MA,885,WALK_IN_MAINTENANCE,Pondok Indah,Naufal Rabbani,B 5010 SVL,"52,279"
"Sep 29, 2025, 19:23",WO-145350824934006352,SPAREPART,ec86c430-e74c-451d-8d93-6d47384acc17,Tire 90/90-12 H3 (KENDA) H3,"100,000",0,1,0,0,1,0,NOT_COVERED,APPLIED,GEN-F0500-001-N-MA,"1,741",STORING,Pondok Indah,Naufal Rabbani,B 3551 PWE,"34,981"
"Sep 29, 2025, 19:23",WO-145350824934006352,SPAREPART,87eede8f-1064-4c4e-912d-9319aa96d5b0,Brake Pad H3 FR / RR H3,"26,000",0,1,0,0,1,0,NOT_COVERED,APPLIED,GEN-F0130-001-N-NE,"1,075",STORING,Pondok Indah,Naufal Rabbani,B 3551 PWE,"34,981"
"Sep 29, 2025, 19:17",WO-145361294436882964,SPAREPART,87eede8f-1064-4c4e-912d-9319aa96d5b0,Brake Pad H3 FR / RR H3,"26,000",0,2,0,0,2,0,NOT_COVERED,APPLIED,GEN-F0130-001-N-NE,"1,075",URGENT,Pondok Indah,Eka Pitaloka,B 4065 SVP,"43,546"
"Sep 29, 2025, 19:17",WO-145347103378398800,SPAREPART,87eede8f-1064-4c4e-912d-9319aa96d5b0,Brake Pad H3 FR / RR H3,"26,000",0,2,0,0,2,0,NOT_COVERED,APPLIED,GEN-F0130-001-N-NE,"1,075",STORING,Pondok Indah,Service Advisor PI,B 4583 SVR,"53,846"
"Sep 29, 2025, 19:17",WO-145347103378398800,SPAREPART,ec86c430-e74c-451d-8d93-6d47384acc17,Tire 90/90-12 H3 (KENDA) H3,"100,000",0,1,0,0,1,0,NOT_COVERED,APPLIED,GEN-F0500-001-N-MA,"1,741",STORING,Pondok Indah,Service Advisor PI,B 4583 SVR,"53,846"
"Sep 29, 2025, 19:16",WO-145330424476883476,SPAREPART,0e63dd11-3dfb-40f2-9820-7fc9cc0b12bc,Front fork bearings H3,"42,021",0,1,0,0,1,0,NOT_COVERED,APPLIED,GEN-F0100-001-F-NE,849,WALK_IN_MAINTENANCE,Pondok Indah,Eka Pitaloka,B 3747 PWE,"33,673"
"Sep 29, 2025, 19:16",WO-145330424476883476,SPAREPART,87eede8f-1064-4c4e-912d-9319aa96d5b0,Brake Pad H3 FR / RR H3,"26,000",0,2,0,0,2,0,NOT_COVERED,APPLIED,GEN-F0130-001-N-NE,"1,075",WALK_IN_MAINTENANCE,Pondok Indah,Eka Pitaloka,B 3747 PWE,"33,673"
"Sep 29, 2025, 19:12",WO-145292575513796176,SPAREPART,ec86c430-e74c-451d-8d93-6d47384acc17,Tire 90/90-12 H3 (KENDA) H3,"100,000","100,000",1,0,0,1,"100,000",NOT_COVERED,APPLIED,GEN-F0500-001-N-MA,"1,741",STORING,Pondok Indah,Muhammad Haikal Alfaidz,B 4138 SWB,"62,241"
"Sep 29, 2025, 19:00",WO-145326519462420048,SPAREPART,87eede8f-1064-4c4e-912d-9319aa96d5b0,Brake Pad H3 FR / RR H3,"26,000",0,2,0,0,2,0,NOT_COVERED,APPLIED,GEN-F0130-001-N-NE,"1,075",WALK_IN_MAINTENANCE,Pondok Indah,Eka Pitaloka,B 4662 SWA,"21,995"
"Sep 29, 2025, 19:00",WO-145326519462420048,SPAREPART,ec86c430-e74c-451d-8d93-6d47384acc17,Tire 90/90-12 H3 (KENDA) H3,"100,000",0,1,0,0,1,0,NOT_COVERED,APPLIED,GEN-F0500-001-N-MA,"1,741",WALK_IN_MAINTENANCE,Pondok Indah,Eka Pitaloka,B 4662 SWA,"21,995"
"Sep 29, 2025, 18:57",WO-145310949769764432,SPAREPART,87eede8f-1064-4c4e-912d-9319aa96d5b0,Brake Pad H3 FR / RR H3,"26,000",0,2,0,0,2,0,NOT_COVERED,APPLIED,GEN-F0130-001-N-NE,"1,075",WALK_IN_MAINTENANCE,Pondok Indah,Eka Pitaloka,B 4645 SVO,"36,427"
"Sep 29, 2025, 18:33",WO-145347989618056784,SPAREPART,8996828a-e6bc-4a54-a9f3-15d5af9c5033,Controller H3,"100,000","100,000",1,0,0,1,"100,000",NOT_COVERED,APPLIED,H3A-E80010-001-N-MA,875,INTERNAL_SERVICE,Pondok Indah,Syahrul Mulya,B 4871 SVT,"72,917"
"Sep 29, 2025, 18:29",WO-145346341625682452,SPAREPART,64cde6f9-4cf9-4026-88c7-51d71c6d8351,Capricorn five switches (Headlight always on) H5,"24,173","24,173",1,0,0,1,"24,173",NOT_COVERED,APPLIED,H5A-E60170-001-N-NE,951,INTERNAL_SERVICE,Pondok Indah,Syahrul Mulya,B 5276 SVL,0
"Sep 29, 2025, 18:28",WO-145346341625682452,SPAREPART,79e0bbc0-0b87-4142-8e3f-0b3ccdc86641,Brake Pad Kit H5 -2-01 (Canvas Rem) H5,"28,500","28,500",1,0,0,1,"28,500",NOT_COVERED,APPLIED,GEN-F1140-001-R-NE,"1,759",INTERNAL_SERVICE,Pondok Indah,Syahrul Mulya,B 5276 SVL,0
"Sep 29, 2025, 18:28",WO-145346341625682452,SPAREPART,fa116921-3f09-44e1-b709-86b1780d9253,Brake Pad Kit H5 -1-01 (Canvas Rem) H5,"39,500","39,500",1,0,0,1,"39,500",NOT_COVERED,APPLIED,GEN-F1130-001-F-NE,"1,758",INTERNAL_SERVICE,Pondok Indah,Syahrul Mulya,B 5276 SVL,0
"Sep 29, 2025, 18:23",WO-145305221306800660,SPAREPART,999f14b8-db39-41e5-a31a-b5e0b7e8d909,Tires (far star) H5,"100,000",0,1,0,0,1,0,NOT_COVERED,APPLIED,GEN-F1090-001-N-NE,982,STORING,Pondok Indah,Naufal Rabbani,B 4801 SVN,"63,839"
"Sep 29, 2025, 18:21",WO-145312681195231764,SPAREPART,87eede8f-1064-4c4e-912d-9319aa96d5b0,Brake Pad H3 FR / RR H3,"26,000",0,2,0,0,2,0,NOT_COVERED,APPLIED,GEN-F0130-001-N-NE,"1,075",WALK_IN_MAINTENANCE,Pondok Indah,Eka Pitaloka,B 4466 SVT,"49,725"
"Sep 29, 2025, 18:10",WO-144897084489751060,SPAREPART,2d84afb2-4746-48c5-940e-238ed9bcd3e7,Left combination switch H3,"100,000","100,000",1,0,0,1,"100,000",NOT_COVERED,APPLIED,H3A-E70040-001-L-NE,866,INTERNAL_SERVICE,Pondok Indah,Syahrul Mulya,B 4802 SVP,"2,345"
"Sep 29, 2025, 17:27",WO-145347989618056784,SPAREPART,8209cbbd-e502-4f1e-8bfe-2b594dc8501a,Assembly line H3,"100,000","100,000",1,0,0,1,"100,000",NOT_COVERED,APPLIED,H3A-E30020-001-N-NE,862,INTERNAL_SERVICE,Pondok Indah,Syahrul Mulya,B 4871 SVT,"72,917"
"Sep 29, 2025, 17:20",WO-145345498369252944,SPAREPART,87eede8f-1064-4c4e-912d-9319aa96d5b0,Brake Pad H3 FR / RR H3,"26,000","26,000",1,0,0,1,"26,000",NOT_COVERED,APPLIED,GEN-F0130-001-N-NE,"1,075",INTERNAL_SERVICE,Pondok Indah,Fikri,B 4878 SVT,0
"Sep 29, 2025, 17:20",WO-145346884653833808,SPAREPART,87eede8f-1064-4c4e-912d-9319aa96d5b0,Brake Pad H3 FR / RR H3,"26,000","26,000",2,0,0,2,"52,000",NOT_COVERED,APPLIED,GEN-F0130-001-N-NE,"1,075",INTERNAL_SERVICE,Pondok Indah,Gerald Raditya,B 4513 SVP,0
"Sep 29, 2025, 17:20",WO-145346884653833808,SPAREPART,ec86c430-e74c-451d-8d93-6d47384acc17,Tire 90/90-12 H3 (KENDA) H3,"100,000","100,000",1,0,0,1,"100,000",NOT_COVERED,APPLIED,GEN-F0500-001-N-MA,"1,741",INTERNAL_SERVICE,Pondok Indah,Gerald Raditya,B 4513 SVP,0
"Sep 29, 2025, 17:18",WO-145346811488393748,SPAREPART,29ae4c69-46d5-4754-bf7e-f808ca55ebe7,Lock Set H3,"32,338","32,338",1,0,0,1,"32,338",NOT_COVERED,APPLIED,H3A-E70050-001-N-NE,865,INTERNAL_SERVICE,Pondok Indah,Riski Ilham priangga,B 4655 SVO,0
"Sep 29, 2025, 17:18",WO-145346811488393748,SPAREPART,87eede8f-1064-4c4e-912d-9319aa96d5b0,Brake Pad H3 FR / RR H3,"26,000","26,000",1,0,0,1,"26,000",NOT_COVERED,APPLIED,GEN-F0130-001-N-NE,"1,075",INTERNAL_SERVICE,Pondok Indah,Riski Ilham priangga,B 4655 SVO,0
"Sep 29, 2025, 17:17",WO-145339007734144592,SPAREPART,1ac25aee-ff64-497d-a915-e4617a1892ae,Bearing Nachi 6201 H3,"13,967","13,967",1,0,0,1,"13,967",NOT_COVERED,APPLIED,GEN-F0060-001-F-NE,"1,735",INTERNAL_SERVICE,Pondok Indah,muhammad faisal azri,B 4332 SWA,0
"Sep 29, 2025, 17:17",WO-145339007734144592,SPAREPART,87eede8f-1064-4c4e-912d-9319aa96d5b0,Brake Pad H3 FR / RR H3,"26,000","26,000",2,0,0,2,"52,000",NOT_COVERED,APPLIED,GEN-F0130-001-N-NE,"1,075",INTERNAL_SERVICE,Pondok Indah,muhammad faisal azri,B 4332 SWA,0
"Sep 29, 2025, 17:17",WO-145339007734144592,SPAREPART,24f4995a-befd-4ad6-a490-c6318261742f,Cover Plat Nomer H3,"18,500","18,500",1,0,0,1,"18,500",NOT_COVERED,APPLIED,GEN-A0140-001-N-MA,"1,738",INTERNAL_SERVICE,Pondok Indah,muhammad faisal azri,B 4332 SWA,0
"Sep 29, 2025, 17:09",WO-145346984109170256,SPAREPART,87eede8f-1064-4c4e-912d-9319aa96d5b0,Brake Pad H3 FR / RR H3,"26,000","26,000",2,0,0,2,"52,000",NOT_COVERED,APPLIED,GEN-F0130-001-N-NE,"1,075",INTERNAL_SERVICE,Pondok Indah,muhammad faisal azri,B 4181 SWA,0
"Sep 29, 2025, 16:56",WO-144649534956395028,SPAREPART,24f4995a-befd-4ad6-a490-c6318261742f,Cover Plat Nomer H3,"18,500","18,500",1,0,0,1,"18,500",NOT_COVERED,APPLIED,GEN-A0140-001-N-MA,"1,738",INTERNAL_SERVICE,Bekasi,Affani,B 4675 SVN,"47,350"
"Sep 29, 2025, 16:56",WO-144649534956395028,SPAREPART,588c4984-9c14-40b6-b83c-ed24d85eb72d,Side reflector (1) H5,"6,463","6,463",2,0,0,2,"12,926",NOT_COVERED,APPLIED,H5A-B0890-001-N-MA,966,INTERNAL_SERVICE,Bekasi,Affani,B 4675 SVN,"47,350"
"Sep 29, 2025, 16:55",WO-145344329836158544,SPAREPART,87eede8f-1064-4c4e-912d-9319aa96d5b0,Brake Pad H3 FR / RR H3,"26,000",0,1,0,0,1,0,NOT_COVERED,APPLIED,GEN-F0130-001-N-NE,"1,075",WALK_IN_MAINTENANCE,Bekasi,Service Advisor Bekasi,B 3643 PWE,"393,432"
"Sep 29, 2025, 16:51",WO-145204713887915600,SPAREPART,9ae448db-156e-4e8b-8980-6f520521c921,Speed control handle cable H3,"16,169",0,1,0,0,1,0,NOT_COVERED,APPLIED,H3A-E70090-001-N-BL,857,STORING,Pondok Indah,Service Advisor PI,B 4563 SVT,0
"Sep 29, 2025, 16:43",WO-145340274061631056,SPAREPART,87eede8f-1064-4c4e-912d-9319aa96d5b0,Brake Pad H3 FR / RR H3,"26,000",0,2,0,0,2,0,NOT_COVERED,APPLIED,GEN-F0130-001-N-NE,"1,075",REGULAR,Pondok Indah,Eka Pitaloka,B 4708 SVO,"76,511"
"Sep 29, 2025, 16:37",WO-145340604270795284,SPAREPART,87eede8f-1064-4c4e-912d-9319aa96d5b0,Brake Pad H3 FR / RR H3,"26,000",0,2,0,0,2,0,NOT_COVERED,APPLIED,GEN-F0130-001-N-NE,"1,075",REGULAR,Pondok Indah,Eka Pitaloka,B 3894 PWF,"32,352"
"Sep 29, 2025, 16:35",WO-145338070961512016,SPAREPART,a8261683-77ce-4c3a-969e-8c7de608fd1b,Flasher H3,"7,912","7,912",1,0,0,1,"7,912",NOT_COVERED,APPLIED,H3A-E50010-001-N-NE,874,REGULAR,Pondok Indah,Muhammad Riduwan,B 3803 PWF,"40,282"
"Sep 29, 2025, 16:28",WO-145344273666039376,SPAREPART,87eede8f-1064-4c4e-912d-9319aa96d5b0,Brake Pad H3 FR / RR H3,"26,000","26,000",1,0,0,1,"26,000",NOT_COVERED,APPLIED,GEN-F0130-001-N-NE,"1,075",INTERNAL_SERVICE,Pondok Indah,Fikri,B 3659 PWE,0
"Sep 29, 2025, 16:27",WO-145333793979390484,SPAREPART,1ac25aee-ff64-497d-a915-e4617a1892ae,Bearing Nachi 6201 H3,"13,967",0,2,0,0,2,0,NOT_COVERED,APPLIED,GEN-F0060-001-F-NE,"1,735",WALK_IN_MAINTENANCE,Pondok Indah,Eka Pitaloka,B 3910 PWF,"24,054"
"Sep 29, 2025, 16:27",WO-145333793979390484,SPAREPART,00c93cf0-bacc-4e53-aab2-4aeeebf5bf3b,Air tape PVR 50 (5 mm) H3,"3,500",0,1,0,0,1,0,NOT_COVERED,APPLIED,GEN-F0420-002-N-NE,"1,740",WALK_IN_MAINTENANCE,Pondok Indah,Eka Pitaloka,B 3910 PWF,"24,054"
"Sep 29, 2025, 16:27",WO-145333793979390484,SPAREPART,87eede8f-1064-4c4e-912d-9319aa96d5b0,Brake Pad H3 FR / RR H3,"26,000",0,2,0,0,2,0,NOT_COVERED,APPLIED,GEN-F0130-001-N-NE,"1,075",WALK_IN_MAINTENANCE,Pondok Indah,Eka Pitaloka,B 3910 PWF,"24,054"
"Sep 29, 2025, 16:27",WO-145333793979390484,SPAREPART,ec86c430-e74c-451d-8d93-6d47384acc17,Tire 90/90-12 H3 (KENDA) H3,"100,000",0,1,0,0,1,0,NOT_COVERED,APPLIED,GEN-F0500-001-N-MA,"1,741",WALK_IN_MAINTENANCE,Pondok Indah,Eka Pitaloka,B 3910 PWF,"24,054"
"Sep 29, 2025, 16:27",WO-145344329836158544,SPAREPART,ec86c430-e74c-451d-8d93-6d47384acc17,Tire 90/90-12 H3 (KENDA) H3,"100,000","100,000",1,0,0,1,"100,000",NOT_COVERED,APPLIED,GEN-F0500-001-N-MA,"1,741",WALK_IN_MAINTENANCE,Bekasi,Service Advisor Bekasi,B 3643 PWE,"393,432"
"Sep 29, 2025, 16:27",WO-145334944745414224,SPAREPART,fa116921-3f09-44e1-b709-86b1780d9253,Brake Pad Kit H5 -1-01 (Canvas Rem) H5,"39,500",0,1,0,0,1,0,NOT_COVERED,APPLIED,GEN-F1130-001-F-NE,"1,758",REGULAR,Pondok Indah,Bella Zahra,B 4874 SVN,"61,771"
"Sep 29, 2025, 16:27",WO-145334944745414224,SPAREPART,d817abf8-0b63-4932-8312-589963fffb97,Front and rear linkage disc assembly H5,"100,000","100,000",1,0,0,1,"100,000",NOT_COVERED,APPLIED,H5A-F2380-001-F-NE,975,REGULAR,Pondok Indah,Bella Zahra,B 4874 SVN,"61,771"
"Sep 29, 2025, 16:25",WO-145344105877102160,SPAREPART,87eede8f-1064-4c4e-912d-9319aa96d5b0,Brake Pad H3 FR / RR H3,"26,000",0,2,0,0,2,0,NOT_COVERED,APPLIED,GEN-F0130-001-N-NE,"1,075",REGULAR,Depok,Aji Fadilah,B 4142 SVP,"36,834"
"Sep 29, 2025, 16:22",WO-145337006161943060,SPAREPART,87eede8f-1064-4c4e-912d-9319aa96d5b0,Brake Pad H3 FR / RR H3,"26,000","26,000",2,0,0,2,"52,000",NOT_COVERED,APPLIED,GEN-F0130-001-N-NE,"1,075",REGULAR,Pondok Indah,Muhamad Chaerudin,B 4189 SWB,"26,483"
"Sep 29, 2025, 16:21",WO-145339700532502096,SPAREPART,87eede8f-1064-4c4e-912d-9319aa96d5b0,Brake Pad H3 FR / RR H3,"26,000",0,1,0,0,1,0,NEW_ONBOARDING,APPLIED,GEN-F0130-001-N-NE,"1,075",REGULAR,Pondok Indah,Muhammad Riduwan,B 3459 PWE,"47,529"
"Sep 29, 2025, 16:17",WO-145334378296270416,SPAREPART,87eede8f-1064-4c4e-912d-9319aa96d5b0,Brake Pad H3 FR / RR H3,"26,000",0,2,0,0,2,0,NOT_COVERED,APPLIED,GEN-F0130-001-N-NE,"1,075",REGULAR,Pondok Indah,Eka Pitaloka,B 5233 BWJ,"20,651"
"Sep 29, 2025, 16:14",WO-145332832561028688,SPAREPART,fa116921-3f09-44e1-b709-86b1780d9253,Brake Pad Kit H5 -1-01 (Canvas Rem) H5,"39,500",0,1,0,0,1,0,NOT_COVERED,APPLIED,GEN-F1130-001-F-NE,"1,758",REPO_MAINTENANCE,Kembangan,Irawan,B 5299 SVL,"2,542"
"Sep 29, 2025, 16:14",WO-145332832561028688,SPAREPART,79e0bbc0-0b87-4142-8e3f-0b3ccdc86641,Brake Pad Kit H5 -2-01 (Canvas Rem) H5,"28,500",0,1,0,0,1,0,NOT_COVERED,APPLIED,GEN-F1140-001-R-NE,"1,759",REPO_MAINTENANCE,Kembangan,Irawan,B 5299 SVL,"2,542"
"Sep 29, 2025, 16:12",WO-145302497525783060,SPAREPART,ef497358-de41-434c-9d32-8aeb8e165def,Full set of steel bowls H5,"57,454",0,1,0,0,1,0,NOT_COVERED,APPLIED,GEN-F0840-001-F-NE,981,WALK_IN_MAINTENANCE,Pondok Indah,Eka Pitaloka,B 4703 SVN,"49,148"
"Sep 29, 2025, 16:12",WO-145332951662483988,SPAREPART,87eede8f-1064-4c4e-912d-9319aa96d5b0,Brake Pad H3 FR / RR H3,"26,000",0,1,0,0,1,0,NEW_ONBOARDING,APPLIED,GEN-F0130-001-N-NE,"1,075",REGULAR,Pondok Indah,Muhammad Riduwan,B 4776 SVO,"10,752"
"Sep 29, 2025, 16:09",WO-145336008186027600,SPAREPART,6f887a0a-e2ae-4556-afe9-b554bb26559f,Headlight H3,"100,000",0,1,0,0,1,0,NOT_COVERED,APPLIED,H3A-E60030-001-N-NE,821,WALK_IN_MAINTENANCE,Pondok Indah,Eka Pitaloka,B 4386 SVP,"33,049"
"Sep 29, 2025, 16:09",WO-145336008186027600,SPAREPART,87eede8f-1064-4c4e-912d-9319aa96d5b0,Brake Pad H3 FR / RR H3,"26,000",0,2,0,0,2,0,NOT_COVERED,APPLIED,GEN-F0130-001-N-NE,"1,075",WALK_IN_MAINTENANCE,Pondok Indah,Eka Pitaloka,B 4386 SVP,"33,049"
"Sep 29, 2025, 16:09",WO-145336008186027600,SPAREPART,c52ca52a-85ef-43ad-8637-a9a65142da16,Rear disc brake disc H3,"26,519",0,1,0,0,1,0,NOT_COVERED,APPLIED,GEN-F0190-001-R-NE,854,WALK_IN_MAINTENANCE,Pondok Indah,Eka Pitaloka,B 4386 SVP,"33,049"
"Sep 29, 2025, 16:08",WO-145313522136406548,SPAREPART,1ac25aee-ff64-497d-a915-e4617a1892ae,Bearing Nachi 6201 H3,"13,967","13,967",2,0,0,2,"27,934",NOT_COVERED,APPLIED,GEN-F0060-001-F-NE,"1,735",INTERNAL_SERVICE,Bekasi,Faiz Zaidan Alghifari Ramadhan,B 5247 SVL,"18,915"
"Sep 29, 2025, 16:08",WO-145313522136406548,SPAREPART,8ce4250a-b0be-4d3c-97ca-b3dda84a0b6d,Bearing Nachi 6004 H5,"17,980","17,980",1,0,0,1,"17,980",NOT_COVERED,APPLIED,GEN-F0580-001-R-NE,"1,760",INTERNAL_SERVICE,Bekasi,Faiz Zaidan Alghifari Ramadhan,B 5247 SVL,"18,915"
"Sep 29, 2025, 16:07",WO-145330015012150864,SPAREPART,fa116921-3f09-44e1-b709-86b1780d9253,Brake Pad Kit H5 -1-01 (Canvas Rem) H5,"39,500",0,1,0,0,1,0,NOT_COVERED,APPLIED,GEN-F1130-001-F-NE,"1,758",REGULAR,Pondok Indah,Eka Pitaloka,B 5080 SVL,"8,756"
"Sep 29, 2025, 16:07",WO-145330015012150864,SPAREPART,79e0bbc0-0b87-4142-8e3f-0b3ccdc86641,Brake Pad Kit H5 -2-01 (Canvas Rem) H5,"28,500",0,1,0,0,1,0,NOT_COVERED,APPLIED,GEN-F1140-001-R-NE,"1,759",REGULAR,Pondok Indah,Eka Pitaloka,B 5080 SVL,"8,756"
"Sep 29, 2025, 16:04",WO-145342079139076628,SPAREPART,87eede8f-1064-4c4e-912d-9319aa96d5b0,Brake Pad H3 FR / RR H3,"26,000",0,2,0,0,2,0,NOT_COVERED,APPLIED,GEN-F0130-001-N-NE,"1,075",REPO_MAINTENANCE,Pondok Indah,Naufal Rabbani,B 4301 SWA,"14,135"
"Sep 29, 2025, 16:04",WO-145342079139076628,SPAREPART,1ac25aee-ff64-497d-a915-e4617a1892ae,Bearing Nachi 6201 H3,"13,967",0,1,0,0,1,0,NOT_COVERED,APPLIED,GEN-F0060-001-F-NE,"1,735",REPO_MAINTENANCE,Pondok Indah,Naufal Rabbani,B 4301 SWA,"14,135"
"Sep 29, 2025, 16:04",WO-145342079139076628,SPAREPART,ec86c430-e74c-451d-8d93-6d47384acc17,Tire 90/90-12 H3 (KENDA) H3,"100,000",0,1,0,0,1,0,NOT_COVERED,APPLIED,GEN-F0500-001-N-MA,"1,741",REPO_MAINTENANCE,Pondok Indah,Naufal Rabbani,B 4301 SWA,"14,135"
"Sep 29, 2025, 16:03",WO-145292384370974288,SPAREPART,87eede8f-1064-4c4e-912d-9319aa96d5b0,Brake Pad H3 FR / RR H3,"26,000",0,2,0,0,2,0,NOT_COVERED,APPLIED,GEN-F0130-001-N-NE,"1,075",STORING,Pondok Indah,Service Advisor PI,B 4251 SVV,"307,180"
"Sep 29, 2025, 16:01",WO-145332319161440788,SPAREPART,c52ca52a-85ef-43ad-8637-a9a65142da16,Rear disc brake disc H3,"26,519","80,000",1,0,0,1,"80,000",NOT_COVERED,APPLIED,GEN-F0190-001-R-NE,854,REGULAR,Pondok Indah,Bella Zahra,B 3586 PWE,"41,226"
"Sep 29, 2025, 16:01",WO-145332319161440788,SPAREPART,87eede8f-1064-4c4e-912d-9319aa96d5b0,Brake Pad H3 FR / RR H3,"26,000",0,2,0,0,2,0,NOT_COVERED,APPLIED,GEN-F0130-001-N-NE,"1,075",REGULAR,Pondok Indah,Bella Zahra,B 3586 PWE,"41,226"
"Sep 29, 2025, 16:01",WO-145332319161440788,SPAREPART,ec86c430-e74c-451d-8d93-6d47384acc17,Tire 90/90-12 H3 (KENDA) H3,"100,000","100,000",1,0,0,1,"100,000",NOT_COVERED,APPLIED,GEN-F0500-001-N-MA,"1,741",REGULAR,Pondok Indah,Bella Zahra,B 3586 PWE,"41,226"
"Sep 29, 2025, 16:01",WO-145328566937083472,SPAREPART,87eede8f-1064-4c4e-912d-9319aa96d5b0,Brake Pad H3 FR / RR H3,"26,000",0,2,0,0,2,0,NOT_COVERED,APPLIED,GEN-F0130-001-N-NE,"1,075",REGULAR,Pondok Indah,Bella Zahra,B 4623 SVP,"41,431"
"Sep 29, 2025, 16:01",WO-145328566937083472,SPAREPART,1ac25aee-ff64-497d-a915-e4617a1892ae,Bearing Nachi 6201 H3,"13,967","27,000",2,0,0,2,"54,000",NOT_COVERED,APPLIED,GEN-F0060-001-F-NE,"1,735",REGULAR,Pondok Indah,Bella Zahra,B 4623 SVP,"41,431"
"Sep 29, 2025, 15:59",WO-145341581946280468,SPAREPART,b9d1544b-4822-4e87-8c8a-ad3eccb9bf75,Rear mirror H3,"26,000","26,000",1,0,0,1,"26,000",NOT_COVERED,APPLIED,GEN-A0050-001-R-NE,859,INTERNAL_SERVICE,Bekasi,Affani,B 4462 SWA,"178,349"
"Sep 29, 2025, 15:57",WO-145341415818288720,SPAREPART,b9d1544b-4822-4e87-8c8a-ad3eccb9bf75,Rear mirror H3,"26,000","26,000",1,0,0,1,"26,000",NOT_COVERED,APPLIED,GEN-A0050-001-R-NE,859,INTERNAL_SERVICE,Bekasi,Affani,B 4182 SVT,"375,705"
"Sep 29, 2025, 15:49",WO-145340531407347280,SPAREPART,79e0bbc0-0b87-4142-8e3f-0b3ccdc86641,Brake Pad Kit H5 -2-01 (Canvas Rem) H5,"28,500",0,1,0,0,1,0,NOT_COVERED,APPLIED,GEN-F1140-001-R-NE,"1,759",REGULAR,Bekasi,Service Advisor Bekasi,B 5191 SVL,"25,760"
"Sep 29, 2025, 15:49",WO-145340531407347280,SPAREPART,fa116921-3f09-44e1-b709-86b1780d9253,Brake Pad Kit H5 -1-01 (Canvas Rem) H5,"39,500",0,1,0,0,1,0,NOT_COVERED,APPLIED,GEN-F1130-001-F-NE,"1,758",REGULAR,Bekasi,Service Advisor Bekasi,B 5191 SVL,"25,760"
"Sep 29, 2025, 15:47",WO-145329373484964372,SPAREPART,6f887a0a-e2ae-4556-afe9-b554bb26559f,Headlight H3,"100,000",0,1,0,0,1,0,NOT_COVERED,APPLIED,H3A-E60030-001-N-NE,821,WALK_IN_MAINTENANCE,Pondok Indah,Eka Pitaloka,B 4480 SVR,"55,062"
"Sep 29, 2025, 15:46",WO-145326221801053776,SPAREPART,fa116921-3f09-44e1-b709-86b1780d9253,Brake Pad Kit H5 -1-01 (Canvas Rem) H5,"39,500",0,1,0,0,1,0,NEW_ONBOARDING,APPLIED,GEN-F1130-001-F-NE,"1,758",REGULAR,Pondok Indah,Muhammad Riduwan,B 5028 SVL,"38,721"
"Sep 29, 2025, 15:46",WO-145326221801053776,SPAREPART,1ac25aee-ff64-497d-a915-e4617a1892ae,Bearing Nachi 6201 H3,"13,967","13,967",1,0,0,1,"13,967",NOT_COVERED,APPLIED,GEN-F0060-001-F-NE,"1,735",REGULAR,Pondok Indah,Muhammad Riduwan,B 5028 SVL,"38,721"
"Sep 29, 2025, 15:46",WO-145326221801053776,SPAREPART,37dc324d-ba63-404f-b663-747c4a4566a1,disc Brake H5,"70,000","70,000",1,0,0,1,"70,000",NOT_COVERED,APPLIED,GEN-F1120-001-R-NE,"1,761",REGULAR,Pondok Indah,Muhammad Riduwan,B 5028 SVL,"38,721"
"Sep 29, 2025, 15:46",WO-145326221801053776,SPAREPART,79e0bbc0-0b87-4142-8e3f-0b3ccdc86641,Brake Pad Kit H5 -2-01 (Canvas Rem) H5,"28,500",0,1,0,0,1,0,NEW_ONBOARDING,APPLIED,GEN-F1140-001-R-NE,"1,759",REGULAR,Pondok Indah,Muhammad Riduwan,B 5028 SVL,"38,721"
"Sep 29, 2025, 15:46",WO-145326221801053776,SPAREPART,dd2a8a8a-2754-4afb-a57e-cb1336bb234c,Front fender H5,"91,241","91,241",1,0,0,1,"91,241",NOT_COVERED,APPLIED,H5A-B0760-001-F-BL,883,REGULAR,Pondok Indah,Muhammad Riduwan,B 5028 SVL,"38,721"
"Sep 29, 2025, 15:44",WO-145327579446925844,SPAREPART,87eede8f-1064-4c4e-912d-9319aa96d5b0,Brake Pad H3 FR / RR H3,"26,000","26,000",2,0,0,2,"52,000",NOT_COVERED,APPLIED,GEN-F0130-001-N-NE,"1,075",REGULAR,Pondok Indah,Muhamad Chaerudin,B 4191 SVV,"21,088"
"Sep 29, 2025, 15:37",WO-144488300709699152,SPAREPART,64cde6f9-4cf9-4026-88c7-51d71c6d8351,Capricorn five switches (Headlight always on) H5,"24,173",0,1,0,0,1,0,NOT_COVERED,APPLIED,H5A-E60170-001-N-NE,951,REPO_MAINTENANCE,Pondok Indah,Service Advisor PI,B 5134 SVL,"12,235"
"Sep 29, 2025, 15:37",WO-144488300709699152,SPAREPART,d817abf8-0b63-4932-8312-589963fffb97,Front and rear linkage disc assembly H5,"100,000",0,1,0,0,1,0,NOT_COVERED,APPLIED,H5A-F2380-001-F-NE,975,REPO_MAINTENANCE,Pondok Indah,Service Advisor PI,B 5134 SVL,"12,235"
"Sep 29, 2025, 15:33",WO-145331978869169744,SPAREPART,ec86c430-e74c-451d-8d93-6d47384acc17,Tire 90/90-12 H3 (KENDA) H3,"100,000",0,1,0,0,1,0,NOT_COVERED,APPLIED,GEN-F0500-001-N-MA,"1,741",STORING,Pondok Indah,Eka Pitaloka,B 4714 SVP,"36,853"
"Sep 29, 2025, 15:33",WO-145329373484964372,SPAREPART,87eede8f-1064-4c4e-912d-9319aa96d5b0,Brake Pad H3 FR / RR H3,"26,000",0,2,0,0,2,0,NOT_COVERED,APPLIED,GEN-F0130-001-N-NE,"1,075",WALK_IN_MAINTENANCE,Pondok Indah,Eka Pitaloka,B 4480 SVR,"55,062"
"Sep 29, 2025, 15:33",WO-145329373484964372,SPAREPART,849a10fd-aa14-4894-927f-c8045f2bc1f9,Front disc brake assembly without logo H3,"100,000",0,1,0,0,1,0,NOT_COVERED,APPLIED,H3A-F0120-001-F-NE,850,WALK_IN_MAINTENANCE,Pondok Indah,Eka Pitaloka,B 4480 SVR,"55,062"
"Sep 29, 2025, 15:33",WO-145329373484964372,SPAREPART,c52ca52a-85ef-43ad-8637-a9a65142da16,Rear disc brake disc H3,"26,519",0,1,0,0,1,0,NOT_COVERED,APPLIED,GEN-F0190-001-R-NE,854,WALK_IN_MAINTENANCE,Pondok Indah,Eka Pitaloka,B 4480 SVR,"55,062"
"Sep 29, 2025, 15:33",WO-145329373484964372,SPAREPART,1ac25aee-ff64-497d-a915-e4617a1892ae,Bearing Nachi 6201 H3,"13,967",0,2,0,0,2,0,NOT_COVERED,APPLIED,GEN-F0060-001-F-NE,"1,735",WALK_IN_MAINTENANCE,Pondok Indah,Eka Pitaloka,B 4480 SVR,"55,062"
"Sep 29, 2025, 15:31",WO-145333287357800016,SPAREPART,0e0b97f2-dbdf-406c-9f9f-50593bec1724,Cable throttle holder H5,"5,129","41,000",1,0,0,1,"41,000",NOT_COVERED,APPLIED,H5A-E70160-001-N-NE,950,STORING,Pondok Indah,Bella Zahra,B 4019 SVO,"36,784"
"Sep 29, 2025, 15:28",WO-145338253900275280,SPAREPART,24f4995a-befd-4ad6-a490-c6318261742f,Cover Plat Nomer H3,"18,500","18,500",1,0,0,1,"18,500",NOT_COVERED,APPLIED,GEN-A0140-001-N-MA,"1,738",INTERNAL_SERVICE,Bekasi,Affani,B 4554 SVR,"518,709"
"Sep 29, 2025, 15:28",WO-145338253900275280,SPAREPART,b9d1544b-4822-4e87-8c8a-ad3eccb9bf75,Rear mirror H3,"26,000","26,000",1,0,0,1,"26,000",NOT_COVERED,APPLIED,GEN-A0050-001-R-NE,859,INTERNAL_SERVICE,Bekasi,Affani,B 4554 SVR,"518,709"
"Sep 29, 2025, 15:07",WO-145330420400019988,SPAREPART,87eede8f-1064-4c4e-912d-9319aa96d5b0,Brake Pad H3 FR / RR H3,"26,000",0,2,0,0,2,0,NOT_COVERED,APPLIED,GEN-F0130-001-N-NE,"1,075",WALK_IN_MAINTENANCE,Kembangan,Irawan,B 4632 SWA,"20,685"
"Sep 29, 2025, 15:04",WO-145335214355275344,SPAREPART,87eede8f-1064-4c4e-912d-9319aa96d5b0,Brake Pad H3 FR / RR H3,"26,000",0,2,0,0,2,0,NOT_COVERED,APPLIED,GEN-F0130-001-N-NE,"1,075",REGULAR,Depok,Aji Fadilah,B 3511 PWE,"189,788"
"Sep 29, 2025, 15:03",WO-145335925742788176,SPAREPART,87eede8f-1064-4c4e-912d-9319aa96d5b0,Brake Pad H3 FR / RR H3,"26,000",0,2,0,0,2,0,NEW_ONBOARDING,APPLIED,GEN-F0130-001-N-NE,"1,075",STORING,Kembangan,Andi hidayat,B 4370 SVR,"71,750"
"Sep 29, 2025, 15:03",WO-145316397885447760,SPAREPART,24f4995a-befd-4ad6-a490-c6318261742f,Cover Plat Nomer H3,"18,500","18,500",1,0,0,1,"18,500",NOT_COVERED,APPLIED,GEN-A0140-001-N-MA,"1,738",REGULAR,Pondok Indah,Dani Setiawan,B 4708 SVT,"30,922"
"Sep 29, 2025, 15:03",WO-145316397885447760,SPAREPART,b9d1544b-4822-4e87-8c8a-ad3eccb9bf75,Rear mirror H3,"26,000","26,000",1,0,0,1,"26,000",NOT_COVERED,APPLIED,GEN-A0050-001-R-NE,859,REGULAR,Pondok Indah,Dani Setiawan,B 4708 SVT,"30,922"
"Sep 29, 2025, 15:03",WO-145316397885447760,SPAREPART,87eede8f-1064-4c4e-912d-9319aa96d5b0,Brake Pad H3 FR / RR H3,"26,000","26,000",1,0,0,1,"26,000",NOT_COVERED,APPLIED,GEN-F0130-001-N-NE,"1,075",REGULAR,Pondok Indah,Dani Setiawan,B 4708 SVT,"30,922"
"Sep 29, 2025, 15:02",WO-145335077889399316,SPAREPART,87eede8f-1064-4c4e-912d-9319aa96d5b0,Brake Pad H3 FR / RR H3,"26,000",0,2,0,0,2,0,NOT_COVERED,APPLIED,GEN-F0130-001-N-NE,"1,075",REGULAR,Depok,Aji Fadilah,B 4308 SWA,"21,226"
"Sep 29, 2025, 15:00",WO-145316397885447760,SPAREPART,0e63dd11-3dfb-40f2-9820-7fc9cc0b12bc,Front fork bearings H3,"42,021","42,021",1,0,0,1,"42,021",NOT_COVERED,APPLIED,GEN-F0100-001-F-NE,849,REGULAR,Pondok Indah,Dani Setiawan,B 4708 SVT,"30,922"
"Sep 29, 2025, 14:49",WO-145334583280294420,SPAREPART,87eede8f-1064-4c4e-912d-9319aa96d5b0,Brake Pad H3 FR / RR H3,"26,000",0,2,0,0,2,0,NOT_COVERED,APPLIED,GEN-F0130-001-N-NE,"1,075",REGULAR,Bekasi,Service Advisor Bekasi,B 3858 PWF,"412,731"
"Sep 29, 2025, 14:49",WO-145315491362135632,SPAREPART,ec86c430-e74c-451d-8d93-6d47384acc17,Tire 90/90-12 H3 (KENDA) H3,"100,000","100,000",1,0,0,1,"100,000",NOT_COVERED,APPLIED,GEN-F0500-001-N-MA,"1,741",REGULAR,Pondok Indah,Bella Zahra,B 3555 PWE,"35,862"
"Sep 29, 2025, 14:49",WO-145315491362135632,SPAREPART,87eede8f-1064-4c4e-912d-9319aa96d5b0,Brake Pad H3 FR / RR H3,"26,000",0,2,0,0,2,0,NOT_COVERED,APPLIED,GEN-F0130-001-N-NE,"1,075",REGULAR,Pondok Indah,Bella Zahra,B 3555 PWE,"35,862"
"Sep 29, 2025, 14:46",WO-145333394715205200,SPAREPART,29ae4c69-46d5-4754-bf7e-f808ca55ebe7,Lock Set H3,"32,338","100,000",1,0,0,1,"100,000",NOT_COVERED,APPLIED,H3A-E70050-001-N-NE,865,STORING,Pondok Indah,Bella Zahra,B 4742 SVP,"35,674"
"Sep 29, 2025, 14:45",WO-145334068169431572,SPAREPART,87eede8f-1064-4c4e-912d-9319aa96d5b0,Brake Pad H3 FR / RR H3,"26,000",0,1,0,0,1,0,NOT_COVERED,APPLIED,GEN-F0130-001-N-NE,"1,075",REGULAR,Bekasi,Service Advisor Bekasi,B 4619 SVP,"632,741"
"Sep 29, 2025, 14:45",WO-145334068169431572,SPAREPART,ec86c430-e74c-451d-8d93-6d47384acc17,Tire 90/90-12 H3 (KENDA) H3,"100,000","100,000",1,0,0,1,"100,000",NOT_COVERED,APPLIED,GEN-F0500-001-N-MA,"1,741",REGULAR,Bekasi,Service Advisor Bekasi,B 4619 SVP,"632,741"
"Sep 29, 2025, 14:44",WO-145333964704341584,SPAREPART,87eede8f-1064-4c4e-912d-9319aa96d5b0,Brake Pad H3 FR / RR H3,"26,000",0,2,0,0,2,0,NOT_COVERED,APPLIED,GEN-F0130-001-N-NE,"1,075",WALK_IN_MAINTENANCE,Depok,Aji Fadilah,B 5347 SVL,"85,625"
"Sep 29, 2025, 14:34",WO-145332955286363728,SPAREPART,87eede8f-1064-4c4e-912d-9319aa96d5b0,Brake Pad H3 FR / RR H3,"26,000",0,2,0,0,2,0,NOT_COVERED,APPLIED,GEN-F0130-001-N-NE,"1,075",WALK_IN_MAINTENANCE,Depok,Aji Fadilah,B 3642 PWE,"30,896"
"Sep 29, 2025, 14:32",WO-145326874719968848,SPAREPART,ec86c430-e74c-451d-8d93-6d47384acc17,Tire 90/90-12 H3 (KENDA) H3,"135,796","135,796",1,0,0,1,"135,796",NOT_COVERED,APPLIED,GEN-F0500-001-N-MA,"1,741",REGULAR,Pondok Indah,Muhammad Riduwan,B 4596 SVV,"36,029"
"Sep 29, 2025, 14:27",WO-145316344735226388,SPAREPART,87eede8f-1064-4c4e-912d-9319aa96d5b0,Brake Pad H3 FR / RR H3,"26,000",0,1,0,0,1,0,NOT_COVERED,APPLIED,GEN-F0130-001-N-NE,"1,075",WALK_IN_MAINTENANCE,Pondok Indah,Eka Pitaloka,B 4092 SVT,"42,790"
"Sep 29, 2025, 14:27",WO-145316344735226388,SPAREPART,1ac25aee-ff64-497d-a915-e4617a1892ae,Bearing Nachi 6201 H3,"13,967",0,1,0,0,1,0,NOT_COVERED,APPLIED,GEN-F0060-001-F-NE,"1,735",WALK_IN_MAINTENANCE,Pondok Indah,Eka Pitaloka,B 4092 SVT,"42,790"
"Sep 29, 2025, 14:27",WO-145316344735226388,SPAREPART,0e63dd11-3dfb-40f2-9820-7fc9cc0b12bc,Front fork bearings H3,"42,021",0,1,0,0,1,0,NOT_COVERED,APPLIED,GEN-F0100-001-F-NE,849,WALK_IN_MAINTENANCE,Pondok Indah,Eka Pitaloka,B 4092 SVT,"42,790"
"Sep 29, 2025, 14:27",WO-145316344735226388,SPAREPART,e0402ad2-4c70-44c0-b2a2-8bccaf20ce7b,Steering rack assembly 6.42±0.04kg H3,"100,000",0,1,0,0,1,0,NOT_COVERED,APPLIED,H3A-F0070-001-N-NE,845,WALK_IN_MAINTENANCE,Pondok Indah,Eka Pitaloka,B 4092 SVT,"42,790"
"Sep 29, 2025, 14:24",WO-145331992777480724,SPAREPART,87eede8f-1064-4c4e-912d-9319aa96d5b0,Brake Pad H3 FR / RR H3,"26,000",0,2,0,0,2,0,NOT_COVERED,APPLIED,GEN-F0130-001-N-NE,"1,075",REGULAR,Depok,Aji Fadilah,B 4133 SWB,"202,326"
"Sep 29, 2025, 14:24",WO-145331992777480724,SPAREPART,ec86c430-e74c-451d-8d93-6d47384acc17,Tire 90/90-12 H3 (KENDA) H3,"100,000","100,000",1,0,0,1,"100,000",NOT_COVERED,APPLIED,GEN-F0500-001-N-MA,"1,741",REGULAR,Depok,Aji Fadilah,B 4133 SWB,"202,326"
"Sep 29, 2025, 14:23",WO-145310375267556944,SPAREPART,849a10fd-aa14-4894-927f-c8045f2bc1f9,Front disc brake assembly without logo H3,"100,000","100,000",1,0,0,1,"100,000",NOT_COVERED,APPLIED,H3A-F0120-001-F-NE,850,WALK_IN_MAINTENANCE,Bekasi,Affani,B 4417 SVR,"661,605"
"Sep 29, 2025, 14:22",WO-145327365872966164,SPAREPART,79e0bbc0-0b87-4142-8e3f-0b3ccdc86641,Brake Pad Kit H5 -2-01 (Canvas Rem) H5,"28,500",0,1,0,0,1,0,NOT_COVERED,APPLIED,GEN-F1140-001-R-NE,"1,759",WALK_IN_MAINTENANCE,Pondok Indah,Eka Pitaloka,B 5202 SVL,"41,142"
"Sep 29, 2025, 14:22",WO-145327365872966164,SPAREPART,11409fb3-6031-43ba-bf50-6fb52f24b60c,Reverse switch H5,"6,785",0,1,0,0,1,0,NOT_COVERED,APPLIED,H5A-E70120-001-N-NE,952,WALK_IN_MAINTENANCE,Pondok Indah,Eka Pitaloka,B 5202 SVL,"41,142"
"Sep 29, 2025, 14:22",WO-145327365872966164,SPAREPART,fa116921-3f09-44e1-b709-86b1780d9253,Brake Pad Kit H5 -1-01 (Canvas Rem) H5,"39,500",0,1,0,0,1,0,NOT_COVERED,APPLIED,GEN-F1130-001-F-NE,"1,758",WALK_IN_MAINTENANCE,Pondok Indah,Eka Pitaloka,B 5202 SVL,"41,142"
"Sep 29, 2025, 14:14",WO-145314255502072340,SPAREPART,87eede8f-1064-4c4e-912d-9319aa96d5b0,Brake Pad H3 FR / RR H3,"26,000",0,1,0,0,1,0,NEW_ONBOARDING,APPLIED,GEN-F0130-001-N-NE,"1,075",REGULAR,Pondok Indah,Muhammad Riduwan,B 4633 SVT,"48,299"
"Sep 29, 2025, 14:10",WO-145330435499515472,SPAREPART,d625acb9-40c7-43a1-9f20-99489c41ef5f,Front disc brake disc H3,"56,580",0,1,0,0,1,0,NEW_ONBOARDING,APPLIED,GEN-F0140-001-F-NE,853,STORING,Kembangan,Andi hidayat,B 4524 SVT,"44,857"
"Sep 29, 2025, 14:10",WO-145330435499515472,SPAREPART,6f887a0a-e2ae-4556-afe9-b554bb26559f,Headlight H3,"427,432",0,1,0,0,1,0,NEW_ONBOARDING,APPLIED,H3A-E60030-001-N-NE,821,STORING,Kembangan,Andi hidayat,B 4524 SVT,"44,857"
"Sep 29, 2025, 14:10",WO-145330435499515472,SPAREPART,87eede8f-1064-4c4e-912d-9319aa96d5b0,Brake Pad H3 FR / RR H3,"26,000",0,2,0,0,2,0,NEW_ONBOARDING,APPLIED,GEN-F0130-001-N-NE,"1,075",STORING,Kembangan,Andi hidayat,B 4524 SVT,"44,857"
"Sep 29, 2025, 14:05",WO-145329840243891792,SPAREPART,87eede8f-1064-4c4e-912d-9319aa96d5b0,Brake Pad H3 FR / RR H3,"26,000",0,2,0,0,2,0,NEW_ONBOARDING,APPLIED,GEN-F0130-001-N-NE,"1,075",REGULAR,Kembangan,Andi hidayat,B 4819 SVS,"45,086"
"Sep 29, 2025, 13:53",WO-145313385485982228,SPAREPART,5075f880-8de8-488e-9bca-4db3d05c3583,Brake pad Front H1 - Fr H1,"26,000",0,1,0,0,1,0,NOT_COVERED,APPLIED,GEN-F1280-001-N-NE,"1,789",STORING,Pondok Indah,Eka Pitaloka,B 4686 SWB,"78,457"
"Sep 29, 2025, 13:52",WO-145310639995247124,SPAREPART,87eede8f-1064-4c4e-912d-9319aa96d5b0,Brake Pad H3 FR / RR H3,"26,000",0,2,0,0,2,0,NOT_COVERED,APPLIED,GEN-F0130-001-N-NE,"1,075",REGULAR,Pondok Indah,Eka Pitaloka,B 4613 SWA,"62,721"
"Sep 29, 2025, 13:52",WO-145312833616239124,SPAREPART,ec86c430-e74c-451d-8d93-6d47384acc17,Tire 90/90-12 H3 (KENDA) H3,"100,000","100,000",1,0,0,1,"100,000",NOT_COVERED,APPLIED,GEN-F0500-001-N-MA,"1,741",REGULAR,Pondok Indah,Bella Zahra,B 4023 SWB,"30,827"
"Sep 29, 2025, 13:52",WO-145312833616239124,SPAREPART,87eede8f-1064-4c4e-912d-9319aa96d5b0,Brake Pad H3 FR / RR H3,"26,000",0,1,0,0,1,0,NOT_COVERED,APPLIED,GEN-F0130-001-N-NE,"1,075",REGULAR,Pondok Indah,Bella Zahra,B 4023 SWB,"30,827"
"Sep 29, 2025, 13:51",WO-144500779502296656,SPAREPART,849a10fd-aa14-4894-927f-c8045f2bc1f9,Front disc brake assembly without logo H3,"100,000",0,1,0,0,1,0,NOT_COVERED,APPLIED,H3A-F0120-001-F-NE,850,REPO_MAINTENANCE,Pondok Indah,Service Advisor PI,B 4633 SVP,"45,236"
"Sep 29, 2025, 13:51",WO-144500779502296656,SPAREPART,1ac25aee-ff64-497d-a915-e4617a1892ae,Bearing Nachi 6201 H3,"13,967",0,2,0,0,2,0,NOT_COVERED,APPLIED,GEN-F0060-001-F-NE,"1,735",REPO_MAINTENANCE,Pondok Indah,Service Advisor PI,B 4633 SVP,"45,236"
"Sep 29, 2025, 13:50",WO-145313321329908244,SPAREPART,87eede8f-1064-4c4e-912d-9319aa96d5b0,Brake Pad H3 FR / RR H3,"26,000",0,1,0,0,1,0,NEW_ONBOARDING,APPLIED,GEN-F0130-001-N-NE,"1,075",REGULAR,Pondok Indah,Muhammad Riduwan,B 4849 SVP,"62,529"
"Sep 29, 2025, 13:50",WO-145311073484954132,SPAREPART,87eede8f-1064-4c4e-912d-9319aa96d5b0,Brake Pad H3 FR / RR H3,"26,000","26,000",2,0,0,2,"52,000",NOT_COVERED,APPLIED,GEN-F0130-001-N-NE,"1,075",REGULAR,Pondok Indah,Ahmad Agus Sudiro Parhusnan Marzuki,B 4997 SWC,"3,861"
"Sep 29, 2025, 13:50",WO-145311073484954132,SPAREPART,e690e2c0-63af-4657-8428-91e226c44d8b,Horn H3,"11,983","11,983",1,0,0,1,"11,983",NOT_COVERED,APPLIED,H3A-E60040-001-N-NE,872,REGULAR,Pondok Indah,Ahmad Agus Sudiro Parhusnan Marzuki,B 4997 SWC,"3,861"
"Sep 29, 2025, 13:50",WO-145311073484954132,SPAREPART,ec86c430-e74c-451d-8d93-6d47384acc17,Tire 90/90-12 H3 (KENDA) H3,"135,796","135,796",1,0,0,1,"135,796",NOT_COVERED,APPLIED,GEN-F0500-001-N-MA,"1,741",REGULAR,Pondok Indah,Ahmad Agus Sudiro Parhusnan Marzuki,B 4997 SWC,"3,861"
"Sep 29, 2025, 13:48",WO-145164627129424404,SPAREPART,1ac25aee-ff64-497d-a915-e4617a1892ae,Bearing Nachi 6201 H3,"13,967","13,967",2,0,0,2,"27,934",NOT_COVERED,APPLIED,GEN-F0060-001-F-NE,"1,735",INTERNAL_SERVICE,Pondok Indah,Rizky Maulana,B 4559 SWA,"35,648"
"Sep 29, 2025, 13:48",WO-145164627129424404,SPAREPART,87eede8f-1064-4c4e-912d-9319aa96d5b0,Brake Pad H3 FR / RR H3,"26,000","26,000",2,0,0,2,"52,000",NOT_COVERED,APPLIED,GEN-F0130-001-N-NE,"1,075",INTERNAL_SERVICE,Pondok Indah,Rizky Maulana,B 4559 SWA,"35,648"
"Sep 29, 2025, 13:48",WO-145164627129424404,SPAREPART,3cb2a551-8898-476b-a8a5-0a016d76e96b,The rear disc brake assembly has no logo H3,"100,000","100,000",1,0,0,1,"100,000",NOT_COVERED,APPLIED,H3A-F0220-001-R-NE,851,INTERNAL_SERVICE,Pondok Indah,Rizky Maulana,B 4559 SWA,"35,648"
"Sep 29, 2025, 13:39",WO-145310082018598480,SPAREPART,fa116921-3f09-44e1-b709-86b1780d9253,Brake Pad Kit H5 -1-01 (Canvas Rem) H5,"39,500",0,1,0,0,1,0,NEW_ONBOARDING,APPLIED,GEN-F1130-001-F-NE,"1,758",REGULAR,Pondok Indah,Muhammad Riduwan,B 4582 SVL,"4,920"
"Sep 29, 2025, 13:39",WO-145310082018598480,SPAREPART,79e0bbc0-0b87-4142-8e3f-0b3ccdc86641,Brake Pad Kit H5 -2-01 (Canvas Rem) H5,"28,500",0,1,0,0,1,0,NEW_ONBOARDING,APPLIED,GEN-F1140-001-R-NE,"1,759",REGULAR,Pondok Indah,Muhammad Riduwan,B 4582 SVL,"4,920"
"Sep 29, 2025, 13:38",WO-145327288362229328,SPAREPART,ec86c430-e74c-451d-8d93-6d47384acc17,Tire 90/90-12 H3 (KENDA) H3,"100,000","100,000",1,0,0,1,"100,000",NOT_COVERED,APPLIED,GEN-F0500-001-N-MA,"1,741",WALK_IN_MAINTENANCE,Depok,rizki nuriman,B 4850 SVR,"67,005"
"Sep 29, 2025, 13:32",WO-145315235291486740,SPAREPART,ec86c430-e74c-451d-8d93-6d47384acc17,Tire 90/90-12 H3 (KENDA) H3,"100,000","100,000",1,0,0,1,"100,000",NOT_COVERED,APPLIED,GEN-F0500-001-N-MA,"1,741",INTERNAL_SERVICE,Pondok Indah,Putra Pratama Purwanto,B 4606 SWA,0
"Sep 29, 2025, 13:32",WO-145315235291486740,SPAREPART,00c93cf0-bacc-4e53-aab2-4aeeebf5bf3b,Air tape PVR 50 (5 mm) H3,"3,500","3,500",1,0,0,1,"3,500",NOT_COVERED,APPLIED,GEN-F0420-002-N-NE,"1,740",INTERNAL_SERVICE,Pondok Indah,Putra Pratama Purwanto,B 4606 SWA,0
"Sep 29, 2025, 13:32",WO-145315235291486740,SPAREPART,87eede8f-1064-4c4e-912d-9319aa96d5b0,Brake Pad H3 FR / RR H3,"26,000","26,000",2,0,0,2,"52,000",NOT_COVERED,APPLIED,GEN-F0130-001-N-NE,"1,075",INTERNAL_SERVICE,Pondok Indah,Putra Pratama Purwanto,B 4606 SWA,0
"Sep 29, 2025, 13:30",WO-145324898682690068,SPAREPART,5075f880-8de8-488e-9bca-4db3d05c3583,Brake pad Front H1 - Fr H1,"26,000",0,1,0,0,1,0,NOT_COVERED,APPLIED,GEN-F1280-001-N-NE,"1,789",REGULAR,Pondok Indah,Eka Pitaloka,B 4654 SWD,"4,617"
"Sep 29, 2025, 13:26",WO-145312402072689172,SPAREPART,1ac25aee-ff64-497d-a915-e4617a1892ae,Bearing Nachi 6201 H3,"13,967","13,967",2,0,0,2,"27,934",NOT_COVERED,APPLIED,GEN-F0060-001-F-NE,"1,735",REGULAR,Pondok Indah,Dani Setiawan,B 4167 SVV,"30,341"
"Sep 29, 2025, 13:26",WO-145312402072689172,SPAREPART,87eede8f-1064-4c4e-912d-9319aa96d5b0,Brake Pad H3 FR / RR H3,"26,000","26,000",2,0,0,2,"52,000",NOT_COVERED,APPLIED,GEN-F0130-001-N-NE,"1,075",REGULAR,Pondok Indah,Dani Setiawan,B 4167 SVV,"30,341"
"Sep 29, 2025, 13:26",WO-145324001990827600,SPAREPART,79e0bbc0-0b87-4142-8e3f-0b3ccdc86641,Brake Pad Kit H5 -2-01 (Canvas Rem) H5,"28,500",0,1,0,0,1,0,NOT_COVERED,APPLIED,GEN-F1140-001-R-NE,"1,759",REGULAR,Kembangan,Irawan,B 5188 SVL,"72,039"
"Sep 29, 2025, 13:26",WO-145324001990827600,SPAREPART,fa116921-3f09-44e1-b709-86b1780d9253,Brake Pad Kit H5 -1-01 (Canvas Rem) H5,"39,500",0,1,0,0,1,0,NOT_COVERED,APPLIED,GEN-F1130-001-F-NE,"1,758",REGULAR,Kembangan,Irawan,B 5188 SVL,"72,039"
"Sep 29, 2025, 13:23",WO-145311641024618064,SPAREPART,87eede8f-1064-4c4e-912d-9319aa96d5b0,Brake Pad H3 FR / RR H3,"26,000",0,2,0,0,2,0,NOT_COVERED,APPLIED,GEN-F0130-001-N-NE,"1,075",REGULAR,Pondok Indah,Eka Pitaloka,B 4022 SWB,"37,222"
"Sep 29, 2025, 13:21",WO-145325595323031120,SPAREPART,ef497358-de41-434c-9d32-8aeb8e165def,Full set of steel bowls H5,"57,454",0,1,0,0,1,0,NEW_ONBOARDING,APPLIED,GEN-F0840-001-F-NE,981,REGULAR,Kembangan,Rohmad Khoirul Mu'Izz,B 4115 SVO,"41,963"
"Sep 29, 2025, 13:21",WO-145325595323031120,SPAREPART,79e0bbc0-0b87-4142-8e3f-0b3ccdc86641,Brake Pad Kit H5 -2-01 (Canvas Rem) H5,"28,500",0,1,0,0,1,0,NEW_ONBOARDING,APPLIED,GEN-F1140-001-R-NE,"1,759",REGULAR,Kembangan,Rohmad Khoirul Mu'Izz,B 4115 SVO,"41,963"
"Sep 29, 2025, 13:21",WO-145325595323031120,SPAREPART,fa116921-3f09-44e1-b709-86b1780d9253,Brake Pad Kit H5 -1-01 (Canvas Rem) H5,"39,500",0,1,0,0,1,0,NEW_ONBOARDING,APPLIED,GEN-F1130-001-F-NE,"1,758",REGULAR,Kembangan,Rohmad Khoirul Mu'Izz,B 4115 SVO,"41,963"
"Sep 29, 2025, 13:18",WO-145307380064738896,SPAREPART,87eede8f-1064-4c4e-912d-9319aa96d5b0,Brake Pad H3 FR / RR H3,"26,000",0,1,0,0,1,0,NEW_ONBOARDING,APPLIED,GEN-F0130-001-N-NE,"1,075",REGULAR,Pondok Indah,Muhammad Riduwan,B 4267 SWB,"3,819"
"Sep 29, 2025, 13:18",WO-145307380064738896,SPAREPART,ec86c430-e74c-451d-8d93-6d47384acc17,Tire 90/90-12 H3 (KENDA) H3,"135,796","135,796",1,0,0,1,"135,796",NOT_COVERED,APPLIED,GEN-F0500-001-N-MA,"1,741",REGULAR,Pondok Indah,Muhammad Riduwan,B 4267 SWB,"3,819"
"Sep 29, 2025, 13:11",WO-145324548777073172,SPAREPART,87eede8f-1064-4c4e-912d-9319aa96d5b0,Brake Pad H3 FR / RR H3,"26,000",0,2,0,0,2,0,NEW_ONBOARDING,APPLIED,GEN-F0130-001-N-NE,"1,075",REGULAR,Kembangan,Andi hidayat,B 3879 PWF,"49,173"
"Sep 29, 2025, 13:03",WO-145302491033000468,SPAREPART,ec86c430-e74c-451d-8d93-6d47384acc17,Tire 90/90-12 H3 (KENDA) H3,"100,000","100,000",1,0,0,1,"100,000",NOT_COVERED,APPLIED,GEN-F0500-001-N-MA,"1,741",STORING,Pondok Indah,Ahmad Agus Sudiro Parhusnan Marzuki,B 4517 SVP,"455,770"
"Sep 29, 2025, 12:53",WO-145318047001894480,SPAREPART,87eede8f-1064-4c4e-912d-9319aa96d5b0,Brake Pad H3 FR / RR H3,"26,000",0,1,0,0,1,0,NOT_COVERED,APPLIED,GEN-F0130-001-N-NE,"1,075",REGULAR,Depok,Aji Fadilah,B 4153 SVP,"457,847"
"Sep 29, 2025, 12:51",WO-145318113355783760,SPAREPART,87eede8f-1064-4c4e-912d-9319aa96d5b0,Brake Pad H3 FR / RR H3,"26,000",0,1,0,0,1,0,NOT_COVERED,APPLIED,GEN-F0130-001-N-NE,"1,075",REGULAR,Depok,Aji Fadilah,B 4870 SVS,"443,869"
"Sep 29, 2025, 12:16",WO-145307283495083600,SPAREPART,ec86c430-e74c-451d-8d93-6d47384acc17,Tire 90/90-12 H3 (KENDA) H3,"100,000",0,1,0,0,1,0,NOT_COVERED,APPLIED,GEN-F0500-001-N-MA,"1,741",WALK_IN_MAINTENANCE,Pondok Indah,Eka Pitaloka,B 4617 SVT,"17,143"
"Sep 29, 2025, 12:16",WO-145307283495083600,SPAREPART,e690e2c0-63af-4657-8428-91e226c44d8b,Horn H3,"11,983",0,1,0,0,1,0,NOT_COVERED,APPLIED,H3A-E60040-001-N-NE,872,WALK_IN_MAINTENANCE,Pondok Indah,Eka Pitaloka,B 4617 SVT,"17,143"
"Sep 29, 2025, 12:16",WO-145307283495083600,SPAREPART,24f4995a-befd-4ad6-a490-c6318261742f,Cover Plat Nomer H3,"18,500",0,1,0,0,1,0,NOT_COVERED,APPLIED,GEN-A0140-001-N-MA,"1,738",WALK_IN_MAINTENANCE,Pondok Indah,Eka Pitaloka,B 4617 SVT,"17,143"
"Sep 29, 2025, 12:03",WO-145317783029177936,SPAREPART,87eede8f-1064-4c4e-912d-9319aa96d5b0,Brake Pad H3 FR / RR H3,"26,000",0,1,0,0,1,0,NOT_COVERED,APPLIED,GEN-F0130-001-N-NE,"1,075",REGULAR,Depok,Aji Fadilah,B 4499 SVR,"451,678"
"Sep 29, 2025, 11:59",WO-145316320626366996,SPAREPART,87eede8f-1064-4c4e-912d-9319aa96d5b0,Brake Pad H3 FR / RR H3,"26,000",0,1,0,0,1,0,NOT_COVERED,APPLIED,GEN-F0130-001-N-NE,"1,075",REGULAR,Depok,Aji Fadilah,B 4877 SVT,"508,097"
"Sep 29, 2025, 11:56",WO-145316773426650704,SPAREPART,87eede8f-1064-4c4e-912d-9319aa96d5b0,Brake Pad H3 FR / RR H3,"26,000",0,1,0,0,1,0,NOT_COVERED,APPLIED,GEN-F0130-001-N-NE,"1,075",REGULAR,Depok,Aji Fadilah,B 4221 SVT,"47,489"
"Sep 29, 2025, 11:56",WO-145316773426650704,SPAREPART,00c93cf0-bacc-4e53-aab2-4aeeebf5bf3b,Air tape PVR 50 (5 mm) H3,"3,500","24,000",1,0,0,1,"24,000",NOT_COVERED,APPLIED,GEN-F0420-002-N-NE,"1,740",REGULAR,Depok,Aji Fadilah,B 4221 SVT,"47,489"
"Sep 29, 2025, 11:56",WO-145316773426650704,SPAREPART,ec86c430-e74c-451d-8d93-6d47384acc17,Tire 90/90-12 H3 (KENDA) H3,"100,000","100,000",1,0,0,1,"100,000",NOT_COVERED,APPLIED,GEN-F0500-001-N-MA,"1,741",REGULAR,Depok,Aji Fadilah,B 4221 SVT,"47,489"
"Sep 29, 2025, 11:49",WO-145315868245515856,SPAREPART,fa116921-3f09-44e1-b709-86b1780d9253,Brake Pad Kit H5 -1-01 (Canvas Rem) H5,"39,500",0,1,0,0,1,0,NOT_COVERED,APPLIED,GEN-F1130-001-F-NE,"1,758",WALK_IN_MAINTENANCE,Kembangan,Irawan,B 5062 SVL,"38,037"
"Sep 29, 2025, 11:49",WO-145315868245515856,SPAREPART,79e0bbc0-0b87-4142-8e3f-0b3ccdc86641,Brake Pad Kit H5 -2-01 (Canvas Rem) H5,"28,500",0,1,0,0,1,0,NOT_COVERED,APPLIED,GEN-F1140-001-R-NE,"1,759",WALK_IN_MAINTENANCE,Kembangan,Irawan,B 5062 SVL,"38,037"
"Sep 29, 2025, 11:48",WO-145309439769991700,SPAREPART,87eede8f-1064-4c4e-912d-9319aa96d5b0,Brake Pad H3 FR / RR H3,"26,000",0,1,0,0,1,0,NOT_COVERED,APPLIED,GEN-F0130-001-N-NE,"1,075",REGULAR,Pondok Indah,Eka Pitaloka,B 4577 SVP,"49,979"
"Sep 29, 2025, 11:47",WO-145314273000708628,SPAREPART,79e0bbc0-0b87-4142-8e3f-0b3ccdc86641,Brake Pad Kit H5 -2-01 (Canvas Rem) H5,"28,500","28,500",1,0,0,1,"28,500",NOT_COVERED,APPLIED,GEN-F1140-001-R-NE,"1,759",INTERNAL_SERVICE,Pondok Indah,Fikri,B 5215 SVL,"7,274"
"Sep 29, 2025, 11:47",WO-145314273000708628,SPAREPART,fa116921-3f09-44e1-b709-86b1780d9253,Brake Pad Kit H5 -1-01 (Canvas Rem) H5,"39,500","39,500",1,0,0,1,"39,500",NOT_COVERED,APPLIED,GEN-F1130-001-F-NE,"1,758",INTERNAL_SERVICE,Pondok Indah,Fikri,B 5215 SVL,"7,274"
"Sep 29, 2025, 11:47",WO-145314273000708628,SPAREPART,64cde6f9-4cf9-4026-88c7-51d71c6d8351,Capricorn five switches (Headlight always on) H5,"24,173","24,173",1,0,0,1,"24,173",NOT_COVERED,APPLIED,H5A-E60170-001-N-NE,951,INTERNAL_SERVICE,Pondok Indah,Fikri,B 5215 SVL,"7,274"
"Sep 29, 2025, 11:43",WO-145315804508872272,SPAREPART,87eede8f-1064-4c4e-912d-9319aa96d5b0,Brake Pad H3 FR / RR H3,"26,000",0,2,0,0,2,0,NEW_ONBOARDING,APPLIED,GEN-F0130-001-N-NE,"1,075",REGULAR,Kembangan,Andi hidayat,B 3510 PWE,"24,318"
"Sep 29, 2025, 11:37",WO-145315238747593236,SPAREPART,87eede8f-1064-4c4e-912d-9319aa96d5b0,Brake Pad H3 FR / RR H3,"26,000",0,2,0,0,2,0,NEW_ONBOARDING,APPLIED,GEN-F0130-001-N-NE,"1,075",REGULAR,Kembangan,Rohmad Khoirul Mu'Izz,B 4062 SVT,"45,103"
"Sep 29, 2025, 11:37",WO-145313832414240336,SPAREPART,87eede8f-1064-4c4e-912d-9319aa96d5b0,Brake Pad H3 FR / RR H3,"26,000",0,1,0,0,1,0,NOT_COVERED,APPLIED,GEN-F0130-001-N-NE,"1,075",WALK_IN_MAINTENANCE,Pondok Indah,Eka Pitaloka,B 3903 PWF,"34,061"
"Sep 29, 2025, 11:36",WO-145305401544432148,SPAREPART,79e0bbc0-0b87-4142-8e3f-0b3ccdc86641,Brake Pad Kit H5 -2-01 (Canvas Rem) H5,"28,500",0,1,0,0,1,0,NOT_COVERED,APPLIED,GEN-F1140-001-R-NE,"1,759",REGULAR,Pondok Indah,Eka Pitaloka,B 4432 SWD,"46,084"
"Sep 29, 2025, 11:23",WO-145293602010979920,SPAREPART,87eede8f-1064-4c4e-912d-9319aa96d5b0,Brake Pad H3 FR / RR H3,"26,000",0,1,0,0,1,0,NOT_COVERED,APPLIED,GEN-F0130-001-N-NE,"1,075",STORING,Pondok Indah,Naufal Rabbani,B 4077 SWB,"297,119"
"Sep 29, 2025, 11:23",WO-145293602010979920,SPAREPART,ec86c430-e74c-451d-8d93-6d47384acc17,Tire 90/90-12 H3 (KENDA) H3,"100,000",0,1,0,0,1,0,NOT_COVERED,APPLIED,GEN-F0500-001-N-MA,"1,741",STORING,Pondok Indah,Naufal Rabbani,B 4077 SWB,"297,119"
"Sep 29, 2025, 11:21",WO-145307963693750804,SPAREPART,87eede8f-1064-4c4e-912d-9319aa96d5b0,Brake Pad H3 FR / RR H3,"26,000","26,000",2,0,0,2,"52,000",NOT_COVERED,APPLIED,GEN-F0130-001-N-NE,"1,075",REGULAR,Pondok Indah,Ahmad Agus Sudiro Parhusnan Marzuki,B 4061 SWD,"48,762"
"Sep 29, 2025, 11:21",WO-145306782829403728,SPAREPART,5075f880-8de8-488e-9bca-4db3d05c3583,Brake pad Front H1 - Fr H1,"26,000",0,1,0,0,1,0,NEW_ONBOARDING,APPLIED,GEN-F1280-001-N-NE,"1,789",REGULAR,Pondok Indah,Muhammad Riduwan,B 4762 SWB,"11,032"
"Sep 29, 2025, 11:21",WO-145313522136406548,SPAREPART,79e0bbc0-0b87-4142-8e3f-0b3ccdc86641,Brake Pad Kit H5 -2-01 (Canvas Rem) H5,"28,500","28,500",1,0,0,1,"28,500",NOT_COVERED,APPLIED,GEN-F1140-001-R-NE,"1,759",INTERNAL_SERVICE,Bekasi,Faiz Zaidan Alghifari Ramadhan,B 5247 SVL,"18,915"
"Sep 29, 2025, 11:21",WO-145313522136406548,SPAREPART,fa116921-3f09-44e1-b709-86b1780d9253,Brake Pad Kit H5 -1-01 (Canvas Rem) H5,"39,500","39,500",1,0,0,1,"39,500",NOT_COVERED,APPLIED,GEN-F1130-001-F-NE,"1,758",INTERNAL_SERVICE,Bekasi,Faiz Zaidan Alghifari Ramadhan,B 5247 SVL,"18,915"
"Sep 29, 2025, 11:21",WO-145313522136406548,SPAREPART,d975b260-ec60-4b49-a22f-5224711e5e53,Mirror (Low rod) H5,0,0,1,0,0,1,0,NOT_COVERED,APPLIED,GEN-A0200-001-R-NE,986,INTERNAL_SERVICE,Bekasi,Faiz Zaidan Alghifari Ramadhan,B 5247 SVL,"18,915"
"Sep 29, 2025, 11:18",WO-145312260892416532,SPAREPART,54db2212-1823-4015-ae9f-22a8a2121781,Right falt fork guard plate trim H3,"9,430","9,430",1,0,0,1,"9,430",NOT_COVERED,APPLIED,H3A-B0400-001-R-GL,794,INTERNAL_SERVICE,Pondok Indah,Adit Tia Saputra,B 4427 SVT,"37,573"
"Sep 29, 2025, 11:12",WO-145305993746603600,SPAREPART,87eede8f-1064-4c4e-912d-9319aa96d5b0,Brake Pad H3 FR / RR H3,"26,000",0,1,0,0,1,0,NEW_ONBOARDING,APPLIED,GEN-F0130-001-N-NE,"1,075",REGULAR,Pondok Indah,Muhammad Riduwan,B 4070 SWB,"22,196"
"Sep 29, 2025, 11:12",WO-145237991814618704,SPAREPART,8996828a-e6bc-4a54-a9f3-15d5af9c5033,Controller H3,"100,000",0,1,0,0,1,0,NOT_COVERED,APPLIED,H3A-E80010-001-N-MA,875,WALK_IN_MAINTENANCE,Pondok Indah,Naufal Rabbani,B 4402 SVT,0
"Sep 29, 2025, 11:11",WO-145312260892416532,SPAREPART,87eede8f-1064-4c4e-912d-9319aa96d5b0,Brake Pad H3 FR / RR H3,"26,000","26,000",2,0,0,2,"52,000",NOT_COVERED,APPLIED,GEN-F0130-001-N-NE,"1,075",INTERNAL_SERVICE,Pondok Indah,Adit Tia Saputra,B 4427 SVT,"37,573"
"Sep 29, 2025, 11:09",WO-145312236733225492,SPAREPART,87eede8f-1064-4c4e-912d-9319aa96d5b0,Brake Pad H3 FR / RR H3,"26,000",0,1,0,0,1,0,NOT_COVERED,APPLIED,GEN-F0130-001-N-NE,"1,075",WALK_IN_MAINTENANCE,Kembangan,Irawan,B 3898 PWF,"466,145"
"Sep 29, 2025, 11:08",WO-145299944335497748,SPAREPART,87eede8f-1064-4c4e-912d-9319aa96d5b0,Brake Pad H3 FR / RR H3,"26,000",0,1,0,0,1,0,NOT_COVERED,APPLIED,GEN-F0130-001-N-NE,"1,075",REGULAR,Kembangan,Irawan,B 4789 SVO,"544,718"
"Sep 29, 2025, 11:04",WO-145302497525783060,SPAREPART,79e0bbc0-0b87-4142-8e3f-0b3ccdc86641,Brake Pad Kit H5 -2-01 (Canvas Rem) H5,"28,500",0,1,0,0,1,0,NOT_COVERED,APPLIED,GEN-F1140-001-R-NE,"1,759",WALK_IN_MAINTENANCE,Pondok Indah,Eka Pitaloka,B 4703 SVN,"49,148"
"Sep 29, 2025, 11:04",WO-145302497525783060,SPAREPART,999f14b8-db39-41e5-a31a-b5e0b7e8d909,Tires (far star) H5,"100,000",0,2,0,0,2,0,NOT_COVERED,APPLIED,GEN-F1090-001-N-NE,982,WALK_IN_MAINTENANCE,Pondok Indah,Eka Pitaloka,B 4703 SVN,"49,148"
"Sep 29, 2025, 11:04",WO-145302497525783060,SPAREPART,fa116921-3f09-44e1-b709-86b1780d9253,Brake Pad Kit H5 -1-01 (Canvas Rem) H5,"39,500",0,1,0,0,1,0,NOT_COVERED,APPLIED,GEN-F1130-001-F-NE,"1,758",WALK_IN_MAINTENANCE,Pondok Indah,Eka Pitaloka,B 4703 SVN,"49,148"
"Sep 29, 2025, 11:04",WO-145302497525783060,SPAREPART,64cde6f9-4cf9-4026-88c7-51d71c6d8351,Capricorn five switches (Headlight always on) H5,"24,173",0,1,0,0,1,0,NOT_COVERED,APPLIED,H5A-E60170-001-N-NE,951,WALK_IN_MAINTENANCE,Pondok Indah,Eka Pitaloka,B 4703 SVN,"49,148"
"Sep 29, 2025, 11:00",WO-145292123418156624,SPAREPART,87eede8f-1064-4c4e-912d-9319aa96d5b0,Brake Pad H3 FR / RR H3,"26,000","26,000",2,0,0,2,"52,000",NOT_COVERED,APPLIED,GEN-F0130-001-N-NE,"1,075",STORING,Pondok Indah,Dani Setiawan,B 3412 PWG,"225,438"
"Sep 29, 2025, 11:00",WO-145292123418156624,SPAREPART,d09f6b27-05e3-429e-8d59-5978689af06f,USB charging port H3,"12,627","12,627",1,0,0,1,"12,627",NOT_COVERED,APPLIED,H3A-E40010-001-N-NE,871,STORING,Pondok Indah,Dani Setiawan,B 3412 PWG,"225,438"
"Sep 29, 2025, 11:00",WO-145292123418156624,SPAREPART,ec86c430-e74c-451d-8d93-6d47384acc17,Tire 90/90-12 H3 (KENDA) H3,"135,796","135,796",1,0,0,1,"135,796",NOT_COVERED,APPLIED,GEN-F0500-001-N-MA,"1,741",STORING,Pondok Indah,Dani Setiawan,B 3412 PWG,"225,438"
"Sep 29, 2025, 10:55",WO-145303592373344788,SPAREPART,87eede8f-1064-4c4e-912d-9319aa96d5b0,Brake Pad H3 FR / RR H3,"26,000",0,1,0,0,1,0,NOT_COVERED,APPLIED,GEN-F0130-001-N-NE,"1,075",WALK_IN_MAINTENANCE,Pondok Indah,Eka Pitaloka,B 4455 SVR,"72,028"
"Sep 29, 2025, 10:54",WO-145306329257369168,SPAREPART,ec86c430-e74c-451d-8d93-6d47384acc17,Tire 90/90-12 H3 (KENDA) H3,"135,796","135,796",1,0,0,1,"135,796",NOT_COVERED,APPLIED,GEN-F0500-001-N-MA,"1,741",REGULAR,Pondok Indah,Muhammad Riduwan,B 4571 SVV,"25,312"
"Sep 29, 2025, 10:54",WO-145306506961641040,SPAREPART,87eede8f-1064-4c4e-912d-9319aa96d5b0,Brake Pad H3 FR / RR H3,"26,000",0,1,0,0,1,0,NOT_COVERED,APPLIED,GEN-F0130-001-N-NE,"1,075",WALK_IN_MAINTENANCE,Pondok Indah,Eka Pitaloka,B 3678 PWE,"37,374"
"Sep 29, 2025, 10:50",WO-145310257759934996,SPAREPART,87eede8f-1064-4c4e-912d-9319aa96d5b0,Brake Pad H3 FR / RR H3,"26,000",0,2,0,0,2,0,NOT_COVERED,APPLIED,GEN-F0130-001-N-NE,"1,075",REGULAR,Bekasi,Service Advisor Bekasi,B 3983 PWF,"558,972"
"Sep 29, 2025, 10:47",WO-145189782417332756,SPAREPART,5123303c-4006-4550-babc-615aa591fd41,Bearing Nachi 6204 H3,"24,000","24,000",1,0,0,1,"24,000",NOT_COVERED,APPLIED,GEN-F0240-001-N-NE,"1,736",INTERNAL_SERVICE,Pondok Indah,Rizky Maulana,B 4714 SVO,"53,790"
"Sep 29, 2025, 10:46",WO-145310054017424976,SPAREPART,0e63dd11-3dfb-40f2-9820-7fc9cc0b12bc,Front fork bearings H3,"42,021",0,1,0,0,1,0,NEW_ONBOARDING,APPLIED,GEN-F0100-001-F-NE,849,REGULAR,Kembangan,Andi hidayat,B 4607 SVT,"38,924"
"Sep 29, 2025, 10:45",WO-145230372441971220,SPAREPART,1ac25aee-ff64-497d-a915-e4617a1892ae,Bearing Nachi 6201 H3,"13,967","24,000",1,0,0,1,"24,000",NOT_COVERED,APPLIED,GEN-F0060-001-F-NE,"1,735",STORING,Pondok Indah,Bella Zahra,B 3537 PWE,"24,681"
"Sep 29, 2025, 10:44",WO-145304825985260052,SPAREPART,fa116921-3f09-44e1-b709-86b1780d9253,Brake Pad Kit H5 -1-01 (Canvas Rem) H5,"39,500",0,1,0,0,1,0,NOT_COVERED,APPLIED,GEN-F1130-001-F-NE,"1,758",WALK_IN_MAINTENANCE,Pondok Indah,Eka Pitaloka,B 4658 SVN,"13,432"
"Sep 29, 2025, 10:38",WO-145301400279079444,SPAREPART,c52ca52a-85ef-43ad-8637-a9a65142da16,Rear disc brake disc H3,"26,519","80,000",1,0,0,1,"80,000",NOT_COVERED,APPLIED,GEN-F0190-001-R-NE,854,REGULAR,Bekasi,Service Advisor Bekasi,B 4346 SVP,"475,056"
"Sep 29, 2025, 10:36",WO-145308704105847316,SPAREPART,87eede8f-1064-4c4e-912d-9319aa96d5b0,Brake Pad H3 FR / RR H3,"26,000",0,1,0,0,1,0,NOT_COVERED,APPLIED,GEN-F0130-001-N-NE,"1,075",REGULAR,Depok,Aji Fadilah,B 4353 SWA,"14,966"
"Sep 29, 2025, 10:35",WO-145308917008719440,SPAREPART,87eede8f-1064-4c4e-912d-9319aa96d5b0,Brake Pad H3 FR / RR H3,"26,000",0,1,0,0,1,0,NOT_COVERED,APPLIED,GEN-F0130-001-N-NE,"1,075",REGULAR,Depok,Aji Fadilah,B 4716 SVP,"407,035"
"Sep 29, 2025, 10:32",WO-145308685785128528,SPAREPART,fa116921-3f09-44e1-b709-86b1780d9253,Brake Pad Kit H5 -1-01 (Canvas Rem) H5,"39,500",0,1,0,0,1,0,NEW_ONBOARDING,APPLIED,GEN-F1130-001-F-NE,"1,758",REGULAR,Kembangan,Andi hidayat,B 4281 SVM,"79,841"
"Sep 29, 2025, 10:32",WO-145308685785128528,SPAREPART,79e0bbc0-0b87-4142-8e3f-0b3ccdc86641,Brake Pad Kit H5 -2-01 (Canvas Rem) H5,"28,500",0,1,0,0,1,0,NEW_ONBOARDING,APPLIED,GEN-F1140-001-R-NE,"1,759",REGULAR,Kembangan,Andi hidayat,B 4281 SVM,"79,841"
"Sep 29, 2025, 10:29",WO-145291472042745424,SPAREPART,87eede8f-1064-4c4e-912d-9319aa96d5b0,Brake Pad H3 FR / RR H3,"26,000",0,1,0,0,1,0,NOT_COVERED,APPLIED,GEN-F0130-001-N-NE,"1,075",STORING,Pondok Indah,Eka Pitaloka,B 4763 SVT,"39,122"
"Sep 29, 2025, 10:27",WO-145302273197629008,SPAREPART,d817abf8-0b63-4932-8312-589963fffb97,Front and rear linkage disc assembly H5,"100,000","100,000",1,0,0,1,"100,000",NOT_COVERED,APPLIED,H5A-F2380-001-F-NE,975,REGULAR,Kembangan,Andi hidayat,B 5207 SVL,"95,939"
"Sep 29, 2025, 10:24",WO-144874158977736272,SPAREPART,79e0bbc0-0b87-4142-8e3f-0b3ccdc86641,Brake Pad Kit H5 -2-01 (Canvas Rem) H5,"28,500",0,1,0,0,1,0,NOT_COVERED,APPLIED,GEN-F1140-001-R-NE,"1,759",WALK_IN_MAINTENANCE,Pondok Indah,Naufal Rabbani,B 4752 SVN,"54,557"
"Sep 29, 2025, 10:24",WO-144874158977736272,SPAREPART,fa116921-3f09-44e1-b709-86b1780d9253,Brake Pad Kit H5 -1-01 (Canvas Rem) H5,"39,500",0,1,0,0,1,0,NOT_COVERED,APPLIED,GEN-F1130-001-F-NE,"1,758",WALK_IN_MAINTENANCE,Pondok Indah,Naufal Rabbani,B 4752 SVN,"54,557"
"Sep 29, 2025, 10:24",WO-144874158977736272,SPAREPART,1ac25aee-ff64-497d-a915-e4617a1892ae,Bearing Nachi 6201 H3,"13,967",0,1,0,0,1,0,NOT_COVERED,APPLIED,GEN-F0060-001-F-NE,"1,735",WALK_IN_MAINTENANCE,Pondok Indah,Naufal Rabbani,B 4752 SVN,"54,557"
"Sep 29, 2025, 10:22",WO-145307691886074388,SPAREPART,87eede8f-1064-4c4e-912d-9319aa96d5b0,Brake Pad H3 FR / RR H3,"26,000",0,2,0,0,2,0,NOT_COVERED,APPLIED,GEN-F0130-001-N-NE,"1,075",REGULAR,Bekasi,Service Advisor Bekasi,B 4760 SVP,"453,778"
"Sep 29, 2025, 10:21",WO-145304203902867988,SPAREPART,87eede8f-1064-4c4e-912d-9319aa96d5b0,Brake Pad H3 FR / RR H3,"26,000","26,000",1,0,0,1,"26,000",NOT_COVERED,APPLIED,GEN-F0130-001-N-NE,"1,075",REGULAR,Pondok Indah,Ahmad Agus Sudiro Parhusnan Marzuki,B 3703 PWG,"19,780"
"Sep 29, 2025, 10:21",WO-145300908270443028,SPAREPART,c52ca52a-85ef-43ad-8637-a9a65142da16,Rear disc brake disc H3,"26,519","26,519",1,0,0,1,"26,519",NOT_COVERED,APPLIED,GEN-F0190-001-R-NE,854,REGULAR,Pondok Indah,Dani Setiawan,B 4715 SVT,"87,568"
"Sep 29, 2025, 10:17",WO-145301971979491860,SPAREPART,87eede8f-1064-4c4e-912d-9319aa96d5b0,Brake Pad H3 FR / RR H3,"26,000",0,1,0,0,1,0,NOT_COVERED,APPLIED,GEN-F0130-001-N-NE,"1,075",REGULAR,Bekasi,Service Advisor Bekasi,B 3583 PWE,"315,423"
"Sep 29, 2025, 10:16",WO-145307084936731156,SPAREPART,87eede8f-1064-4c4e-912d-9319aa96d5b0,Brake Pad H3 FR / RR H3,"26,000",0,2,0,0,2,0,NOT_COVERED,APPLIED,GEN-F0130-001-N-NE,"1,075",REGULAR,Bekasi,Service Advisor Bekasi,B 4210 SVT,"340,750"
"Sep 29, 2025, 10:04",WO-145305778142599700,SPAREPART,5123303c-4006-4550-babc-615aa591fd41,Bearing Nachi 6204 H3,"24,000","24,000",1,0,0,1,"24,000",NOT_COVERED,APPLIED,GEN-F0240-001-N-NE,"1,736",INTERNAL_SERVICE,Pondok Indah,Rizky Maulana,B 5102 SVL,"38,313"
"Sep 29, 2025, 10:04",WO-145305778142599700,SPAREPART,a1e28b04-f677-4714-8188-f032b8a4eb05,Bearing Nachi 6205 H5,"20,068","20,068",1,0,0,1,"20,068",NOT_COVERED,APPLIED,GEN-F0250-002-N-NE,"1,756",INTERNAL_SERVICE,Pondok Indah,Rizky Maulana,B 5102 SVL,"38,313"
"Sep 29, 2025, 10:04",WO-144488300709699152,SPAREPART,ef497358-de41-434c-9d32-8aeb8e165def,Full set of steel bowls H5,"57,454",0,1,0,0,1,0,NOT_COVERED,APPLIED,GEN-F0840-001-F-NE,981,REPO_MAINTENANCE,Pondok Indah,Service Advisor PI,B 5134 SVL,"12,235"
"Sep 29, 2025, 10:04",WO-145305605253388820,SPAREPART,ec86c430-e74c-451d-8d93-6d47384acc17,Tire 90/90-12 H3 (KENDA) H3,"100,000","100,000",1,0,0,1,"100,000",NOT_COVERED,APPLIED,GEN-F0500-001-N-MA,"1,741",REGULAR,Bekasi,Service Advisor Bekasi,B 4076 SWB,"217,128"
"Sep 29, 2025, 10:04",WO-145305605253388820,SPAREPART,87eede8f-1064-4c4e-912d-9319aa96d5b0,Brake Pad H3 FR / RR H3,"26,000",0,1,0,0,1,0,NOT_COVERED,APPLIED,GEN-F0130-001-N-NE,"1,075",REGULAR,Bekasi,Service Advisor Bekasi,B 4076 SWB,"217,128"
"Sep 29, 2025, 10:03",WO-145305076032888400,SPAREPART,79e0bbc0-0b87-4142-8e3f-0b3ccdc86641,Brake Pad Kit H5 -2-01 (Canvas Rem) H5,"28,500",0,1,0,0,1,0,NOT_COVERED,APPLIED,GEN-F1140-001-R-NE,"1,759",REGULAR,Depok,Aji Fadilah,B 4136 SVO,"57,465"
"Sep 29, 2025, 10:03",WO-145305076032888400,SPAREPART,fa116921-3f09-44e1-b709-86b1780d9253,Brake Pad Kit H5 -1-01 (Canvas Rem) H5,"39,500",0,1,0,0,1,0,NOT_COVERED,APPLIED,GEN-F1130-001-F-NE,"1,758",REGULAR,Depok,Aji Fadilah,B 4136 SVO,"57,465"
"Sep 29, 2025, 10:02",WO-145305622869465620,SPAREPART,87eede8f-1064-4c4e-912d-9319aa96d5b0,Brake Pad H3 FR / RR H3,"26,000",0,2,0,0,2,0,NEW_ONBOARDING,APPLIED,GEN-F0130-001-N-NE,"1,075",REGULAR,Kembangan,Andi hidayat,B 4114 SVV,"323,759"
"Sep 29, 2025, 10:01",WO-145305029224454676,SPAREPART,87eede8f-1064-4c4e-912d-9319aa96d5b0,Brake Pad H3 FR / RR H3,"26,000","26,000",2,0,0,2,"52,000",NOT_COVERED,APPLIED,GEN-F0130-001-N-NE,"1,075",REGULAR,Pondok Indah,Ahmad Agus Sudiro Parhusnan Marzuki,B 4469 SVV,"42,537"
"Sep 29, 2025, 09:57",WO-145301610615036436,SPAREPART,87eede8f-1064-4c4e-912d-9319aa96d5b0,Brake Pad H3 FR / RR H3,"26,000",0,1,0,0,1,0,NOT_COVERED,APPLIED,GEN-F0130-001-N-NE,"1,075",REGULAR,Kembangan,Irawan,B 4874 SVS,"40,158"
"Sep 29, 2025, 09:55",WO-145301971979491860,SPAREPART,c52ca52a-85ef-43ad-8637-a9a65142da16,Rear disc brake disc H3,"26,519",0,1,0,0,1,0,NEW_ONBOARDING,APPLIED,GEN-F0190-001-R-NE,854,REGULAR,Bekasi,Service Advisor Bekasi,B 3583 PWE,"315,423"
"Sep 29, 2025, 09:55",WO-145301971979491860,SPAREPART,ec86c430-e74c-451d-8d93-6d47384acc17,Tire 90/90-12 H3 (KENDA) H3,"100,000",0,1,0,0,1,0,NEW_ONBOARDING,APPLIED,GEN-F0500-001-N-MA,"1,741",REGULAR,Bekasi,Service Advisor Bekasi,B 3583 PWE,"315,423"
"Sep 29, 2025, 09:51",WO-145231760739819088,SPAREPART,87eede8f-1064-4c4e-912d-9319aa96d5b0,Brake Pad H3 FR / RR H3,"26,000","26,000",1,0,0,1,"26,000",NOT_COVERED,APPLIED,GEN-F0130-001-N-NE,"1,075",STORING,Pondok Indah,Dani Setiawan,B 4073 SWD,"86,256"
"Sep 29, 2025, 09:51",WO-145231760739819088,SPAREPART,ec86c430-e74c-451d-8d93-6d47384acc17,Tire 90/90-12 H3 (KENDA) H3,"135,796","135,796",1,0,0,1,"135,796",NOT_COVERED,APPLIED,GEN-F0500-001-N-MA,"1,741",STORING,Pondok Indah,Dani Setiawan,B 4073 SWD,"86,256"
"Sep 29, 2025, 09:48",WO-145304203902867988,SPAREPART,ec86c430-e74c-451d-8d93-6d47384acc17,Tire 90/90-12 H3 (KENDA) H3,"135,796","135,796",1,0,0,1,"135,796",NOT_COVERED,APPLIED,GEN-F0500-001-N-MA,"1,741",REGULAR,Pondok Indah,Ahmad Agus Sudiro Parhusnan Marzuki,B 3703 PWG,"19,780"
"Sep 29, 2025, 09:47",WO-145230372441971220,SPAREPART,87eede8f-1064-4c4e-912d-9319aa96d5b0,Brake Pad H3 FR / RR H3,"26,000",0,1,0,0,1,0,NOT_COVERED,APPLIED,GEN-F0130-001-N-NE,"1,075",STORING,Pondok Indah,Bella Zahra,B 3537 PWE,"24,681"
"Sep 29, 2025, 09:47",WO-145230372441971220,SPAREPART,9ae448db-156e-4e8b-8980-6f520521c921,Speed control handle cable H3,"16,169","49,000",1,0,0,1,"49,000",NOT_COVERED,APPLIED,H3A-E70090-001-N-BL,857,STORING,Pondok Indah,Bella Zahra,B 3537 PWE,"24,681"
"Sep 29, 2025, 09:46",WO-145303975229414992,SPAREPART,87eede8f-1064-4c4e-912d-9319aa96d5b0,Brake Pad H3 FR / RR H3,"26,000",0,2,0,0,2,0,NEW_ONBOARDING,APPLIED,GEN-F0130-001-N-NE,"1,075",STORING,Kembangan,Rohmad Khoirul Mu'Izz,B 4420 SVT,"55,415"
"Sep 29, 2025, 09:44",WO-145301498274799184,SPAREPART,87eede8f-1064-4c4e-912d-9319aa96d5b0,Brake Pad H3 FR / RR H3,"26,000",0,2,0,0,2,0,NOT_COVERED,APPLIED,GEN-F0130-001-N-NE,"1,075",WALK_IN_MAINTENANCE,Pondok Indah,Eka Pitaloka,B 4271 SVP,"48,221"
"Sep 29, 2025, 09:39",WO-145303218795076116,SPAREPART,87eede8f-1064-4c4e-912d-9319aa96d5b0,Brake Pad H3 FR / RR H3,"26,000",0,1,0,0,1,0,NOT_COVERED,APPLIED,GEN-F0130-001-N-NE,"1,075",REGULAR,Pondok Indah,Eka Pitaloka,B 4092 SVP,"46,000"
"Sep 29, 2025, 09:31",WO-145302533429025300,SPAREPART,87eede8f-1064-4c4e-912d-9319aa96d5b0,Brake Pad H3 FR / RR H3,"26,000",0,2,0,0,2,0,NEW_ONBOARDING,APPLIED,GEN-F0130-001-N-NE,"1,075",REGULAR,Kembangan,Rohmad Khoirul Mu'Izz,B 4682 SVT,"43,600"
"Sep 29, 2025, 09:29",WO-145238427787353680,SPAREPART,9ae448db-156e-4e8b-8980-6f520521c921,Speed control handle cable H3,"16,169","16,169",1,0,0,1,"16,169",NOT_COVERED,APPLIED,H3A-E70090-001-N-BL,857,STORING,Pondok Indah,Muhammad Riduwan,B 4295 SVV,0
"Sep 29, 2025, 09:26",WO-144488300709699152,SPAREPART,37dc324d-ba63-404f-b663-747c4a4566a1,disc Brake H5,"70,000",0,1,0,0,1,0,NOT_COVERED,APPLIED,GEN-F1120-001-R-NE,"1,761",REPO_MAINTENANCE,Pondok Indah,Service Advisor PI,B 5134 SVL,"12,235"
"Sep 29, 2025, 09:26",WO-144488300709699152,SPAREPART,1ac25aee-ff64-497d-a915-e4617a1892ae,Bearing Nachi 6201 H3,"13,967",0,2,0,0,2,0,NOT_COVERED,APPLIED,GEN-F0060-001-F-NE,"1,735",REPO_MAINTENANCE,Pondok Indah,Service Advisor PI,B 5134 SVL,"12,235"
"Sep 29, 2025, 09:26",WO-144488300709699152,SPAREPART,79e0bbc0-0b87-4142-8e3f-0b3ccdc86641,Brake Pad Kit H5 -2-01 (Canvas Rem) H5,"28,500",0,1,0,0,1,0,NOT_COVERED,APPLIED,GEN-F1140-001-R-NE,"1,759",REPO_MAINTENANCE,Pondok Indah,Service Advisor PI,B 5134 SVL,"12,235"
"Sep 29, 2025, 09:26",WO-144488300709699152,SPAREPART,fa116921-3f09-44e1-b709-86b1780d9253,Brake Pad Kit H5 -1-01 (Canvas Rem) H5,"39,500",0,1,0,0,1,0,NOT_COVERED,APPLIED,GEN-F1130-001-F-NE,"1,758",REPO_MAINTENANCE,Pondok Indah,Service Advisor PI,B 5134 SVL,"12,235"
"Sep 29, 2025, 09:26",WO-144488300709699152,SPAREPART,8ce4250a-b0be-4d3c-97ca-b3dda84a0b6d,Bearing Nachi 6004 H5,"17,980",0,1,0,0,1,0,NOT_COVERED,APPLIED,GEN-F0580-001-R-NE,"1,760",REPO_MAINTENANCE,Pondok Indah,Service Advisor PI,B 5134 SVL,"12,235"
"Sep 29, 2025, 09:26",WO-144488300709699152,SPAREPART,100f831b-2f8a-450d-b561-f652c2f6d14c,Smart lock (GO PLUS) H5,"100,000",0,1,0,0,1,0,NOT_COVERED,APPLIED,H5A-E70130-001-N-NE,944,REPO_MAINTENANCE,Pondok Indah,Service Advisor PI,B 5134 SVL,"12,235"
"Sep 29, 2025, 09:25",WO-145301868648619600,SPAREPART,87eede8f-1064-4c4e-912d-9319aa96d5b0,Brake Pad H3 FR / RR H3,"26,000","26,000",2,0,0,2,"52,000",NOT_COVERED,APPLIED,GEN-F0130-001-N-NE,"1,075",REGULAR,Pondok Indah,Muhamad Chaerudin,B 4739 SWC,"8,662"
"Sep 29, 2025, 09:25",WO-145301778336864788,SPAREPART,87eede8f-1064-4c4e-912d-9319aa96d5b0,Brake Pad H3 FR / RR H3,"26,000",0,1,0,0,1,0,NOT_COVERED,APPLIED,GEN-F0130-001-N-NE,"1,075",REGULAR,Depok,Aji Fadilah,B 4311 SVT,"515,957"
"Sep 29, 2025, 09:20",WO-145301395682122260,SPAREPART,87eede8f-1064-4c4e-912d-9319aa96d5b0,Brake Pad H3 FR / RR H3,"26,000","26,000",2,0,0,2,"52,000",NOT_COVERED,APPLIED,GEN-F0130-001-N-NE,"1,075",REGULAR,Pondok Indah,Muhammad Riduwan,B 4811 SWC,"21,000"
"Sep 29, 2025, 09:20",WO-145301400279079444,SPAREPART,87eede8f-1064-4c4e-912d-9319aa96d5b0,Brake Pad H3 FR / RR H3,"26,000",0,2,0,0,2,0,NOT_COVERED,APPLIED,GEN-F0130-001-N-NE,"1,075",REGULAR,Bekasi,Service Advisor Bekasi,B 4346 SVP,"475,056"
"Sep 29, 2025, 09:18",WO-145301118690286100,SPAREPART,87eede8f-1064-4c4e-912d-9319aa96d5b0,Brake Pad H3 FR / RR H3,"26,000",0,1,0,0,1,0,NEW_ONBOARDING,APPLIED,GEN-F0130-001-N-NE,"1,075",REGULAR,Kembangan,Rohmad Khoirul Mu'Izz,B 3958 PWF,"32,015"
"Sep 29, 2025, 09:17",WO-145188847037209108,SPAREPART,0e63dd11-3dfb-40f2-9820-7fc9cc0b12bc,Front fork bearings H3,"42,021","42,021",1,0,0,1,"42,021",NOT_COVERED,APPLIED,GEN-F0100-001-F-NE,849,INTERNAL_SERVICE,Pondok Indah,muhammad faisal azri,B 4521 SVP,"30,328"
"Sep 29, 2025, 09:16",WO-145300908270443028,SPAREPART,87eede8f-1064-4c4e-912d-9319aa96d5b0,Brake Pad H3 FR / RR H3,"26,000","26,000",2,0,0,2,"52,000",NOT_COVERED,APPLIED,GEN-F0130-001-N-NE,"1,075",REGULAR,Pondok Indah,Dani Setiawan,B 4715 SVT,"87,568"
"Sep 29, 2025, 09:16",WO-145300908270443028,SPAREPART,ec86c430-e74c-451d-8d93-6d47384acc17,Tire 90/90-12 H3 (KENDA) H3,"135,796","135,796",2,0,0,2,"271,592",NOT_COVERED,APPLIED,GEN-F0500-001-N-MA,"1,741",REGULAR,Pondok Indah,Dani Setiawan,B 4715 SVT,"87,568"
"Sep 29, 2025, 09:15",WO-145300874414021140,SPAREPART,87eede8f-1064-4c4e-912d-9319aa96d5b0,Brake Pad H3 FR / RR H3,"26,000",0,2,0,0,2,0,NEW_ONBOARDING,APPLIED,GEN-F0130-001-N-NE,"1,075",REGULAR,Kembangan,Rohmad Khoirul Mu'Izz,B 4295 SVP,"346,544"
"Sep 29, 2025, 09:15",WO-145300874414021140,SPAREPART,ec86c430-e74c-451d-8d93-6d47384acc17,Tire 90/90-12 H3 (KENDA) H3,"100,000",0,1,0,0,1,0,NEW_ONBOARDING,APPLIED,GEN-F0500-001-N-MA,"1,741",REGULAR,Kembangan,Rohmad Khoirul Mu'Izz,B 4295 SVP,"346,544"
"Sep 29, 2025, 09:12",WO-145300483773323796,SPAREPART,87eede8f-1064-4c4e-912d-9319aa96d5b0,Brake Pad H3 FR / RR H3,"26,000",0,2,0,0,2,0,NOT_COVERED,APPLIED,GEN-F0130-001-N-NE,"1,075",REGULAR,Pondok Indah,Bella Zahra,B 4685 SVP,"87,538"
"Sep 29, 2025, 09:12",WO-145300483773323796,SPAREPART,ec86c430-e74c-451d-8d93-6d47384acc17,Tire 90/90-12 H3 (KENDA) H3,"100,000","100,000",1,0,0,1,"100,000",NOT_COVERED,APPLIED,GEN-F0500-001-N-MA,"1,741",REGULAR,Pondok Indah,Bella Zahra,B 4685 SVP,"87,538"
"Sep 29, 2025, 09:08",WO-145300150410042960,SPAREPART,00c93cf0-bacc-4e53-aab2-4aeeebf5bf3b,Air tape PVR 50 (5 mm) H3,"3,500","27,000",1,0,0,1,"27,000",NOT_COVERED,APPLIED,GEN-F0420-002-N-NE,"1,740",REGULAR,Kembangan,Muhammad Nawalis,B 4625 SWA,"24,905"
"Sep 29, 2025, 09:08",WO-145300150410042960,SPAREPART,87eede8f-1064-4c4e-912d-9319aa96d5b0,Brake Pad H3 FR / RR H3,"26,000",0,2,0,0,2,0,NOT_COVERED,APPLIED,GEN-F0130-001-N-NE,"1,075",REGULAR,Kembangan,Muhammad Nawalis,B 4625 SWA,"24,905"
"Sep 29, 2025, 08:49",WO-145291364064582164,SPAREPART,1ac25aee-ff64-497d-a915-e4617a1892ae,Bearing Nachi 6201 H3,"13,967","27,000",2,0,0,2,"54,000",NOT_COVERED,APPLIED,GEN-F0060-001-F-NE,"1,735",STORING,Pondok Indah,Bella Zahra,B 4265 SVP,"61,762"
"Sep 29, 2025, 08:49",WO-145291364064582164,SPAREPART,87eede8f-1064-4c4e-912d-9319aa96d5b0,Brake Pad H3 FR / RR H3,"26,000",0,2,0,0,2,0,NOT_COVERED,APPLIED,GEN-F0130-001-N-NE,"1,075",STORING,Pondok Indah,Bella Zahra,B 4265 SVP,"61,762"
"Sep 29, 2025, 07:54",WO-145291794198845972,SPAREPART,87eede8f-1064-4c4e-912d-9319aa96d5b0,Brake Pad H3 FR / RR H3,"26,000","26,000",2,0,0,2,"52,000",NOT_COVERED,APPLIED,GEN-F0130-001-N-NE,"1,075",STORING,Pondok Indah,Muhammad Haikal Alfaidz,B 4184 SVV,"250,707"
"Sep 28, 2025, 22:55",WO-145234132870388244,SPAREPART,b3dbabe4-513d-445c-977e-cb3ab9e5b0ef,Rear brake line H1,"33,971",0,1,0,0,1,0,NOT_COVERED,APPLIED,H1A-F1810-001-R-NE,"1,780",STORING,Pondok Indah,Service Advisor PI,B 4668 SWB,0
"Sep 28, 2025, 22:03",WO-145232462262327828,SPAREPART,ec86c430-e74c-451d-8d93-6d47384acc17,Tire 90/90-12 H3 (KENDA) H3,"100,000",0,1,0,0,1,0,NOT_COVERED,APPLIED,GEN-F0500-001-N-MA,"1,741",STORING,Pondok Indah,Service Advisor PI,B 4664 SVR,"40,704"
"Sep 28, 2025, 22:03",WO-145232462262327828,SPAREPART,87eede8f-1064-4c4e-912d-9319aa96d5b0,Brake Pad H3 FR / RR H3,"26,000",0,1,0,0,1,0,NOT_COVERED,APPLIED,GEN-F0130-001-N-NE,"1,075",STORING,Pondok Indah,Service Advisor PI,B 4664 SVR,"40,704"
"Sep 28, 2025, 21:15",WO-145224361450691092,SPAREPART,999f14b8-db39-41e5-a31a-b5e0b7e8d909,Tires (far star) H5,"100,000",0,1,0,0,1,0,NOT_COVERED,APPLIED,GEN-F1090-001-N-NE,982,STORING,Pondok Indah,Naufal Rabbani,B 4830 SVN,0
"Sep 28, 2025, 21:15",WO-145224361450691092,SPAREPART,7aa8d3dc-ff34-4db8-a769-0c1f747b124e,Air tape PVR 70 (10 mm) H5,"3,500",0,1,0,0,1,0,NOT_COVERED,APPLIED,GEN-F0430-001-N-NE,"1,755",STORING,Pondok Indah,Naufal Rabbani,B 4830 SVN,0
"Sep 28, 2025, 20:47",WO-145144721331740240,SPAREPART,0e0b97f2-dbdf-406c-9f9f-50593bec1724,Cable throttle holder H5,"5,129","41,000",1,0,0,1,"41,000",NOT_COVERED,APPLIED,H5A-E70160-001-N-NE,950,STORING,Pondok Indah,Bella Zahra,B 4103 SVO,"60,542"
"Sep 28, 2025, 20:28",WO-145222359677164052,SPAREPART,fa116921-3f09-44e1-b709-86b1780d9253,Brake Pad Kit H5 -1-01 (Canvas Rem) H5,"39,500",0,1,0,0,1,0,NOT_COVERED,APPLIED,GEN-F1130-001-F-NE,"1,758",STORING,Pondok Indah,Eka Pitaloka,B 4135 SVO,0
"Sep 28, 2025, 20:28",WO-145222359677164052,SPAREPART,79e0bbc0-0b87-4142-8e3f-0b3ccdc86641,Brake Pad Kit H5 -2-01 (Canvas Rem) H5,"28,500",0,1,0,0,1,0,NOT_COVERED,APPLIED,GEN-F1140-001-R-NE,"1,759",STORING,Pondok Indah,Eka Pitaloka,B 4135 SVO,0
"Sep 28, 2025, 20:17",WO-145216436397169172,SPAREPART,87eede8f-1064-4c4e-912d-9319aa96d5b0,Brake Pad H3 FR / RR H3,"26,000",0,1,0,0,1,0,NOT_COVERED,APPLIED,GEN-F0130-001-N-NE,"1,075",STORING,Pondok Indah,Eka Pitaloka,B 4254 SVT,"28,431"
"Sep 28, 2025, 20:17",WO-145216436397169172,SPAREPART,d625acb9-40c7-43a1-9f20-99489c41ef5f,Front disc brake disc H3,"56,580","100,000",1,0,0,1,"100,000",NOT_COVERED,APPLIED,GEN-F0140-001-F-NE,853,STORING,Pondok Indah,Eka Pitaloka,B 4254 SVT,"28,431"
"Sep 28, 2025, 19:34",WO-145209018921541200,SPAREPART,87eede8f-1064-4c4e-912d-9319aa96d5b0,Brake Pad H3 FR / RR H3,"26,000",0,2,0,0,2,0,NOT_COVERED,APPLIED,GEN-F0130-001-N-NE,"1,075",STORING,Pondok Indah,Eka Pitaloka,B 4506 SVP,"46,906"
"Sep 28, 2025, 19:10",WO-145215416443100752,SPAREPART,ec86c430-e74c-451d-8d93-6d47384acc17,Tire 90/90-12 H3 (KENDA) H3,"100,000",0,1,0,0,1,0,NOT_COVERED,APPLIED,GEN-F0500-001-N-MA,"1,741",STORING,Pondok Indah,Naufal Rabbani,B 4683 SVP,"40,024"
"Sep 28, 2025, 18:52",WO-145208585566051920,SPAREPART,fa116921-3f09-44e1-b709-86b1780d9253,Brake Pad Kit H5 -1-01 (Canvas Rem) H5,"39,500",0,1,0,0,1,0,NOT_COVERED,APPLIED,GEN-F1130-001-F-NE,"1,758",STORING,Pondok Indah,Eka Pitaloka,B 4906 SVN,"56,507"
"Sep 28, 2025, 18:52",WO-145208585566051920,SPAREPART,79e0bbc0-0b87-4142-8e3f-0b3ccdc86641,Brake Pad Kit H5 -2-01 (Canvas Rem) H5,"28,500",0,1,0,0,1,0,NOT_COVERED,APPLIED,GEN-F1140-001-R-NE,"1,759",STORING,Pondok Indah,Eka Pitaloka,B 4906 SVN,"56,507"
"Sep 28, 2025, 18:09",WO-145004992623827476,SPAREPART,1ac25aee-ff64-497d-a915-e4617a1892ae,Bearing Nachi 6201 H3,"13,967",0,1,0,0,1,0,NOT_COVERED,APPLIED,GEN-F0060-001-F-NE,"1,735",STORING,Pondok Indah,Naufal Rabbani,B 4399 SVL,"58,883"
"Sep 28, 2025, 18:09",WO-145004992623827476,SPAREPART,999f14b8-db39-41e5-a31a-b5e0b7e8d909,Tires (far star) H5,"100,000",0,1,0,0,1,0,NOT_COVERED,APPLIED,GEN-F1090-001-N-NE,982,STORING,Pondok Indah,Naufal Rabbani,B 4399 SVL,"58,883"
"Sep 28, 2025, 16:56",WO-145172903732730388,SPAREPART,9ae448db-156e-4e8b-8980-6f520521c921,Speed control handle cable H3,"16,169",0,1,0,0,1,0,NOT_COVERED,APPLIED,H3A-E70090-001-N-BL,857,STORING,Pondok Indah,Service Advisor PI,B 4751 SVP,"537,157"
"Sep 28, 2025, 16:23",WO-145193479159437844,SPAREPART,87eede8f-1064-4c4e-912d-9319aa96d5b0,Brake Pad H3 FR / RR H3,"26,000",0,1,0,0,1,0,NOT_COVERED,APPLIED,GEN-F0130-001-N-NE,"1,075",STORING,Pondok Indah,Service Advisor PI,B 4387 SVR,"65,393"
"Sep 28, 2025, 16:23",WO-145193479159437844,SPAREPART,c52ca52a-85ef-43ad-8637-a9a65142da16,Rear disc brake disc H3,"26,519","80,000",1,0,0,1,"80,000",NOT_COVERED,APPLIED,GEN-F0190-001-R-NE,854,STORING,Pondok Indah,Service Advisor PI,B 4387 SVR,"65,393"
"Sep 28, 2025, 16:07",WO-145090707135158804,SPAREPART,87eede8f-1064-4c4e-912d-9319aa96d5b0,Brake Pad H3 FR / RR H3,"26,000",0,2,0,0,2,0,NOT_COVERED,APPLIED,GEN-F0130-001-N-NE,"1,075",STORING,Pondok Indah,Service Advisor PI,B 3935 PWF,"43,455"
"Sep 28, 2025, 16:02",WO-145196688926072400,SPAREPART,d09f6b27-05e3-429e-8d59-5978689af06f,USB charging port H3,"12,627",0,1,0,0,1,0,NOT_COVERED,APPLIED,H3A-E40010-001-N-NE,871,STORING,Pondok Indah,Eka Pitaloka,B 4292 SWA,"26,853"
"Sep 28, 2025, 15:52",WO-145059077905473104,SPAREPART,87eede8f-1064-4c4e-912d-9319aa96d5b0,Brake Pad H3 FR / RR H3,"26,000",0,1,0,0,1,0,NOT_COVERED,APPLIED,GEN-F0130-001-N-NE,"1,075",STORING,Pondok Indah,Eka Pitaloka,B 3725 PWE,"50,530"
"Sep 28, 2025, 15:50",WO-145143443864181268,SPAREPART,87eede8f-1064-4c4e-912d-9319aa96d5b0,Brake Pad H3 FR / RR H3,"26,000",0,1,0,0,1,0,NOT_COVERED,APPLIED,GEN-F0130-001-N-NE,"1,075",STORING,Pondok Indah,Service Advisor PI,B 3486 PWE,"387,089"
"Sep 28, 2025, 15:46",WO-145195149465508372,SPAREPART,00c93cf0-bacc-4e53-aab2-4aeeebf5bf3b,Air tape PVR 50 (5 mm) H3,"3,500",0,1,0,0,1,0,NOT_COVERED,APPLIED,GEN-F0420-002-N-NE,"1,740",STORING,Pondok Indah,Eka Pitaloka,B 3807 PWF,"31,321"
"Sep 28, 2025, 15:02",WO-145190749271514704,SPAREPART,ec86c430-e74c-451d-8d93-6d47384acc17,Tire 90/90-12 H3 (KENDA) H3,"100,000","100,000",1,0,0,1,"100,000",NOT_COVERED,APPLIED,GEN-F0500-001-N-MA,"1,741",INTERNAL_SERVICE,Pondok Indah,Farel Wahyudyansyah,B 4155 SWA,"14,687"
"Sep 28, 2025, 15:02",WO-145190749271514704,SPAREPART,87eede8f-1064-4c4e-912d-9319aa96d5b0,Brake Pad H3 FR / RR H3,"26,000","26,000",2,0,0,2,"52,000",NOT_COVERED,APPLIED,GEN-F0130-001-N-NE,"1,075",INTERNAL_SERVICE,Pondok Indah,Farel Wahyudyansyah,B 4155 SWA,"14,687"
"Sep 28, 2025, 14:56",WO-145183912019123792,SPAREPART,79e0bbc0-0b87-4142-8e3f-0b3ccdc86641,Brake Pad Kit H5 -2-01 (Canvas Rem) H5,"28,500",0,1,0,0,1,0,NOT_COVERED,APPLIED,GEN-F1140-001-R-NE,"1,759",STORING,Pondok Indah,Naufal Rabbani,B 4647 SVN,"457,808"
"Sep 28, 2025, 14:56",WO-145183912019123792,SPAREPART,999f14b8-db39-41e5-a31a-b5e0b7e8d909,Tires (far star) H5,"100,000",0,1,0,0,1,0,NOT_COVERED,APPLIED,GEN-F1090-001-N-NE,982,STORING,Pondok Indah,Naufal Rabbani,B 4647 SVN,"457,808"
"Sep 28, 2025, 14:53",WO-145189782417332756,SPAREPART,87eede8f-1064-4c4e-912d-9319aa96d5b0,Brake Pad H3 FR / RR H3,"26,000","26,000",2,0,0,2,"52,000",NOT_COVERED,APPLIED,GEN-F0130-001-N-NE,"1,075",INTERNAL_SERVICE,Pondok Indah,Rizky Maulana,B 4714 SVO,"53,790"
"Sep 28, 2025, 14:53",WO-145189782417332756,SPAREPART,a1e28b04-f677-4714-8188-f032b8a4eb05,Bearing Nachi 6205 H5,"20,068","20,068",1,0,0,1,"20,068",NOT_COVERED,APPLIED,GEN-F0250-002-N-NE,"1,756",INTERNAL_SERVICE,Pondok Indah,Rizky Maulana,B 4714 SVO,"53,790"
"Sep 28, 2025, 14:43",WO-145188847037209108,SPAREPART,87eede8f-1064-4c4e-912d-9319aa96d5b0,Brake Pad H3 FR / RR H3,"26,000","26,000",2,0,0,2,"52,000",NOT_COVERED,APPLIED,GEN-F0130-001-N-NE,"1,075",INTERNAL_SERVICE,Pondok Indah,muhammad faisal azri,B 4521 SVP,"30,328"
"Sep 28, 2025, 14:40",WO-145075630357110352,SPAREPART,9ae448db-156e-4e8b-8980-6f520521c921,Speed control handle cable H3,"16,169","16,169",1,0,0,1,"16,169",NOT_COVERED,APPLIED,H3A-E70090-001-N-BL,857,STORING,Pondok Indah,Muhammad Syafrizal,B 3411 PWG,"34,254"
"Sep 28, 2025, 14:40",WO-145075630357110352,SPAREPART,87eede8f-1064-4c4e-912d-9319aa96d5b0,Brake Pad H3 FR / RR H3,"26,000","26,000",1,0,0,1,"26,000",NOT_COVERED,APPLIED,GEN-F0130-001-N-NE,"1,075",STORING,Pondok Indah,Muhammad Syafrizal,B 3411 PWG,"34,254"
"Sep 28, 2025, 14:29",WO-145166103675427348,SPAREPART,999f14b8-db39-41e5-a31a-b5e0b7e8d909,Tires (far star) H5,"100,000",0,1,0,0,1,0,NOT_COVERED,APPLIED,GEN-F1090-001-N-NE,982,STORING,Pondok Indah,Naufal Rabbani,B 5156 SVL,"35,886"
"Sep 28, 2025, 14:17",WO-145180623517014548,SPAREPART,ec86c430-e74c-451d-8d93-6d47384acc17,Tire 90/90-12 H3 (KENDA) H3,"135,796","135,796",1,0,0,1,"135,796",NOT_COVERED,APPLIED,GEN-F0500-001-N-MA,"1,741",STORING,Pondok Indah,Faris Abdurrahan,B 4298 SVV,"272,370"
"Sep 28, 2025, 14:17",WO-145180623517014548,SPAREPART,87eede8f-1064-4c4e-912d-9319aa96d5b0,Brake Pad H3 FR / RR H3,"26,000","26,000",1,0,0,1,"26,000",NOT_COVERED,APPLIED,GEN-F0130-001-N-NE,"1,075",STORING,Pondok Indah,Faris Abdurrahan,B 4298 SVV,"272,370"
"Sep 28, 2025, 14:08",WO-145181732222557776,SPAREPART,11409fb3-6031-43ba-bf50-6fb52f24b60c,Reverse switch H5,"6,785","6,785",1,0,0,1,"6,785",NOT_COVERED,APPLIED,H5A-E70120-001-N-NE,952,INTERNAL_SERVICE,Pondok Indah,Farel Wahyudyansyah,B 5380 SVL,"23,170"
"Sep 28, 2025, 14:08",WO-145181732222557776,SPAREPART,fa116921-3f09-44e1-b709-86b1780d9253,Brake Pad Kit H5 -1-01 (Canvas Rem) H5,"39,500","39,500",1,0,0,1,"39,500",NOT_COVERED,APPLIED,GEN-F1130-001-F-NE,"1,758",INTERNAL_SERVICE,Pondok Indah,Farel Wahyudyansyah,B 5380 SVL,"23,170"
"Sep 28, 2025, 14:08",WO-145181732222557776,SPAREPART,79e0bbc0-0b87-4142-8e3f-0b3ccdc86641,Brake Pad Kit H5 -2-01 (Canvas Rem) H5,"28,500","28,500",1,0,0,1,"28,500",NOT_COVERED,APPLIED,GEN-F1140-001-R-NE,"1,759",INTERNAL_SERVICE,Pondok Indah,Farel Wahyudyansyah,B 5380 SVL,"23,170"
"Sep 28, 2025, 14:08",WO-145181732222557776,SPAREPART,f0f9c2f2-4990-471b-80fb-5a69f73b9a65,Lande controller EM100 (CAN) H5,"100,000","100,000",1,0,0,1,"100,000",NOT_COVERED,APPLIED,H5A-E80040-001-N-NE,954,INTERNAL_SERVICE,Pondok Indah,Farel Wahyudyansyah,B 5380 SVL,"23,170"
"Sep 28, 2025, 14:08",WO-145181732222557776,SPAREPART,dd2a8a8a-2754-4afb-a57e-cb1336bb234c,Front fender H5,"91,241","91,241",1,0,0,1,"91,241",NOT_COVERED,APPLIED,H5A-B0760-001-F-BL,883,INTERNAL_SERVICE,Pondok Indah,Farel Wahyudyansyah,B 5380 SVL,"23,170"
"Sep 28, 2025, 14:04",WO-144896110555586128,SPAREPART,87eede8f-1064-4c4e-912d-9319aa96d5b0,Brake Pad H3 FR / RR H3,"26,000",0,1,0,0,1,0,NOT_COVERED,APPLIED,GEN-F0130-001-N-NE,"1,075",STORING,Pondok Indah,Naufal Rabbani,B 4351 SVP,242
"Sep 28, 2025, 14:02",WO-145144007981293136,SPAREPART,ec86c430-e74c-451d-8d93-6d47384acc17,Tire 90/90-12 H3 (KENDA) H3,"100,000",0,1,0,0,1,0,NOT_COVERED,APPLIED,GEN-F0500-001-N-MA,"1,741",STORING,Pondok Indah,Eka Pitaloka,B 4885 SVT,"23,673"
"Sep 28, 2025, 14:02",WO-145144007981293136,SPAREPART,87eede8f-1064-4c4e-912d-9319aa96d5b0,Brake Pad H3 FR / RR H3,"26,000",0,1,0,0,1,0,NOT_COVERED,APPLIED,GEN-F0130-001-N-NE,"1,075",STORING,Pondok Indah,Eka Pitaloka,B 4885 SVT,"23,673"
"Sep 28, 2025, 13:48",WO-145158556998458960,SPAREPART,5075f880-8de8-488e-9bca-4db3d05c3583,Brake pad Front H1 - Fr H1,"26,000",0,1,0,0,1,0,NOT_COVERED,APPLIED,GEN-F1280-001-N-NE,"1,789",STORING,Pondok Indah,Eka Pitaloka,B 4405 SWD,"69,144"
"Sep 28, 2025, 13:27",WO-145166784763289168,SPAREPART,29ae4c69-46d5-4754-bf7e-f808ca55ebe7,Lock Set H3,"32,338",0,1,0,0,1,0,NOT_COVERED,APPLIED,H3A-E70050-001-N-NE,865,STORING,Pondok Indah,Naufal Rabbani,B 4696 SVO,"471,278"
"Sep 28, 2025, 13:27",WO-145166784763289168,SPAREPART,87eede8f-1064-4c4e-912d-9319aa96d5b0,Brake Pad H3 FR / RR H3,"26,000",0,2,0,0,2,0,NOT_COVERED,APPLIED,GEN-F0130-001-N-NE,"1,075",STORING,Pondok Indah,Naufal Rabbani,B 4696 SVO,"471,278"
"Sep 28, 2025, 11:14",WO-145039589139045968,SPAREPART,0e63dd11-3dfb-40f2-9820-7fc9cc0b12bc,Front fork bearings H3,"42,021",0,1,0,0,1,0,NOT_COVERED,APPLIED,GEN-F0100-001-F-NE,849,STORING,Pondok Indah,Naufal Rabbani,B 4100 SVO,"23,242"
"Sep 28, 2025, 11:14",WO-145039589139045968,SPAREPART,fa116921-3f09-44e1-b709-86b1780d9253,Brake Pad Kit H5 -1-01 (Canvas Rem) H5,"39,500",0,1,0,0,1,0,NOT_COVERED,APPLIED,GEN-F1130-001-F-NE,"1,758",STORING,Pondok Indah,Naufal Rabbani,B 4100 SVO,"23,242"
"Sep 28, 2025, 11:13",WO-144492089156065812,SPAREPART,79e0bbc0-0b87-4142-8e3f-0b3ccdc86641,Brake Pad Kit H5 -2-01 (Canvas Rem) H5,"28,500","28,500",1,0,0,1,"28,500",NOT_COVERED,APPLIED,GEN-F1140-001-R-NE,"1,759",INTERNAL_SERVICE,Pondok Indah,Farel Wahyudyansyah,B 5152 SVL,"7,800"
"Sep 28, 2025, 11:13",WO-144492089156065812,SPAREPART,a1e28b04-f677-4714-8188-f032b8a4eb05,Bearing Nachi 6205 H5,"20,068","20,068",1,0,0,1,"20,068",NOT_COVERED,APPLIED,GEN-F0250-002-N-NE,"1,756",INTERNAL_SERVICE,Pondok Indah,Farel Wahyudyansyah,B 5152 SVL,"7,800"
"Sep 28, 2025, 11:13",WO-144492089156065812,SPAREPART,7429bc57-bb65-4afc-9756-811a1cb9a922,"Wires, Motor 4# ham with ears (+ backing bracket state) ham H5",0,0,1,0,0,1,0,NOT_COVERED,APPLIED,H5A-E20040-001-N-NE,957,INTERNAL_SERVICE,Pondok Indah,Farel Wahyudyansyah,B 5152 SVL,"7,800"
"Sep 28, 2025, 11:13",WO-144492089156065812,SPAREPART,64cde6f9-4cf9-4026-88c7-51d71c6d8351,Capricorn five switches (Headlight always on) H5,"24,173","24,173",1,0,0,1,"24,173",NOT_COVERED,APPLIED,H5A-E60170-001-N-NE,951,INTERNAL_SERVICE,Pondok Indah,Farel Wahyudyansyah,B 5152 SVL,"7,800"
"Sep 28, 2025, 11:13",WO-144492089156065812,SPAREPART,fa116921-3f09-44e1-b709-86b1780d9253,Brake Pad Kit H5 -1-01 (Canvas Rem) H5,"39,500","39,500",1,0,0,1,"39,500",NOT_COVERED,APPLIED,GEN-F1130-001-F-NE,"1,758",INTERNAL_SERVICE,Pondok Indah,Farel Wahyudyansyah,B 5152 SVL,"7,800"
"Sep 28, 2025, 11:13",WO-144492089156065812,SPAREPART,37dc324d-ba63-404f-b663-747c4a4566a1,disc Brake H5,"70,000","70,000",1,0,0,1,"70,000",NOT_COVERED,APPLIED,GEN-F1120-001-R-NE,"1,761",INTERNAL_SERVICE,Pondok Indah,Farel Wahyudyansyah,B 5152 SVL,"7,800"
"Sep 28, 2025, 10:49",WO-145154907182227024,SPAREPART,87eede8f-1064-4c4e-912d-9319aa96d5b0,Brake Pad H3 FR / RR H3,"26,000",0,2,0,0,2,0,NOT_COVERED,APPLIED,GEN-F0130-001-N-NE,"1,075",STORING,Pondok Indah,Eka Pitaloka,B 4711 SVT,"598,623"
"Sep 28, 2025, 10:45",WO-145152070507322960,SPAREPART,fa116921-3f09-44e1-b709-86b1780d9253,Brake Pad Kit H5 -1-01 (Canvas Rem) H5,"39,500",0,1,0,0,1,0,NOT_COVERED,APPLIED,GEN-F1130-001-F-NE,"1,758",STORING,Pondok Indah,Service Advisor PI,B 4496 SVM,"63,341"
"Sep 28, 2025, 10:45",WO-145152070507322960,SPAREPART,37dc324d-ba63-404f-b663-747c4a4566a1,disc Brake H5,"70,000",0,1,0,0,1,0,NOT_COVERED,APPLIED,GEN-F1120-001-R-NE,"1,761",STORING,Pondok Indah,Service Advisor PI,B 4496 SVM,"63,341"
"Sep 28, 2025, 10:45",WO-145152070507322960,SPAREPART,79e0bbc0-0b87-4142-8e3f-0b3ccdc86641,Brake Pad Kit H5 -2-01 (Canvas Rem) H5,"28,500",0,1,0,0,1,0,NOT_COVERED,APPLIED,GEN-F1140-001-R-NE,"1,759",STORING,Pondok Indah,Service Advisor PI,B 4496 SVM,"63,341"
"Sep 28, 2025, 10:37",WO-145162616094875216,SPAREPART,fa116921-3f09-44e1-b709-86b1780d9253,Brake Pad Kit H5 -1-01 (Canvas Rem) H5,"39,500",0,1,0,0,1,0,NOT_COVERED,APPLIED,GEN-F1130-001-F-NE,"1,758",STORING,Pondok Indah,Eka Pitaloka,B 4018 SVO,"55,787"
"Sep 28, 2025, 10:37",WO-145162616094875216,SPAREPART,79e0bbc0-0b87-4142-8e3f-0b3ccdc86641,Brake Pad Kit H5 -2-01 (Canvas Rem) H5,"28,500",0,1,0,0,1,0,NOT_COVERED,APPLIED,GEN-F1140-001-R-NE,"1,759",STORING,Pondok Indah,Eka Pitaloka,B 4018 SVO,"55,787"
"Sep 28, 2025, 10:31",WO-145163578637311568,SPAREPART,87eede8f-1064-4c4e-912d-9319aa96d5b0,Brake Pad H3 FR / RR H3,"26,000",0,2,0,0,2,0,NOT_COVERED,APPLIED,GEN-F0130-001-N-NE,"1,075",STORING,Pondok Indah,Eka Pitaloka,B 4457 SVT,"29,104"
"Sep 28, 2025, 10:29",WO-145145116435175956,SPAREPART,fa116921-3f09-44e1-b709-86b1780d9253,Brake Pad Kit H5 -1-01 (Canvas Rem) H5,"39,500",0,1,0,0,1,0,NOT_COVERED,APPLIED,GEN-F1130-001-F-NE,"1,758",STORING,Pondok Indah,Naufal Rabbani,B 4014 SVO,"60,865"
"Sep 28, 2025, 10:29",WO-145145116435175956,SPAREPART,999f14b8-db39-41e5-a31a-b5e0b7e8d909,Tires (far star) H5,"100,000",0,1,0,0,1,0,NOT_COVERED,APPLIED,GEN-F1090-001-N-NE,982,STORING,Pondok Indah,Naufal Rabbani,B 4014 SVO,"60,865"
"Sep 28, 2025, 10:00",WO-145146383366642196,SPAREPART,c52ca52a-85ef-43ad-8637-a9a65142da16,Rear disc brake disc H3,"26,519","26,519",1,0,0,1,"26,519",NOT_COVERED,APPLIED,GEN-F0190-001-R-NE,854,STORING,Pondok Indah,Gerald Raditya,B 4126 SVP,"3,467"
"Sep 28, 2025, 10:00",WO-145146383366642196,SPAREPART,87eede8f-1064-4c4e-912d-9319aa96d5b0,Brake Pad H3 FR / RR H3,"26,000","26,000",2,0,0,2,"52,000",NOT_COVERED,APPLIED,GEN-F0130-001-N-NE,"1,075",STORING,Pondok Indah,Gerald Raditya,B 4126 SVP,"3,467"
"Sep 28, 2025, 09:49",WO-145152263797627412,SPAREPART,87eede8f-1064-4c4e-912d-9319aa96d5b0,Brake Pad H3 FR / RR H3,"26,000",0,1,0,0,1,0,NOT_COVERED,APPLIED,GEN-F0130-001-N-NE,"1,075",STORING,Pondok Indah,Service Advisor PI,B 4457 SVT,"291,043"
"Sep 28, 2025, 09:33",WO-145090502167912016,SPAREPART,87eede8f-1064-4c4e-912d-9319aa96d5b0,Brake Pad H3 FR / RR H3,"26,000","26,000",1,0,0,1,"26,000",NOT_COVERED,APPLIED,GEN-F0130-001-N-NE,"1,075",STORING,Pondok Indah,Muhammad Syafrizal,B 4604 SVV,"49,922"
"Sep 28, 2025, 09:31",WO-145093432191244820,SPAREPART,87eede8f-1064-4c4e-912d-9319aa96d5b0,Brake Pad H3 FR / RR H3,"26,000",0,1,0,0,1,0,NOT_COVERED,APPLIED,GEN-F0130-001-N-NE,"1,075",STORING,Pondok Indah,Eka Pitaloka,B 4580 SWA,"32,345"
"Sep 28, 2025, 09:20",WO-145155852477684244,SPAREPART,87eede8f-1064-4c4e-912d-9319aa96d5b0,Brake Pad H3 FR / RR H3,"26,000",0,2,0,0,2,0,NOT_COVERED,APPLIED,GEN-F0130-001-N-NE,"1,075",STORING,Pondok Indah,Eka Pitaloka,B 4773 SVP,"46,790"
"Sep 28, 2025, 09:12",WO-144867494966877776,SPAREPART,0e63dd11-3dfb-40f2-9820-7fc9cc0b12bc,Front fork bearings H3,"42,021","42,021",1,0,0,1,"42,021",NOT_COVERED,APPLIED,GEN-F0100-001-F-NE,849,INTERNAL_SERVICE,Pondok Indah,Farel Wahyudyansyah,B 4183 SVO,"63,706"
"Sep 28, 2025, 09:12",WO-144867494966877776,SPAREPART,a1e28b04-f677-4714-8188-f032b8a4eb05,Bearing Nachi 6205 H5,"20,068","20,068",1,0,0,1,"20,068",NOT_COVERED,APPLIED,GEN-F0250-002-N-NE,"1,756",INTERNAL_SERVICE,Pondok Indah,Farel Wahyudyansyah,B 4183 SVO,"63,706"
"Sep 28, 2025, 09:03",WO-145146914130647572,SPAREPART,87eede8f-1064-4c4e-912d-9319aa96d5b0,Brake Pad H3 FR / RR H3,"26,000",0,2,0,0,2,0,NOT_COVERED,APPLIED,GEN-F0130-001-N-NE,"1,075",STORING,Pondok Indah,Naufal Rabbani,B 4402 SWA,"169,124"
"Sep 28, 2025, 09:03",WO-145146914130647572,SPAREPART,ec86c430-e74c-451d-8d93-6d47384acc17,Tire 90/90-12 H3 (KENDA) H3,"100,000",0,1,0,0,1,0,NOT_COVERED,APPLIED,GEN-F0500-001-N-MA,"1,741",STORING,Pondok Indah,Naufal Rabbani,B 4402 SWA,"169,124"
"Sep 28, 2025, 08:44",WO-145148113970027028,SPAREPART,a3335944-0e65-4f24-bb46-37a0ffd6b0d8,Combination switch left K1 H1,"88,343",0,1,0,0,1,0,NOT_COVERED,APPLIED,H1A-F2530-001-N-NE,"1,055",STORING,Pondok Indah,Eka Pitaloka,B 4835 SWD,"47,898"
"Sep 28, 2025, 08:01",WO-145089948687555092,SPAREPART,00c93cf0-bacc-4e53-aab2-4aeeebf5bf3b,Air tape PVR 50 (5 mm) H3,"3,500",0,1,0,0,1,0,NOT_COVERED,APPLIED,GEN-F0420-002-N-NE,"1,740",STORING,Pondok Indah,Naufal Rabbani,B 4772 SVR,"26,794"
"Sep 27, 2025, 21:37",WO-145083289978296852,SPAREPART,5075f880-8de8-488e-9bca-4db3d05c3583,Brake pad Front H1 - Fr H1,"26,000",0,1,0,0,1,0,NOT_COVERED,APPLIED,GEN-F1280-001-N-NE,"1,789",STORING,Pondok Indah,Eka Pitaloka,B 4750 SWD,"4,343"
"Sep 27, 2025, 21:37",WO-145082038330875472,SPAREPART,87eede8f-1064-4c4e-912d-9319aa96d5b0,Brake Pad H3 FR / RR H3,"26,000",0,1,0,0,1,0,NEW_ONBOARDING,APPLIED,GEN-F0130-001-N-NE,"1,075",STORING,Pondok Indah,Muhammad Riduwan,B 4012 SVT,"43,445"
"Sep 27, 2025, 21:15",WO-145082878819065424,SPAREPART,87eede8f-1064-4c4e-912d-9319aa96d5b0,Brake Pad H3 FR / RR H3,"26,000",0,1,0,0,1,0,NOT_COVERED,APPLIED,GEN-F0130-001-N-NE,"1,075",STORING,Pondok Indah,Eka Pitaloka,B 3744 PWE,"23,432"
"Sep 27, 2025, 20:54",WO-144901376655253072,SPAREPART,ef497358-de41-434c-9d32-8aeb8e165def,Full set of steel bowls H5,"57,454",0,1,0,0,1,0,NOT_COVERED,APPLIED,GEN-F0840-001-F-NE,981,STORING,Pondok Indah,Naufal Rabbani,B 4071 SVO,"48,929"
"Sep 27, 2025, 20:43",WO-145079680544823828,SPAREPART,fa116921-3f09-44e1-b709-86b1780d9253,Brake Pad Kit H5 -1-01 (Canvas Rem) H5,"39,500",0,1,0,0,1,0,NEW_ONBOARDING,APPLIED,GEN-F1130-001-F-NE,"1,758",STORING,Pondok Indah,Muhammad Riduwan,B 5251 SVL,"43,523"
"Sep 27, 2025, 20:43",WO-145079680544823828,SPAREPART,79e0bbc0-0b87-4142-8e3f-0b3ccdc86641,Brake Pad Kit H5 -2-01 (Canvas Rem) H5,"28,500",0,1,0,0,1,0,NEW_ONBOARDING,APPLIED,GEN-F1140-001-R-NE,"1,759",STORING,Pondok Indah,Muhammad Riduwan,B 5251 SVL,"43,523"
"Sep 27, 2025, 20:30",WO-144511916620930640,SPAREPART,87eede8f-1064-4c4e-912d-9319aa96d5b0,Brake Pad H3 FR / RR H3,"26,000",0,1,0,0,1,0,NEW_ONBOARDING,APPLIED,GEN-F0130-001-N-NE,"1,075",STORING,Pondok Indah,Muhammad Riduwan,B 4615 SVT,"48,241"
"Sep 27, 2025, 20:07",WO-145075773433208400,SPAREPART,5075f880-8de8-488e-9bca-4db3d05c3583,Brake pad Front H1 - Fr H1,"26,000",0,1,0,0,1,0,NEW_ONBOARDING,APPLIED,GEN-F1280-001-N-NE,"1,789",STORING,Pondok Indah,Muhammad Riduwan,B 4618 SWD,991
"Sep 27, 2025, 19:53",WO-145040192967825940,SPAREPART,87eede8f-1064-4c4e-912d-9319aa96d5b0,Brake Pad H3 FR / RR H3,"26,000",0,2,0,0,2,0,NOT_COVERED,APPLIED,GEN-F0130-001-N-NE,"1,075",STORING,Pondok Indah,Eka Pitaloka,B 4684 SVR,"6,432"
"Sep 27, 2025, 18:52",WO-145005256143560272,SPAREPART,d09f6b27-05e3-429e-8d59-5978689af06f,USB charging port H3,"12,627","12,627",1,0,0,1,"12,627",NOT_COVERED,APPLIED,H3A-E40010-001-N-NE,871,STORING,Pondok Indah,Muhammad Riduwan,B 4509 SVV,"35,039"
"Sep 27, 2025, 18:37",WO-145067222958628432,SPAREPART,87eede8f-1064-4c4e-912d-9319aa96d5b0,Brake Pad H3 FR / RR H3,"26,000",0,2,0,0,2,0,NOT_COVERED,APPLIED,GEN-F0130-001-N-NE,"1,075",STORING,Pondok Indah,Eka Pitaloka,B 4352 SVT,"43,456"
"Sep 27, 2025, 17:44",WO-145055495718197780,SPAREPART,ec86c430-e74c-451d-8d93-6d47384acc17,Tire 90/90-12 H3 (KENDA) H3,"135,796","135,796",1,0,0,1,"135,796",NOT_COVERED,APPLIED,GEN-F0500-001-N-MA,"1,741",STORING,Pondok Indah,Muhammad Riduwan,B 4236 SVP,"54,565"
"Sep 27, 2025, 17:39",WO-145060215501380116,SPAREPART,24f4995a-befd-4ad6-a490-c6318261742f,Cover Plat Nomer H3,"18,500","18,500",1,0,0,1,"18,500",NOT_COVERED,APPLIED,GEN-A0140-001-N-MA,"1,738",INTERNAL_SERVICE,Pondok Indah,muhammad faisal azri,B 4519 SVR,"54,544"
"Sep 27, 2025, 17:39",WO-145060215501380116,SPAREPART,54db2212-1823-4015-ae9f-22a8a2121781,Right falt fork guard plate trim H3,"9,430","9,430",1,0,0,1,"9,430",NOT_COVERED,APPLIED,H3A-B0400-001-R-GL,794,INTERNAL_SERVICE,Pondok Indah,muhammad faisal azri,B 4519 SVR,"54,544"
"Sep 27, 2025, 17:37",WO-145060761197108816,SPAREPART,ec86c430-e74c-451d-8d93-6d47384acc17,Tire 90/90-12 H3 (KENDA) H3,"100,000","100,000",2,0,0,2,"200,000",NOT_COVERED,APPLIED,GEN-F0500-001-N-MA,"1,741",INTERNAL_SERVICE,Pondok Indah,Muhammad Haikal Alfaidz,B 4156 SWA,"43,433"
"Sep 27, 2025, 17:37",WO-145060761197108816,SPAREPART,87eede8f-1064-4c4e-912d-9319aa96d5b0,Brake Pad H3 FR / RR H3,"26,000","26,000",2,0,0,2,"52,000",NOT_COVERED,APPLIED,GEN-F0130-001-N-NE,"1,075",INTERNAL_SERVICE,Pondok Indah,Muhammad Haikal Alfaidz,B 4156 SWA,"43,433"
"Sep 27, 2025, 17:26",WO-145059639338229328,SPAREPART,5075f880-8de8-488e-9bca-4db3d05c3583,Brake pad Front H1 - Fr H1,"26,000",0,2,0,0,2,0,NOT_COVERED,APPLIED,GEN-F1280-001-N-NE,"1,789",REPO_MAINTENANCE,Pondok Indah,Arif Purnomo,B 4622 SVP,"54,456"
"Sep 27, 2025, 17:26",WO-145059639338229328,SPAREPART,ec86c430-e74c-451d-8d93-6d47384acc17,Tire 90/90-12 H3 (KENDA) H3,"100,000",0,1,0,0,1,0,NOT_COVERED,APPLIED,GEN-F0500-001-N-MA,"1,741",REPO_MAINTENANCE,Pondok Indah,Arif Purnomo,B 4622 SVP,"54,456"
"Sep 27, 2025, 17:19",WO-145054634610810448,SPAREPART,87eede8f-1064-4c4e-912d-9319aa96d5b0,Brake Pad H3 FR / RR H3,"26,000","26,000",1,0,0,1,"26,000",NOT_COVERED,APPLIED,GEN-F0130-001-N-NE,"1,075",INTERNAL_SERVICE,Pondok Indah,Noval Labid,B 4292 SWA,"43,456"
"Sep 27, 2025, 17:19",WO-145054634610810448,SPAREPART,ec86c430-e74c-451d-8d93-6d47384acc17,Tire 90/90-12 H3 (KENDA) H3,"100,000","100,000",1,0,0,1,"100,000",NOT_COVERED,APPLIED,GEN-F0500-001-N-MA,"1,741",INTERNAL_SERVICE,Pondok Indah,Noval Labid,B 4292 SWA,"43,456"
"Sep 27, 2025, 17:02",WO-145033925872343572,SPAREPART,d625acb9-40c7-43a1-9f20-99489c41ef5f,Front disc brake disc H3,"56,580","56,580",1,0,0,1,"56,580",NOT_COVERED,APPLIED,GEN-F0140-001-F-NE,853,INTERNAL_SERVICE,Pondok Indah,Fikri,B 4145 SVV,"27,609"
"Sep 27, 2025, 17:02",WO-145033925872343572,SPAREPART,8996828a-e6bc-4a54-a9f3-15d5af9c5033,Controller H3,"500,000","500,000",1,0,0,1,"500,000",NOT_COVERED,APPLIED,H3A-E80010-001-N-MA,875,INTERNAL_SERVICE,Pondok Indah,Fikri,B 4145 SVV,"27,609"
"Sep 27, 2025, 17:02",WO-145033925872343572,SPAREPART,9b1e64e1-1f60-4503-9d4f-c6a6893deac0,Electric motor H3,"1,422,389","1,422,389",1,0,0,1,"1,422,389",NOT_COVERED,APPLIED,H3A-E20010-001-N-MA,876,INTERNAL_SERVICE,Pondok Indah,Fikri,B 4145 SVV,"27,609"
"Sep 27, 2025, 17:02",WO-145033925872343572,SPAREPART,ec86c430-e74c-451d-8d93-6d47384acc17,Tire 90/90-12 H3 (KENDA) H3,"135,796","135,796",1,0,0,1,"135,796",NOT_COVERED,APPLIED,GEN-F0500-001-N-MA,"1,741",INTERNAL_SERVICE,Pondok Indah,Fikri,B 4145 SVV,"27,609"
"Sep 27, 2025, 16:52",WO-144606901986941460,SPAREPART,87eede8f-1064-4c4e-912d-9319aa96d5b0,Brake Pad H3 FR / RR H3,"26,000",0,1,0,0,1,0,NEW_ONBOARDING,APPLIED,GEN-F0130-001-N-NE,"1,075",STORING,Pondok Indah,Naufal Rabbani,B 5264 BWJ,"38,032"
"Sep 27, 2025, 16:52",WO-144606901986941460,SPAREPART,ec86c430-e74c-451d-8d93-6d47384acc17,Tire 90/90-12 H3 (KENDA) H3,"100,000",0,1,0,0,1,0,NOT_COVERED,APPLIED,GEN-F0500-001-N-MA,"1,741",STORING,Pondok Indah,Naufal Rabbani,B 5264 BWJ,"38,032"
"Sep 27, 2025, 16:49",WO-145056360667568660,SPAREPART,87eede8f-1064-4c4e-912d-9319aa96d5b0,Brake Pad H3 FR / RR H3,"26,000","26,000",1,0,0,1,"26,000",NOT_COVERED,APPLIED,GEN-F0130-001-N-NE,"1,075",INTERNAL_SERVICE,Pondok Indah,Ilza,B 4244 SWA,0
"Sep 27, 2025, 16:43",WO-145055358262468176,SPAREPART,87eede8f-1064-4c4e-912d-9319aa96d5b0,Brake Pad H3 FR / RR H3,"26,000",0,2,0,0,2,0,NOT_COVERED,APPLIED,GEN-F0130-001-N-NE,"1,075",STORING,Pondok Indah,Eka Pitaloka,B 4587 SVT,"54,555"
"Sep 27, 2025, 16:33",WO-145017361223670292,SPAREPART,e690e2c0-63af-4657-8428-91e226c44d8b,Horn H3,"11,983","11,983",1,0,0,1,"11,983",NOT_COVERED,APPLIED,H3A-E60040-001-N-NE,872,INTERNAL_SERVICE,Pondok Indah,Nur Rokhim,B 3647 PWE,"2,345"
"Sep 27, 2025, 16:32",WO-145043837985775184,SPAREPART,fa116921-3f09-44e1-b709-86b1780d9253,Brake Pad Kit H5 -1-01 (Canvas Rem) H5,"39,500","39,500",1,0,0,1,"39,500",NOT_COVERED,APPLIED,GEN-F1130-001-F-NE,"1,758",INTERNAL_SERVICE,Pondok Indah,Muhammad Renaldi Filriski,B 4809 SVN,"2,345"
"Sep 27, 2025, 16:32",WO-145043837985775184,SPAREPART,79e0bbc0-0b87-4142-8e3f-0b3ccdc86641,Brake Pad Kit H5 -2-01 (Canvas Rem) H5,"28,500","28,500",1,0,0,1,"28,500",NOT_COVERED,APPLIED,GEN-F1140-001-R-NE,"1,759",INTERNAL_SERVICE,Pondok Indah,Muhammad Renaldi Filriski,B 4809 SVN,"2,345"
"Sep 27, 2025, 16:32",WO-145043837985775184,SPAREPART,37dc324d-ba63-404f-b663-747c4a4566a1,disc Brake H5,"70,000","70,000",1,0,0,1,"70,000",NOT_COVERED,APPLIED,GEN-F1120-001-R-NE,"1,761",INTERNAL_SERVICE,Pondok Indah,Muhammad Renaldi Filriski,B 4809 SVN,"2,345"
"Sep 27, 2025, 16:30",WO-144868495979469332,SPAREPART,83ff687a-bfd0-4975-936c-81b8115da6d5,Brake Fluid H3,"24,484","24,484",1,0,0,1,"24,484",NOT_COVERED,APPLIED,GEN-K0050-001-N-NE,"1,737",INTERNAL_SERVICE,Pondok Indah,Akhmad Rinaldi,B 4871 SVN,"67,240"
"Sep 27, 2025, 16:26",WO-145049539051544144,SPAREPART,ec86c430-e74c-451d-8d93-6d47384acc17,Tire 90/90-12 H3 (KENDA) H3,"100,000","100,000",1,0,0,1,"100,000",NOT_COVERED,APPLIED,GEN-F0500-001-N-MA,"1,741",STORING,Pondok Indah,Ahmad Agus Sudiro Parhusnan Marzuki,B 4582 SVT,"43,456"
"Sep 27, 2025, 16:26",WO-145005141118966292,SPAREPART,6f887a0a-e2ae-4556-afe9-b554bb26559f,Headlight H3,"100,000",0,1,0,0,1,0,NOT_COVERED,APPLIED,H3A-E60030-001-N-NE,821,STORING,Pondok Indah,Naufal Rabbani,B 5240 BWJ,"2,300"
"Sep 27, 2025, 16:26",WO-145005141118966292,SPAREPART,da88d1a0-0510-40de-ba7d-0585e733b86a,Front panel (TIFFANY GREEN) H3,"69,161",0,1,0,0,1,0,NOT_COVERED,APPLIED,H3A-B0060-001-F-TI,"1,726",STORING,Pondok Indah,Naufal Rabbani,B 5240 BWJ,"2,300"
"Sep 27, 2025, 16:24",WO-144868495979469332,SPAREPART,37dc324d-ba63-404f-b663-747c4a4566a1,disc Brake H5,"70,000","70,000",2,0,0,2,"140,000",NOT_COVERED,APPLIED,GEN-F1120-001-R-NE,"1,761",INTERNAL_SERVICE,Pondok Indah,Akhmad Rinaldi,B 4871 SVN,"67,240"
"Sep 27, 2025, 16:24",WO-144868495979469332,SPAREPART,999f14b8-db39-41e5-a31a-b5e0b7e8d909,Tires (far star) H5,"100,000","100,000",1,0,0,1,"100,000",NOT_COVERED,APPLIED,GEN-F1090-001-N-NE,982,INTERNAL_SERVICE,Pondok Indah,Akhmad Rinaldi,B 4871 SVN,"67,240"
"Sep 27, 2025, 16:24",WO-144868495979469332,SPAREPART,0f6ae3ea-bbd1-40bb-a8ee-46b1883a0c2d,Headlight H5,"100,000","100,000",1,0,0,1,"100,000",NOT_COVERED,APPLIED,H5A-E60080-001-N-NE,937,INTERNAL_SERVICE,Pondok Indah,Akhmad Rinaldi,B 4871 SVN,"67,240"
"Sep 27, 2025, 16:24",WO-144868495979469332,SPAREPART,97f7f144-3d69-427e-8218-29374555387e,Bearing Nachi 6301 H5,"14,200","14,200",2,0,0,2,"28,400",NOT_COVERED,APPLIED,GEN-F0570-003-R-NE,"1,762",INTERNAL_SERVICE,Pondok Indah,Akhmad Rinaldi,B 4871 SVN,"67,240"
"Sep 27, 2025, 16:24",WO-144868495979469332,SPAREPART,79e0bbc0-0b87-4142-8e3f-0b3ccdc86641,Brake Pad Kit H5 -2-01 (Canvas Rem) H5,"28,500","28,500",1,0,0,1,"28,500",NOT_COVERED,APPLIED,GEN-F1140-001-R-NE,"1,759",INTERNAL_SERVICE,Pondok Indah,Akhmad Rinaldi,B 4871 SVN,"67,240"
"Sep 27, 2025, 16:24",WO-144868495979469332,SPAREPART,fa116921-3f09-44e1-b709-86b1780d9253,Brake Pad Kit H5 -1-01 (Canvas Rem) H5,"39,500","39,500",1,0,0,1,"39,500",NOT_COVERED,APPLIED,GEN-F1130-001-F-NE,"1,758",INTERNAL_SERVICE,Pondok Indah,Akhmad Rinaldi,B 4871 SVN,"67,240"
"Sep 27, 2025, 16:14",WO-145006859961522708,SPAREPART,87eede8f-1064-4c4e-912d-9319aa96d5b0,Brake Pad H3 FR / RR H3,"26,000",0,2,0,0,2,0,NOT_COVERED,APPLIED,GEN-F0130-001-N-NE,"1,075",STORING,Pondok Indah,Eka Pitaloka,B 4832 SVS,"53,099"
"Sep 27, 2025, 16:00",WO-145003344883113552,SPAREPART,79e0bbc0-0b87-4142-8e3f-0b3ccdc86641,Brake Pad Kit H5 -2-01 (Canvas Rem) H5,"28,500",0,1,0,0,1,0,NOT_COVERED,APPLIED,GEN-F1140-001-R-NE,"1,759",STORING,Pondok Indah,Eka Pitaloka,B 5017 SVL,"1,342"
"Sep 27, 2025, 16:00",WO-145003344883113552,SPAREPART,fa116921-3f09-44e1-b709-86b1780d9253,Brake Pad Kit H5 -1-01 (Canvas Rem) H5,"39,500",0,1,0,0,1,0,NOT_COVERED,APPLIED,GEN-F1130-001-F-NE,"1,758",STORING,Pondok Indah,Eka Pitaloka,B 5017 SVL,"1,342"
"Sep 27, 2025, 15:48",WO-145041467683921488,SPAREPART,999f14b8-db39-41e5-a31a-b5e0b7e8d909,Tires (far star) H5,"100,000",0,1,0,0,1,0,NOT_COVERED,APPLIED,GEN-F1090-001-N-NE,982,STORING,Pondok Indah,Naufal Rabbani,B 5344 SVL,"12,333"
"Sep 27, 2025, 15:38",WO-145037056735730196,SPAREPART,ec86c430-e74c-451d-8d93-6d47384acc17,Tire 90/90-12 H3 (KENDA) H3,"100,000",0,1,0,0,1,0,NOT_COVERED,APPLIED,GEN-F0500-001-N-MA,"1,741",STORING,Pondok Indah,Naufal Rabbani,B 4671 SVT,"37,592"
"Sep 27, 2025, 15:36",WO-145032763748146768,SPAREPART,c52ca52a-85ef-43ad-8637-a9a65142da16,Rear disc brake disc H3,"26,519",0,1,0,0,1,0,NOT_COVERED,APPLIED,GEN-F0190-001-R-NE,854,STORING,Pondok Indah,Naufal Rabbani,B 4584 SVO,"88,834"
"Sep 27, 2025, 15:06",WO-145032763748146768,SPAREPART,87eede8f-1064-4c4e-912d-9319aa96d5b0,Brake Pad H3 FR / RR H3,"26,000",0,1,0,0,1,0,NEW_ONBOARDING,APPLIED,GEN-F0130-001-N-NE,"1,075",STORING,Pondok Indah,Naufal Rabbani,B 4584 SVO,"88,834"
"Sep 27, 2025, 14:58",WO-145045437089341008,SPAREPART,87eede8f-1064-4c4e-912d-9319aa96d5b0,Brake Pad H3 FR / RR H3,"26,000",0,2,0,0,2,0,NOT_COVERED,APPLIED,GEN-F0130-001-N-NE,"1,075",REGULAR,Kembangan,Irawan,B 4080 SWB,"11,567"
"Sep 27, 2025, 14:50",WO-145033287448944208,SPAREPART,87eede8f-1064-4c4e-912d-9319aa96d5b0,Brake Pad H3 FR / RR H3,"26,000",0,2,0,0,2,0,NOT_COVERED,APPLIED,GEN-F0130-001-N-NE,"1,075",STORING,Pondok Indah,Eka Pitaloka,B 4790 SVP,"73,536"
"Sep 27, 2025, 14:31",WO-144473996488890900,SPAREPART,87eede8f-1064-4c4e-912d-9319aa96d5b0,Brake Pad H3 FR / RR H3,"26,000",0,2,0,0,2,0,NOT_COVERED,APPLIED,GEN-F0130-001-N-NE,"1,075",REPO_MAINTENANCE,Pondok Indah,Service Advisor PI,B 4863 SVN,"25,388"
"Sep 27, 2025, 14:31",WO-144473996488890900,SPAREPART,100f831b-2f8a-450d-b561-f652c2f6d14c,Smart lock (GO PLUS) H5,"100,000",0,1,0,0,1,0,NOT_COVERED,APPLIED,H5A-E70130-001-N-NE,944,REPO_MAINTENANCE,Pondok Indah,Service Advisor PI,B 4863 SVN,"25,388"
"Sep 27, 2025, 14:29",WO-145032567907703316,SPAREPART,79e0bbc0-0b87-4142-8e3f-0b3ccdc86641,Brake Pad Kit H5 -2-01 (Canvas Rem) H5,"28,500",0,1,0,0,1,0,NOT_COVERED,APPLIED,GEN-F1140-001-R-NE,"1,759",STORING,Pondok Indah,Naufal Rabbani,B 5541 SVL,"57,665"
"Sep 27, 2025, 14:10",WO-144877743899696720,SPAREPART,99aeb49e-788d-4e25-bb08-36891593def4,Front fork R H5,0,0,1,0,0,1,0,NOT_COVERED,APPLIED,H5A-F2390-001-F-NE,"1,767",WALK_IN_MAINTENANCE,Pondok Indah,Naufal Rabbani,B 5274 SVL,"44,710"
"Sep 27, 2025, 14:10",WO-144877743899696720,SPAREPART,ef497358-de41-434c-9d32-8aeb8e165def,Full set of steel bowls H5,"57,454",0,1,0,0,1,0,NOT_COVERED,APPLIED,GEN-F0840-001-F-NE,981,WALK_IN_MAINTENANCE,Pondok Indah,Naufal Rabbani,B 5274 SVL,"44,710"
"Sep 27, 2025, 13:56",WO-145007158562414160,SPAREPART,79e0bbc0-0b87-4142-8e3f-0b3ccdc86641,Brake Pad Kit H5 -2-01 (Canvas Rem) H5,"28,500",0,1,0,0,1,0,NOT_COVERED,APPLIED,GEN-F1140-001-R-NE,"1,759",STORING,Pondok Indah,Naufal Rabbani,B 5321 SVL,"7,320"
"Sep 27, 2025, 13:56",WO-145007158562414160,SPAREPART,fa116921-3f09-44e1-b709-86b1780d9253,Brake Pad Kit H5 -1-01 (Canvas Rem) H5,"39,500",0,1,0,0,1,0,NOT_COVERED,APPLIED,GEN-F1130-001-F-NE,"1,758",STORING,Pondok Indah,Naufal Rabbani,B 5321 SVL,"7,320"
"Sep 27, 2025, 13:47",WO-145038280935628368,SPAREPART,0e63dd11-3dfb-40f2-9820-7fc9cc0b12bc,Front fork bearings H3,"42,021","42,021",1,0,0,1,"42,021",NOT_COVERED,APPLIED,GEN-F0100-001-F-NE,849,INTERNAL_SERVICE,Bekasi,Affani,B 4589 SVP,"453,620"
"Sep 27, 2025, 13:47",WO-145038280935628368,SPAREPART,8209cbbd-e502-4f1e-8bfe-2b594dc8501a,Assembly line H3,"100,000","100,000",1,0,0,1,"100,000",NOT_COVERED,APPLIED,H3A-E30020-001-N-NE,862,INTERNAL_SERVICE,Bekasi,Affani,B 4589 SVP,"453,620"
"Sep 27, 2025, 13:47",WO-145001866474839632,SPAREPART,ec86c430-e74c-451d-8d93-6d47384acc17,Tire 90/90-12 H3 (KENDA) H3,"100,000","100,000",1,0,0,1,"100,000",NOT_COVERED,APPLIED,GEN-F0500-001-N-MA,"1,741",STORING,Pondok Indah,Fikri,B 4704 SVR,"25,637"
"Sep 27, 2025, 13:37",WO-145037144145025556,SPAREPART,d09f6b27-05e3-429e-8d59-5978689af06f,USB charging port H3,"12,627","39,000",1,0,0,1,"39,000",NOT_COVERED,APPLIED,H3A-E40010-001-N-NE,871,REGULAR,Bekasi,Service Advisor Bekasi,B 4197 SVT,"480,665"
"Sep 27, 2025, 13:37",WO-145037144145025556,SPAREPART,87eede8f-1064-4c4e-912d-9319aa96d5b0,Brake Pad H3 FR / RR H3,"26,000",0,2,0,0,2,0,NOT_COVERED,APPLIED,GEN-F0130-001-N-NE,"1,075",REGULAR,Bekasi,Service Advisor Bekasi,B 4197 SVT,"480,665"
"Sep 27, 2025, 13:32",WO-145034871436237332,SPAREPART,87eede8f-1064-4c4e-912d-9319aa96d5b0,Brake Pad H3 FR / RR H3,"26,000",0,2,0,0,2,0,NOT_COVERED,APPLIED,GEN-F0130-001-N-NE,"1,075",REGULAR,Kembangan,Irawan,B 4414 SVT,"43,436"
"Sep 27, 2025, 13:24",WO-145001442296487504,SPAREPART,87eede8f-1064-4c4e-912d-9319aa96d5b0,Brake Pad H3 FR / RR H3,"26,000",0,1,0,0,1,0,NOT_COVERED,APPLIED,GEN-F0130-001-N-NE,"1,075",STORING,Pondok Indah,Naufal Rabbani,B 4660 SVO,"65,174"
"Sep 27, 2025, 13:22",WO-145020944803454544,SPAREPART,87eede8f-1064-4c4e-912d-9319aa96d5b0,Brake Pad H3 FR / RR H3,"26,000",0,2,0,0,2,0,NOT_COVERED,APPLIED,GEN-F0130-001-N-NE,"1,075",STORING,Pondok Indah,Eka Pitaloka,B 4687 SVR,"3,322"
"Sep 27, 2025, 13:22",WO-145020944803454544,SPAREPART,3cb2a551-8898-476b-a8a5-0a016d76e96b,The rear disc brake assembly has no logo H3,"100,000","80,000",1,0,0,1,"80,000",NOT_COVERED,APPLIED,H3A-F0220-001-R-NE,851,STORING,Pondok Indah,Eka Pitaloka,B 4687 SVR,"3,322"
"Sep 27, 2025, 13:21",WO-145035761048116816,SPAREPART,87eede8f-1064-4c4e-912d-9319aa96d5b0,Brake Pad H3 FR / RR H3,"26,000",0,1,0,0,1,0,NOT_COVERED,APPLIED,GEN-F0130-001-N-NE,"1,075",REGULAR,Bekasi,Service Advisor Bekasi,B 4900 SVT,"378,953"
"Sep 27, 2025, 13:14",WO-145013897248661072,SPAREPART,e0402ad2-4c70-44c0-b2a2-8bccaf20ce7b,Steering rack assembly 6.42±0.04kg H3,"118,059",0,1,0,0,1,0,NOT_COVERED,APPLIED,H3A-F0070-001-N-NE,845,STORING,Pondok Indah,Service Advisor PI,B 3703 PWG,232
"Sep 27, 2025, 13:07",WO-144602218778090004,SPAREPART,87eede8f-1064-4c4e-912d-9319aa96d5b0,Brake Pad H3 FR / RR H3,"26,000",0,2,0,0,2,0,NOT_COVERED,APPLIED,GEN-F0130-001-N-NE,"1,075",REPO_MAINTENANCE,Pondok Indah,Service Advisor PI,B 3975 PWF,"39,103"
"Sep 27, 2025, 13:07",WO-144602218778090004,SPAREPART,ec86c430-e74c-451d-8d93-6d47384acc17,Tire 90/90-12 H3 (KENDA) H3,"100,000",0,1,0,0,1,0,NOT_COVERED,APPLIED,GEN-F0500-001-N-MA,"1,741",REPO_MAINTENANCE,Pondok Indah,Service Advisor PI,B 3975 PWF,"39,103"
"Sep 27, 2025, 11:50",WO-145025407844900432,SPAREPART,87eede8f-1064-4c4e-912d-9319aa96d5b0,Brake Pad H3 FR / RR H3,"26,000",0,2,0,0,2,0,NOT_COVERED,APPLIED,GEN-F0130-001-N-NE,"1,075",REGULAR,Kembangan,Irawan,B 4498 SWA,"18,580"
"Sep 27, 2025, 11:48",WO-145025160917834260,SPAREPART,fa116921-3f09-44e1-b709-86b1780d9253,Brake Pad Kit H5 -1-01 (Canvas Rem) H5,"39,500",0,1,0,0,1,0,NOT_COVERED,APPLIED,GEN-F1130-001-F-NE,"1,758",REGULAR,Kembangan,Irawan,B 5096 SVL,"3,170"
"Sep 27, 2025, 11:48",WO-145025160917834260,SPAREPART,79e0bbc0-0b87-4142-8e3f-0b3ccdc86641,Brake Pad Kit H5 -2-01 (Canvas Rem) H5,"28,500",0,1,0,0,1,0,NOT_COVERED,APPLIED,GEN-F1140-001-R-NE,"1,759",REGULAR,Kembangan,Irawan,B 5096 SVL,"3,170"
"Sep 27, 2025, 11:48",WO-145025160917834260,SPAREPART,961d9d47-7edd-48fd-9f8d-69939c9a6266,Electric seat lock H5,"100,000",0,1,0,0,1,0,NEW_ONBOARDING,APPLIED,H5A-F0810-001-N-NE,936,REGULAR,Kembangan,Irawan,B 5096 SVL,"3,170"
"Sep 27, 2025, 11:44",WO-145024968969706004,SPAREPART,87eede8f-1064-4c4e-912d-9319aa96d5b0,Brake Pad H3 FR / RR H3,"26,000",0,1,0,0,1,0,NOT_COVERED,APPLIED,GEN-F0130-001-N-NE,"1,075",REGULAR,Kembangan,Irawan,B 4783 SVR,"49,288"
"Sep 27, 2025, 11:43",WO-145025301359910480,SPAREPART,87eede8f-1064-4c4e-912d-9319aa96d5b0,Brake Pad H3 FR / RR H3,"26,000",0,2,0,0,2,0,NOT_COVERED,APPLIED,GEN-F0130-001-N-NE,"1,075",REGULAR,Kembangan,Irawan,B 4171 SVV,"39,046"
"Sep 27, 2025, 11:40",WO-145024852720377424,SPAREPART,87eede8f-1064-4c4e-912d-9319aa96d5b0,Brake Pad H3 FR / RR H3,"26,000",0,2,0,0,2,0,NOT_COVERED,APPLIED,GEN-F0130-001-N-NE,"1,075",REGULAR,Kembangan,Irawan,B 4080 SWB,"11,567"
"Sep 27, 2025, 11:32",WO-145021153344248340,SPAREPART,87eede8f-1064-4c4e-912d-9319aa96d5b0,Brake Pad H3 FR / RR H3,"26,000",0,2,0,0,2,0,NOT_COVERED,APPLIED,GEN-F0130-001-N-NE,"1,075",REGULAR,Kembangan,Irawan,B 4547 SWA,"21,553"
"Sep 27, 2025, 11:31",WO-145022650274568724,SPAREPART,87eede8f-1064-4c4e-912d-9319aa96d5b0,Brake Pad H3 FR / RR H3,"26,000",0,2,0,0,2,0,NOT_COVERED,APPLIED,GEN-F0130-001-N-NE,"1,075",REGULAR,Kembangan,Irawan,B 4564 SVP,"38,294"
"Sep 27, 2025, 11:30",WO-145022948640579152,SPAREPART,87eede8f-1064-4c4e-912d-9319aa96d5b0,Brake Pad H3 FR / RR H3,"26,000",0,1,0,0,1,0,NOT_COVERED,APPLIED,GEN-F0130-001-N-NE,"1,075",REGULAR,Kembangan,Irawan,B 4548 SVP,"637,881"
"Sep 27, 2025, 11:19",WO-144903832017590804,SPAREPART,54db2212-1823-4015-ae9f-22a8a2121781,Right falt fork guard plate trim H3,"9,430","9,430",1,0,0,1,"9,430",NOT_COVERED,APPLIED,H3A-B0400-001-R-GL,794,WALK_IN_MAINTENANCE,Pondok Indah,Eka Pitaloka,B 4787 SVT,"66,067"
"Sep 27, 2025, 11:19",WO-144903832017590804,SPAREPART,a2532d5d-2b93-4fba-a336-0d7d635b1def,Right fork protection plate large piece H3,"7,176","7,176",1,0,0,1,"7,176",NOT_COVERED,APPLIED,H3A-B0410-001-R-MA,812,WALK_IN_MAINTENANCE,Pondok Indah,Eka Pitaloka,B 4787 SVT,"66,067"
"Sep 27, 2025, 11:18",WO-145018393659989584,SPAREPART,ec86c430-e74c-451d-8d93-6d47384acc17,Tire 90/90-12 H3 (KENDA) H3,"100,000","100,000",1,0,0,1,"100,000",NOT_COVERED,APPLIED,GEN-F0500-001-N-MA,"1,741",STORING,Pondok Indah,Eka Pitaloka,B 4691 SVO,"42,524"
"Sep 27, 2025, 11:18",WO-145018393659989584,SPAREPART,87eede8f-1064-4c4e-912d-9319aa96d5b0,Brake Pad H3 FR / RR H3,"26,000",0,2,0,0,2,0,NOT_COVERED,APPLIED,GEN-F0130-001-N-NE,"1,075",STORING,Pondok Indah,Eka Pitaloka,B 4691 SVO,"42,524"
"Sep 27, 2025, 11:12",WO-145000772499692052,SPAREPART,79e0bbc0-0b87-4142-8e3f-0b3ccdc86641,Brake Pad Kit H5 -2-01 (Canvas Rem) H5,"28,500",0,1,0,0,1,0,NOT_COVERED,APPLIED,GEN-F1140-001-R-NE,"1,759",STORING,Pondok Indah,Naufal Rabbani,B 4719 SVN,"2,650"
"Sep 27, 2025, 11:12",WO-145017361223670292,SPAREPART,c52ca52a-85ef-43ad-8637-a9a65142da16,Rear disc brake disc H3,"26,519","26,519",1,0,0,1,"26,519",NOT_COVERED,APPLIED,GEN-F0190-001-R-NE,854,INTERNAL_SERVICE,Pondok Indah,Nur Rokhim,B 3647 PWE,"2,345"
"Sep 27, 2025, 11:12",WO-145017361223670292,SPAREPART,87eede8f-1064-4c4e-912d-9319aa96d5b0,Brake Pad H3 FR / RR H3,"26,000","26,000",2,0,0,2,"52,000",NOT_COVERED,APPLIED,GEN-F0130-001-N-NE,"1,075",INTERNAL_SERVICE,Pondok Indah,Nur Rokhim,B 3647 PWE,"2,345"
"Sep 27, 2025, 11:12",WO-145017361223670292,SPAREPART,ec86c430-e74c-451d-8d93-6d47384acc17,Tire 90/90-12 H3 (KENDA) H3,"100,000","100,000",1,0,0,1,"100,000",NOT_COVERED,APPLIED,GEN-F0500-001-N-MA,"1,741",INTERNAL_SERVICE,Pondok Indah,Nur Rokhim,B 3647 PWE,"2,345"
"Sep 27, 2025, 11:11",WO-145022698978827856,SPAREPART,87eede8f-1064-4c4e-912d-9319aa96d5b0,Brake Pad H3 FR / RR H3,"26,000",0,2,0,0,2,0,NOT_COVERED,APPLIED,GEN-F0130-001-N-NE,"1,075",REGULAR,Bekasi,Service Advisor Bekasi,B 4610 SVT,"365,201"
"Sep 27, 2025, 11:10",WO-145012962321522256,SPAREPART,d625acb9-40c7-43a1-9f20-99489c41ef5f,Front disc brake disc H3,"56,580","56,580",1,0,0,1,"56,580",NOT_COVERED,APPLIED,GEN-F0140-001-F-NE,853,INTERNAL_SERVICE,Pondok Indah,Akhmad Rinaldi,B 4652 SVR,"44,435"
"Sep 27, 2025, 10:55",WO-145010491507366420,SPAREPART,ec86c430-e74c-451d-8d93-6d47384acc17,Tire 90/90-12 H3 (KENDA) H3,"100,000",0,1,0,0,1,0,NOT_COVERED,APPLIED,GEN-F0500-001-N-MA,"1,741",STORING,Pondok Indah,Naufal Rabbani,B 4349 SWA,"23,541"
"Sep 27, 2025, 10:50",WO-144877743899696720,SPAREPART,11409fb3-6031-43ba-bf50-6fb52f24b60c,Reverse switch H5,"6,785",0,1,0,0,1,0,NOT_COVERED,APPLIED,H5A-E70120-001-N-NE,952,WALK_IN_MAINTENANCE,Pondok Indah,Naufal Rabbani,B 5274 SVL,"44,710"
"Sep 27, 2025, 10:50",WO-144877743899696720,SPAREPART,37dc324d-ba63-404f-b663-747c4a4566a1,disc Brake H5,"70,000",0,1,0,0,1,0,NOT_COVERED,APPLIED,GEN-F1120-001-R-NE,"1,761",WALK_IN_MAINTENANCE,Pondok Indah,Naufal Rabbani,B 5274 SVL,"44,710"
"Sep 27, 2025, 10:50",WO-144877743899696720,SPAREPART,fa116921-3f09-44e1-b709-86b1780d9253,Brake Pad Kit H5 -1-01 (Canvas Rem) H5,"39,500",0,1,0,0,1,0,NOT_COVERED,APPLIED,GEN-F1130-001-F-NE,"1,758",WALK_IN_MAINTENANCE,Pondok Indah,Naufal Rabbani,B 5274 SVL,"44,710"
"Sep 27, 2025, 10:50",WO-144877743899696720,SPAREPART,79e0bbc0-0b87-4142-8e3f-0b3ccdc86641,Brake Pad Kit H5 -2-01 (Canvas Rem) H5,"28,500",0,1,0,0,1,0,NOT_COVERED,APPLIED,GEN-F1140-001-R-NE,"1,759",WALK_IN_MAINTENANCE,Pondok Indah,Naufal Rabbani,B 5274 SVL,"44,710"
"Sep 27, 2025, 10:42",WO-145017158420683284,SPAREPART,29ae4c69-46d5-4754-bf7e-f808ca55ebe7,Lock Set H3,"32,338","32,338",1,0,0,1,"32,338",NOT_COVERED,APPLIED,H3A-E70050-001-N-NE,865,INTERNAL_SERVICE,Pondok Indah,Noval Labid,B 4465 SWA,"2,345"
"Sep 27, 2025, 10:42",WO-145017158420683284,SPAREPART,c52ca52a-85ef-43ad-8637-a9a65142da16,Rear disc brake disc H3,"26,519","26,519",1,0,0,1,"26,519",NOT_COVERED,APPLIED,GEN-F0190-001-R-NE,854,INTERNAL_SERVICE,Pondok Indah,Noval Labid,B 4465 SWA,"2,345"
"Sep 27, 2025, 10:42",WO-145017158420683284,SPAREPART,ec86c430-e74c-451d-8d93-6d47384acc17,Tire 90/90-12 H3 (KENDA) H3,"100,000","100,000",2,0,0,2,"200,000",NOT_COVERED,APPLIED,GEN-F0500-001-N-MA,"1,741",INTERNAL_SERVICE,Pondok Indah,Noval Labid,B 4465 SWA,"2,345"
"Sep 27, 2025, 10:42",WO-145017158420683284,SPAREPART,1ac25aee-ff64-497d-a915-e4617a1892ae,Bearing Nachi 6201 H3,"13,967","13,967",2,0,0,2,"27,934",NOT_COVERED,APPLIED,GEN-F0060-001-F-NE,"1,735",INTERNAL_SERVICE,Pondok Indah,Noval Labid,B 4465 SWA,"2,345"
"Sep 27, 2025, 10:42",WO-145017158420683284,SPAREPART,87eede8f-1064-4c4e-912d-9319aa96d5b0,Brake Pad H3 FR / RR H3,"26,000","26,000",1,0,0,1,"26,000",NOT_COVERED,APPLIED,GEN-F0130-001-N-NE,"1,075",INTERNAL_SERVICE,Pondok Indah,Noval Labid,B 4465 SWA,"2,345"
"Sep 27, 2025, 10:41",WO-145016667099913808,SPAREPART,87eede8f-1064-4c4e-912d-9319aa96d5b0,Brake Pad H3 FR / RR H3,"26,000",0,2,0,0,2,0,NOT_COVERED,APPLIED,GEN-F0130-001-N-NE,"1,075",STORING,Pondok Indah,Eka Pitaloka,B 4695 SVR,"39,925"
"Sep 27, 2025, 10:38",WO-145013930215889428,SPAREPART,1ac25aee-ff64-497d-a915-e4617a1892ae,Bearing Nachi 6201 H3,"13,967",0,2,0,0,2,0,NOT_COVERED,APPLIED,GEN-F0060-001-F-NE,"1,735",WALK_IN_MAINTENANCE,Pondok Indah,Eka Pitaloka,B 4604 SVO,"22,659"
"Sep 27, 2025, 10:38",WO-145013930215889428,SPAREPART,0e63dd11-3dfb-40f2-9820-7fc9cc0b12bc,Front fork bearings H3,"42,021",0,1,0,0,1,0,NOT_COVERED,APPLIED,GEN-F0100-001-F-NE,849,WALK_IN_MAINTENANCE,Pondok Indah,Eka Pitaloka,B 4604 SVO,"22,659"
"Sep 27, 2025, 10:38",WO-145013930215889428,SPAREPART,87eede8f-1064-4c4e-912d-9319aa96d5b0,Brake Pad H3 FR / RR H3,"26,000",0,2,0,0,2,0,NOT_COVERED,APPLIED,GEN-F0130-001-N-NE,"1,075",WALK_IN_MAINTENANCE,Pondok Indah,Eka Pitaloka,B 4604 SVO,"22,659"
"Sep 27, 2025, 10:29",WO-145006082018794004,SPAREPART,d09f6b27-05e3-429e-8d59-5978689af06f,USB charging port H3,"12,627","12,627",1,0,0,1,"12,627",NOT_COVERED,APPLIED,H3A-E40010-001-N-NE,871,STORING,Pondok Indah,Muhamad Chaerudin,B 4229 SVV,321
"Sep 27, 2025, 10:22",WO-145013508201798164,SPAREPART,79e0bbc0-0b87-4142-8e3f-0b3ccdc86641,Brake Pad Kit H5 -2-01 (Canvas Rem) H5,"28,500","28,500",1,0,0,1,"28,500",NOT_COVERED,APPLIED,GEN-F1140-001-R-NE,"1,759",INTERNAL_SERVICE,Pondok Indah,Rizky Rahmatullah,B 5090 SVL,"3,564"
"Sep 27, 2025, 10:22",WO-145013508201798164,SPAREPART,fa116921-3f09-44e1-b709-86b1780d9253,Brake Pad Kit H5 -1-01 (Canvas Rem) H5,"39,500","39,500",1,0,0,1,"39,500",NOT_COVERED,APPLIED,GEN-F1130-001-F-NE,"1,758",INTERNAL_SERVICE,Pondok Indah,Rizky Rahmatullah,B 5090 SVL,"3,564"
"Sep 27, 2025, 10:21",WO-145012962321522256,SPAREPART,87eede8f-1064-4c4e-912d-9319aa96d5b0,Brake Pad H3 FR / RR H3,"26,000","26,000",2,0,0,2,"52,000",NOT_COVERED,APPLIED,GEN-F0130-001-N-NE,"1,075",INTERNAL_SERVICE,Pondok Indah,Akhmad Rinaldi,B 4652 SVR,"44,435"
"Sep 27, 2025, 10:21",WO-145012962321522256,SPAREPART,ec86c430-e74c-451d-8d93-6d47384acc17,Tire 90/90-12 H3 (KENDA) H3,"100,000","100,000",1,0,0,1,"100,000",NOT_COVERED,APPLIED,GEN-F0500-001-N-MA,"1,741",INTERNAL_SERVICE,Pondok Indah,Akhmad Rinaldi,B 4652 SVR,"44,435"
"Sep 27, 2025, 10:21",WO-145012962321522256,SPAREPART,1ac25aee-ff64-497d-a915-e4617a1892ae,Bearing Nachi 6201 H3,"13,967","13,967",2,0,0,2,"27,934",NOT_COVERED,APPLIED,GEN-F0060-001-F-NE,"1,735",INTERNAL_SERVICE,Pondok Indah,Akhmad Rinaldi,B 4652 SVR,"44,435"
"Sep 27, 2025, 10:21",WO-145012962321522256,SPAREPART,c52ca52a-85ef-43ad-8637-a9a65142da16,Rear disc brake disc H3,"26,519","26,519",1,0,0,1,"26,519",NOT_COVERED,APPLIED,GEN-F0190-001-R-NE,854,INTERNAL_SERVICE,Pondok Indah,Akhmad Rinaldi,B 4652 SVR,"44,435"
"Sep 27, 2025, 10:18",WO-144894891724397076,SPAREPART,87eede8f-1064-4c4e-912d-9319aa96d5b0,Brake Pad H3 FR / RR H3,"26,000",0,1,0,0,1,0,NOT_COVERED,APPLIED,GEN-F0130-001-N-NE,"1,075",WALK_IN_MAINTENANCE,Pondok Indah,Naufal Rabbani,B 3562 PWE,"29,830"
"Sep 27, 2025, 10:17",WO-145017258832322128,SPAREPART,87eede8f-1064-4c4e-912d-9319aa96d5b0,Brake Pad H3 FR / RR H3,"26,000",0,1,0,0,1,0,NOT_COVERED,APPLIED,GEN-F0130-001-N-NE,"1,075",REGULAR,Depok,Aji Fadilah,B 4849 SVS,"338,094"
"Sep 27, 2025, 10:12",WO-145016704009789008,SPAREPART,87eede8f-1064-4c4e-912d-9319aa96d5b0,Brake Pad H3 FR / RR H3,"26,000",0,2,0,0,2,0,NOT_COVERED,APPLIED,GEN-F0130-001-N-NE,"1,075",REGULAR,Bekasi,Service Advisor Bekasi,B 3559 PWE,"212,997"
"Sep 27, 2025, 10:06",WO-145011798150502932,SPAREPART,79e0bbc0-0b87-4142-8e3f-0b3ccdc86641,Brake Pad Kit H5 -2-01 (Canvas Rem) H5,"28,500",0,1,0,0,1,0,NOT_COVERED,APPLIED,GEN-F1140-001-R-NE,"1,759",STORING,Pondok Indah,Eka Pitaloka,B 4659 SWB,"9,108"
"Sep 27, 2025, 10:03",WO-144897261103504976,SPAREPART,0e63dd11-3dfb-40f2-9820-7fc9cc0b12bc,Front fork bearings H3,"42,021","42,021",1,0,0,1,"42,021",NOT_COVERED,APPLIED,GEN-F0100-001-F-NE,849,INTERNAL_SERVICE,Pondok Indah,Muhammad Haikal Alfaidz,B 4481 SVP,"23,564"
"Sep 27, 2025, 10:02",WO-145014662608476692,SPAREPART,ec86c430-e74c-451d-8d93-6d47384acc17,Tire 90/90-12 H3 (KENDA) H3,"100,000","100,000",1,0,0,1,"100,000",NOT_COVERED,APPLIED,GEN-F0500-001-N-MA,"1,741",INTERNAL_SERVICE,Pondok Indah,Nur Rokhim,B 4462 SWA,"17,034"
"Sep 27, 2025, 10:02",WO-145014662608476692,SPAREPART,c52ca52a-85ef-43ad-8637-a9a65142da16,Rear disc brake disc H3,"26,519","26,519",1,0,0,1,"26,519",NOT_COVERED,APPLIED,GEN-F0190-001-R-NE,854,INTERNAL_SERVICE,Pondok Indah,Nur Rokhim,B 4462 SWA,"17,034"
"Sep 27, 2025, 10:02",WO-145014662608476692,SPAREPART,1ac25aee-ff64-497d-a915-e4617a1892ae,Bearing Nachi 6201 H3,"13,967","13,967",2,0,0,2,"27,934",NOT_COVERED,APPLIED,GEN-F0060-001-F-NE,"1,735",INTERNAL_SERVICE,Pondok Indah,Nur Rokhim,B 4462 SWA,"17,034"
"Sep 27, 2025, 10:02",WO-145014662608476692,SPAREPART,87eede8f-1064-4c4e-912d-9319aa96d5b0,Brake Pad H3 FR / RR H3,"26,000","26,000",2,0,0,2,"52,000",NOT_COVERED,APPLIED,GEN-F0130-001-N-NE,"1,075",INTERNAL_SERVICE,Pondok Indah,Nur Rokhim,B 4462 SWA,"17,034"
"Sep 27, 2025, 09:56",WO-145014548020091412,SPAREPART,c52ca52a-85ef-43ad-8637-a9a65142da16,Rear disc brake disc H3,"26,519","80,000",1,0,0,1,"80,000",NOT_COVERED,APPLIED,GEN-F0190-001-R-NE,854,REGULAR,Depok,Aji Fadilah,B 4613 SVR,"25,384"
"Sep 27, 2025, 09:56",WO-145014548020091412,SPAREPART,87eede8f-1064-4c4e-912d-9319aa96d5b0,Brake Pad H3 FR / RR H3,"26,000",0,1,0,0,1,0,NOT_COVERED,APPLIED,GEN-F0130-001-N-NE,"1,075",REGULAR,Depok,Aji Fadilah,B 4613 SVR,"25,384"
"Sep 27, 2025, 09:48",WO-144900105412042320,SPAREPART,37dc324d-ba63-404f-b663-747c4a4566a1,disc Brake H5,"70,000",0,2,0,0,2,0,NOT_COVERED,APPLIED,GEN-F1120-001-R-NE,"1,761",WALK_IN_MAINTENANCE,Pondok Indah,Naufal Rabbani,B 4929 SVN,"80,481"
"Sep 27, 2025, 09:48",WO-144900105412042320,SPAREPART,24f4995a-befd-4ad6-a490-c6318261742f,Cover Plat Nomer H3,"18,500",0,1,0,0,1,0,NOT_COVERED,APPLIED,GEN-A0140-001-N-MA,"1,738",WALK_IN_MAINTENANCE,Pondok Indah,Naufal Rabbani,B 4929 SVN,"80,481"
"Sep 27, 2025, 09:48",WO-144900105412042320,SPAREPART,79e0bbc0-0b87-4142-8e3f-0b3ccdc86641,Brake Pad Kit H5 -2-01 (Canvas Rem) H5,"28,500",0,1,0,0,1,0,NOT_COVERED,APPLIED,GEN-F1140-001-R-NE,"1,759",WALK_IN_MAINTENANCE,Pondok Indah,Naufal Rabbani,B 4929 SVN,"80,481"
"Sep 27, 2025, 09:48",WO-144900105412042320,SPAREPART,fa116921-3f09-44e1-b709-86b1780d9253,Brake Pad Kit H5 -1-01 (Canvas Rem) H5,"39,500",0,1,0,0,1,0,NOT_COVERED,APPLIED,GEN-F1130-001-F-NE,"1,758",WALK_IN_MAINTENANCE,Pondok Indah,Naufal Rabbani,B 4929 SVN,"80,481"
"Sep 27, 2025, 09:47",WO-145013015001980496,SPAREPART,87eede8f-1064-4c4e-912d-9319aa96d5b0,Brake Pad H3 FR / RR H3,"26,000",0,2,0,0,2,0,NOT_COVERED,APPLIED,GEN-F0130-001-N-NE,"1,075",REGULAR,Kembangan,Irawan,B 4147 SWB,"25,389"
"Sep 27, 2025, 09:45",WO-144747955843259984,SPAREPART,87eede8f-1064-4c4e-912d-9319aa96d5b0,Brake Pad H3 FR / RR H3,"26,000","26,000",1,0,0,1,"26,000",NOT_COVERED,APPLIED,GEN-F0130-001-N-NE,"1,075",INTERNAL_SERVICE,Pondok Indah,Reza Faturahman,B 4182 SVT,"37,569"
"Sep 27, 2025, 09:44",WO-145012849880620624,SPAREPART,87eede8f-1064-4c4e-912d-9319aa96d5b0,Brake Pad H3 FR / RR H3,"26,000",0,1,0,0,1,0,NOT_COVERED,APPLIED,GEN-F0130-001-N-NE,"1,075",REGULAR,Kembangan,Irawan,B 4136 SVT,"41,943"
"Sep 27, 2025, 09:42",WO-144908529940060692,SPAREPART,87eede8f-1064-4c4e-912d-9319aa96d5b0,Brake Pad H3 FR / RR H3,"26,000",0,2,0,0,2,0,NOT_COVERED,APPLIED,GEN-F0130-001-N-NE,"1,075",WALK_IN_MAINTENANCE,Pondok Indah,Naufal Rabbani,B 3627 PWE,"31,879"
"Sep 27, 2025, 09:42",WO-145012140556705360,SPAREPART,ec86c430-e74c-451d-8d93-6d47384acc17,Tire 90/90-12 H3 (KENDA) H3,"100,000",0,1,0,0,1,0,NOT_COVERED,APPLIED,GEN-F0500-001-N-MA,"1,741",STORING,Pondok Indah,Naufal Rabbani,B 4149 SVP,"3,621"
"Sep 27, 2025, 09:42",WO-145012140556705360,SPAREPART,87eede8f-1064-4c4e-912d-9319aa96d5b0,Brake Pad H3 FR / RR H3,"26,000",0,1,0,0,1,0,NOT_COVERED,APPLIED,GEN-F0130-001-N-NE,"1,075",STORING,Pondok Indah,Naufal Rabbani,B 4149 SVP,"3,621"
"Sep 27, 2025, 09:36",WO-145013119574367824,SPAREPART,87eede8f-1064-4c4e-912d-9319aa96d5b0,Brake Pad H3 FR / RR H3,"26,000",0,2,0,0,2,0,NOT_COVERED,APPLIED,GEN-F0130-001-N-NE,"1,075",REGULAR,Bekasi,Service Advisor Bekasi,B 4574 SVR,"496,604"
"Sep 27, 2025, 09:35",WO-144878395107334676,SPAREPART,79e0bbc0-0b87-4142-8e3f-0b3ccdc86641,Brake Pad Kit H5 -2-01 (Canvas Rem) H5,"28,500",0,1,0,0,1,0,NOT_COVERED,APPLIED,GEN-F1140-001-R-NE,"1,759",WALK_IN_MAINTENANCE,Pondok Indah,Naufal Rabbani,B 4726 SVN,"2,345"
"Sep 27, 2025, 09:35",WO-144878395107334676,SPAREPART,37dc324d-ba63-404f-b663-747c4a4566a1,disc Brake H5,"70,000",0,2,0,0,2,0,NOT_COVERED,APPLIED,GEN-F1120-001-R-NE,"1,761",WALK_IN_MAINTENANCE,Pondok Indah,Naufal Rabbani,B 4726 SVN,"2,345"
"Sep 27, 2025, 09:35",WO-144878395107334676,SPAREPART,fa116921-3f09-44e1-b709-86b1780d9253,Brake Pad Kit H5 -1-01 (Canvas Rem) H5,"39,500",0,1,0,0,1,0,NOT_COVERED,APPLIED,GEN-F1130-001-F-NE,"1,758",WALK_IN_MAINTENANCE,Pondok Indah,Naufal Rabbani,B 4726 SVN,"2,345"
"Sep 27, 2025, 09:32",WO-145010142105066004,SPAREPART,ec86c430-e74c-451d-8d93-6d47384acc17,Tire 90/90-12 H3 (KENDA) H3,"100,000","100,000",1,0,0,1,"100,000",NOT_COVERED,APPLIED,GEN-F0500-001-N-MA,"1,741",INTERNAL_SERVICE,Pondok Indah,Nur Rokhim,B 4468 SWA,"12,502"
"Sep 27, 2025, 09:32",WO-145010142105066004,SPAREPART,87eede8f-1064-4c4e-912d-9319aa96d5b0,Brake Pad H3 FR / RR H3,"26,000","26,000",2,0,0,2,"52,000",NOT_COVERED,APPLIED,GEN-F0130-001-N-NE,"1,075",INTERNAL_SERVICE,Pondok Indah,Nur Rokhim,B 4468 SWA,"12,502"
"Sep 27, 2025, 09:32",WO-144999080450349588,SPAREPART,b3dbabe4-513d-445c-977e-cb3ab9e5b0ef,Rear brake line H1,"33,971","35,000",1,0,0,1,"35,000",NOT_COVERED,APPLIED,H1A-F1810-001-R-NE,"1,780",STORING,Pondok Indah,Eka Pitaloka,B 4690 SWB,223
"Sep 27, 2025, 09:31",WO-145012588692920852,SPAREPART,87eede8f-1064-4c4e-912d-9319aa96d5b0,Brake Pad H3 FR / RR H3,"26,000",0,1,0,0,1,0,NOT_COVERED,APPLIED,GEN-F0130-001-N-NE,"1,075",REGULAR,Bekasi,Service Advisor Bekasi,B 4835 SVS,"318,295"
"Sep 27, 2025, 09:29",WO-145011781843048980,SPAREPART,87eede8f-1064-4c4e-912d-9319aa96d5b0,Brake Pad H3 FR / RR H3,"26,000","26,000",1,0,0,1,"26,000",NOT_COVERED,APPLIED,GEN-F0130-001-N-NE,"1,075",INTERNAL_SERVICE,Pondok Indah,Noval Labid,B 4431 SVR,"44,415"
"Sep 27, 2025, 09:29",WO-145011781843048980,SPAREPART,ec86c430-e74c-451d-8d93-6d47384acc17,Tire 90/90-12 H3 (KENDA) H3,"100,000","100,000",1,0,0,1,"100,000",NOT_COVERED,APPLIED,GEN-F0500-001-N-MA,"1,741",INTERNAL_SERVICE,Pondok Indah,Noval Labid,B 4431 SVR,"44,415"
"Sep 27, 2025, 09:29",WO-145011781843048980,SPAREPART,c52ca52a-85ef-43ad-8637-a9a65142da16,Rear disc brake disc H3,"26,519","26,519",1,0,0,1,"26,519",NOT_COVERED,APPLIED,GEN-F0190-001-R-NE,854,INTERNAL_SERVICE,Pondok Indah,Noval Labid,B 4431 SVR,"44,415"
"Sep 27, 2025, 09:28",WO-145003162565106196,SPAREPART,79e0bbc0-0b87-4142-8e3f-0b3ccdc86641,Brake Pad Kit H5 -2-01 (Canvas Rem) H5,"28,500",0,1,0,0,1,0,NOT_COVERED,APPLIED,GEN-F1140-001-R-NE,"1,759",STORING,Pondok Indah,Eka Pitaloka,B 4171 SVO,"64,683"
"Sep 27, 2025, 09:28",WO-145003162565106196,SPAREPART,fa116921-3f09-44e1-b709-86b1780d9253,Brake Pad Kit H5 -1-01 (Canvas Rem) H5,"39,500",0,1,0,0,1,0,NOT_COVERED,APPLIED,GEN-F1130-001-F-NE,"1,758",STORING,Pondok Indah,Eka Pitaloka,B 4171 SVO,"64,683"
"Sep 27, 2025, 09:25",WO-145011892958550548,SPAREPART,79e0bbc0-0b87-4142-8e3f-0b3ccdc86641,Brake Pad Kit H5 -2-01 (Canvas Rem) H5,"28,500",0,1,0,0,1,0,NOT_COVERED,APPLIED,GEN-F1140-001-R-NE,"1,759",REGULAR,Kembangan,Irawan,B 4091 SVO,"47,128"
"Sep 27, 2025, 09:07",WO-145007607503937104,SPAREPART,7aa8d3dc-ff34-4db8-a769-0c1f747b124e,Air tape PVR 70 (10 mm) H5,"3,500","24,000",1,0,0,1,"24,000",NOT_COVERED,APPLIED,GEN-F0430-001-N-NE,"1,755",STORING,Pondok Indah,Eka Pitaloka,B 4634 SVT,123
"Sep 27, 2025, 09:05",WO-144908529940060692,SPAREPART,c52ca52a-85ef-43ad-8637-a9a65142da16,Rear disc brake disc H3,"26,519",0,1,0,0,1,0,NOT_COVERED,APPLIED,GEN-F0190-001-R-NE,854,WALK_IN_MAINTENANCE,Pondok Indah,Naufal Rabbani,B 3627 PWE,"31,879"
"Sep 27, 2025, 08:59",WO-144907954783541780,SPAREPART,ec86c430-e74c-451d-8d93-6d47384acc17,Tire 90/90-12 H3 (KENDA) H3,"100,000",0,1,0,0,1,0,NOT_COVERED,APPLIED,GEN-F0500-001-N-MA,"1,741",WALK_IN_MAINTENANCE,Pondok Indah,Naufal Rabbani,B 4815 SVS,"2,345"
"Sep 27, 2025, 08:59",WO-144907954783541780,SPAREPART,c52ca52a-85ef-43ad-8637-a9a65142da16,Rear disc brake disc H3,"26,519",0,1,0,0,1,0,NOT_COVERED,APPLIED,GEN-F0190-001-R-NE,854,WALK_IN_MAINTENANCE,Pondok Indah,Naufal Rabbani,B 4815 SVS,"2,345"
"Sep 27, 2025, 08:59",WO-144907954783541780,SPAREPART,87eede8f-1064-4c4e-912d-9319aa96d5b0,Brake Pad H3 FR / RR H3,"26,000",0,1,0,0,1,0,NOT_COVERED,APPLIED,GEN-F0130-001-N-NE,"1,075",WALK_IN_MAINTENANCE,Pondok Indah,Naufal Rabbani,B 4815 SVS,"2,345"
"Sep 27, 2025, 08:58",WO-144901858765332048,SPAREPART,d311e1d0-8de3-4e25-b676-66e6dc916895,Cover Jok Motor H5,0,0,1,0,0,1,0,NEW_ONBOARDING,APPLIED,H5A-A0300-001-N-NE,"1,766",WALK_IN_MAINTENANCE,Pondok Indah,Naufal Rabbani,B 4893 SVN,"64,645"
"Sep 27, 2025, 08:57",WO-144903832017590804,SPAREPART,b9d1544b-4822-4e87-8c8a-ad3eccb9bf75,Rear mirror H3,"26,000","26,000",1,0,0,1,"26,000",NOT_COVERED,APPLIED,GEN-A0050-001-R-NE,859,WALK_IN_MAINTENANCE,Pondok Indah,Eka Pitaloka,B 4787 SVT,"66,067"
"Sep 27, 2025, 08:57",WO-144903832017590804,SPAREPART,0e63dd11-3dfb-40f2-9820-7fc9cc0b12bc,Front fork bearings H3,"42,021",0,1,0,0,1,0,NOT_COVERED,APPLIED,GEN-F0100-001-F-NE,849,WALK_IN_MAINTENANCE,Pondok Indah,Eka Pitaloka,B 4787 SVT,"66,067"
"Sep 27, 2025, 08:57",WO-144903832017590804,SPAREPART,24f4995a-befd-4ad6-a490-c6318261742f,Cover Plat Nomer H3,"18,500","18,500",1,0,0,1,"18,500",NOT_COVERED,APPLIED,GEN-A0140-001-N-MA,"1,738",WALK_IN_MAINTENANCE,Pondok Indah,Eka Pitaloka,B 4787 SVT,"66,067"
"Sep 27, 2025, 08:57",WO-144903832017590804,SPAREPART,87eede8f-1064-4c4e-912d-9319aa96d5b0,Brake Pad H3 FR / RR H3,"26,000",0,1,0,0,1,0,NOT_COVERED,APPLIED,GEN-F0130-001-N-NE,"1,075",WALK_IN_MAINTENANCE,Pondok Indah,Eka Pitaloka,B 4787 SVT,"66,067"
"Sep 27, 2025, 08:57",WO-144903832017590804,SPAREPART,c52ca52a-85ef-43ad-8637-a9a65142da16,Rear disc brake disc H3,"26,519",0,1,0,0,1,0,NOT_COVERED,APPLIED,GEN-F0190-001-R-NE,854,WALK_IN_MAINTENANCE,Pondok Indah,Eka Pitaloka,B 4787 SVT,"66,067"
"Sep 27, 2025, 08:52",WO-144877102775163412,SPAREPART,37dc324d-ba63-404f-b663-747c4a4566a1,disc Brake H5,"70,000","70,000",1,0,0,1,"70,000",NOT_COVERED,APPLIED,GEN-F1120-001-R-NE,"1,761",INTERNAL_SERVICE,Pondok Indah,Noval Labid,B 4132 SVO,"47,687"
"Sep 27, 2025, 08:32",WO-145000154024402512,SPAREPART,87eede8f-1064-4c4e-912d-9319aa96d5b0,Brake Pad H3 FR / RR H3,"26,000","26,000",2,0,0,2,"52,000",NOT_COVERED,APPLIED,GEN-F0130-001-N-NE,"1,075",STORING,Pondok Indah,Adit Tia Saputra,B 3482 PWG,"1,800"
"Sep 27, 2025, 08:32",WO-145000154024402512,SPAREPART,d09f6b27-05e3-429e-8d59-5978689af06f,USB charging port H3,"12,627","12,627",1,0,0,1,"12,627",NOT_COVERED,APPLIED,H3A-E40010-001-N-NE,871,STORING,Pondok Indah,Adit Tia Saputra,B 3482 PWG,"1,800"
"Sep 27, 2025, 08:28",WO-145004652230893136,SPAREPART,d09f6b27-05e3-429e-8d59-5978689af06f,USB charging port H3,"12,627",0,1,0,0,1,0,NOT_COVERED,APPLIED,H3A-E40010-001-N-NE,871,STORING,Pondok Indah,Naufal Rabbani,B 4847 SVT,"69,524"
"Sep 26, 2025, 23:13",WO-144950152283576852,SPAREPART,ec86c430-e74c-451d-8d93-6d47384acc17,Tire 90/90-12 H3 (KENDA) H3,"100,000","100,000",1,0,0,1,"100,000",NOT_COVERED,APPLIED,GEN-F0500-001-N-MA,"1,741",URGENT,Pondok Indah,Eka Pitaloka,B 4065 SVT,"43,524"
"Sep 26, 2025, 23:13",WO-144950152283576852,SPAREPART,87eede8f-1064-4c4e-912d-9319aa96d5b0,Brake Pad H3 FR / RR H3,"26,000",0,1,0,0,1,0,NOT_COVERED,APPLIED,GEN-F0130-001-N-NE,"1,075",URGENT,Pondok Indah,Eka Pitaloka,B 4065 SVT,"43,524"
"Sep 26, 2025, 21:55",WO-144936275982442064,SPAREPART,9ae448db-156e-4e8b-8980-6f520521c921,Speed control handle cable H3,"16,169",0,1,0,0,1,0,NOT_COVERED,APPLIED,H3A-E70090-001-N-BL,857,STORING,Pondok Indah,Naufal Rabbani,B 4504 SVT,"43,345"
"Sep 26, 2025, 21:34",WO-144939258149362196,SPAREPART,87eede8f-1064-4c4e-912d-9319aa96d5b0,Brake Pad H3 FR / RR H3,"26,000",0,1,0,0,1,0,NOT_COVERED,APPLIED,GEN-F0130-001-N-NE,"1,075",STORING,Pondok Indah,Eka Pitaloka,B 3884 PWF,"54,345"
"Sep 26, 2025, 20:45",WO-144935342749802064,SPAREPART,87eede8f-1064-4c4e-912d-9319aa96d5b0,Brake Pad H3 FR / RR H3,"26,000",0,1,0,0,1,0,NOT_COVERED,APPLIED,GEN-F0130-001-N-NE,"1,075",STORING,Pondok Indah,Eka Pitaloka,B 3812 PWF,"43,332"
"Sep 26, 2025, 20:30",WO-144930140185451028,SPAREPART,87eede8f-1064-4c4e-912d-9319aa96d5b0,Brake Pad H3 FR / RR H3,"26,000",0,1,0,0,1,0,NOT_COVERED,APPLIED,GEN-F0130-001-N-NE,"1,075",STORING,Pondok Indah,Eka Pitaloka,B 3629 PWE,"43,445"
"Sep 26, 2025, 20:28",WO-144928514657770004,SPAREPART,87eede8f-1064-4c4e-912d-9319aa96d5b0,Brake Pad H3 FR / RR H3,"26,000",0,1,0,0,1,0,NOT_COVERED,APPLIED,GEN-F0130-001-N-NE,"1,075",STORING,Pondok Indah,Eka Pitaloka,B 4559 SWA,"43,456"
"Sep 26, 2025, 20:18",WO-144932526090116688,SPAREPART,1ac25aee-ff64-497d-a915-e4617a1892ae,Bearing Nachi 6201 H3,"13,967","28,000",2,0,0,2,"56,000",NOT_COVERED,APPLIED,GEN-F0060-001-F-NE,"1,735",STORING,Pondok Indah,Eka Pitaloka,B 5029 SVL,"43,455"
"Sep 26, 2025, 18:52",WO-144278719610010055,SPAREPART,87eede8f-1064-4c4e-912d-9319aa96d5b0,Brake Pad H3 FR / RR H3,"26,000",0,1,0,0,1,0,NOT_COVERED,APPLIED,GEN-F0130-001-N-NE,"1,075",STORING,Pondok Indah,Naufal Rabbani,B 4821 SWC,"9,304"
"Sep 26, 2025, 18:32",WO-144920826129440336,SPAREPART,87eede8f-1064-4c4e-912d-9319aa96d5b0,Brake Pad H3 FR / RR H3,"26,000",0,1,0,0,1,0,NOT_COVERED,APPLIED,GEN-F0130-001-N-NE,"1,075",STORING,Pondok Indah,Eka Pitaloka,B 4843 SVR,"72,231"
"Sep 26, 2025, 18:32",WO-144920826129440336,SPAREPART,d625acb9-40c7-43a1-9f20-99489c41ef5f,Front disc brake disc H3,"56,580","100,000",1,0,0,1,"100,000",NOT_COVERED,APPLIED,GEN-F0140-001-F-NE,853,STORING,Pondok Indah,Eka Pitaloka,B 4843 SVR,"72,231"
"Sep 26, 2025, 18:03",WO-144905556530846228,SPAREPART,1ac25aee-ff64-497d-a915-e4617a1892ae,Bearing Nachi 6201 H3,"13,967","13,967",1,0,0,1,"13,967",NOT_COVERED,APPLIED,GEN-F0060-001-F-NE,"1,735",STORING,Pondok Indah,Dani Setiawan,B 4857 SVO,"45,433"
"Sep 26, 2025, 18:03",WO-144905556530846228,SPAREPART,87eede8f-1064-4c4e-912d-9319aa96d5b0,Brake Pad H3 FR / RR H3,"26,000","26,000",1,0,0,1,"26,000",NOT_COVERED,APPLIED,GEN-F0130-001-N-NE,"1,075",STORING,Pondok Indah,Dani Setiawan,B 4857 SVO,"45,433"
"Sep 26, 2025, 18:03",WO-144905556530846228,SPAREPART,e0402ad2-4c70-44c0-b2a2-8bccaf20ce7b,Steering rack assembly 6.42±0.04kg H3,"118,059","118,059",1,0,0,1,"118,059",NOT_COVERED,APPLIED,H3A-F0070-001-N-NE,845,STORING,Pondok Indah,Dani Setiawan,B 4857 SVO,"45,433"
"Sep 26, 2025, 18:03",WO-144905556530846228,SPAREPART,ec86c430-e74c-451d-8d93-6d47384acc17,Tire 90/90-12 H3 (KENDA) H3,"135,796","135,796",1,0,0,1,"135,796",NOT_COVERED,APPLIED,GEN-F0500-001-N-MA,"1,741",STORING,Pondok Indah,Dani Setiawan,B 4857 SVO,"45,433"
"Sep 26, 2025, 17:19",WO-144914069156027984,SPAREPART,c52ca52a-85ef-43ad-8637-a9a65142da16,Rear disc brake disc H3,"26,519","80,000",1,0,0,1,"80,000",NOT_COVERED,APPLIED,GEN-F0190-001-R-NE,854,STORING,Pondok Indah,Service Advisor PI,B 3963 PWF,"54,436"
"Sep 26, 2025, 16:56",WO-144763614337718804,SPAREPART,3cb2a551-8898-476b-a8a5-0a016d76e96b,The rear disc brake assembly has no logo H3,"100,000","100,000",1,0,0,1,"100,000",NOT_COVERED,APPLIED,H3A-F0220-001-R-NE,851,WALK_IN_MAINTENANCE,Bekasi,Service Advisor Bekasi,B 4467 SVP,"394,838"
"Sep 26, 2025, 16:55",WO-144764547201260052,SPAREPART,87eede8f-1064-4c4e-912d-9319aa96d5b0,Brake Pad H3 FR / RR H3,"26,000",0,2,0,0,2,0,NOT_COVERED,APPLIED,GEN-F0130-001-N-NE,"1,075",REPO_MAINTENANCE,Bekasi,Service Advisor Bekasi,B 3705 PWE,"26,442"
"Sep 26, 2025, 16:55",WO-144764547201260052,SPAREPART,ec86c430-e74c-451d-8d93-6d47384acc17,Tire 90/90-12 H3 (KENDA) H3,"100,000","100,000",1,0,0,1,"100,000",NOT_COVERED,APPLIED,GEN-F0500-001-N-MA,"1,741",REPO_MAINTENANCE,Bekasi,Service Advisor Bekasi,B 3705 PWE,"26,442"
"Sep 26, 2025, 16:47",WO-144865482221051472,SPAREPART,87eede8f-1064-4c4e-912d-9319aa96d5b0,Brake Pad H3 FR / RR H3,"26,000",0,2,0,0,2,0,NOT_COVERED,APPLIED,GEN-F0130-001-N-NE,"1,075",WALK_IN_MAINTENANCE,Bekasi,Service Advisor Bekasi,B 4620 SVO,"59,085"
"Sep 26, 2025, 16:45",WO-144893458178399824,SPAREPART,1ac25aee-ff64-497d-a915-e4617a1892ae,Bearing Nachi 6201 H3,"13,967","27,000",1,0,0,1,"27,000",NOT_COVERED,APPLIED,GEN-F0060-001-F-NE,"1,735",REPO_MAINTENANCE,Bekasi,Service Advisor Bekasi,B 4198 SVT,"300,791"
"Sep 26, 2025, 16:45",WO-144893458178399824,SPAREPART,ec86c430-e74c-451d-8d93-6d47384acc17,Tire 90/90-12 H3 (KENDA) H3,"100,000","100,000",1,0,0,1,"100,000",NOT_COVERED,APPLIED,GEN-F0500-001-N-MA,"1,741",REPO_MAINTENANCE,Bekasi,Service Advisor Bekasi,B 4198 SVT,"300,791"
"Sep 26, 2025, 16:44",WO-144604130759957012,SPAREPART,178c02f9-b642-4acf-b907-3b36f0d4f1d4,Flasher H5,"10,097",0,1,0,0,1,0,NOT_COVERED,APPLIED,H5A-E50060-001-N-NE,953,REPO_MAINTENANCE,Pondok Indah,Service Advisor PI,B 4155 SVO,"38,508"
"Sep 26, 2025, 16:44",WO-144604130759957012,SPAREPART,264a9a64-1694-465f-9053-b85c94fa6607,Capricorn auxilliary cable (Headlight) H5,"16,882",0,1,0,0,1,0,NOT_COVERED,APPLIED,H5A-E50110-001-L-NE,962,REPO_MAINTENANCE,Pondok Indah,Service Advisor PI,B 4155 SVO,"38,508"
"Sep 26, 2025, 16:43",WO-144903348598888980,SPAREPART,fa116921-3f09-44e1-b709-86b1780d9253,Brake Pad Kit H5 -1-01 (Canvas Rem) H5,"39,500",0,1,0,0,1,0,NOT_COVERED,APPLIED,GEN-F1130-001-F-NE,"1,758",WALK_IN_MAINTENANCE,Bekasi,Service Advisor Bekasi,B 4930 SVN,"70,093"
"Sep 26, 2025, 16:43",WO-144903348598888980,SPAREPART,37dc324d-ba63-404f-b663-747c4a4566a1,disc Brake H5,"70,000","100,000",1,0,0,1,"100,000",NOT_COVERED,APPLIED,GEN-F1120-001-R-NE,"1,761",WALK_IN_MAINTENANCE,Bekasi,Service Advisor Bekasi,B 4930 SVN,"70,093"
"Sep 26, 2025, 16:43",WO-144903348598888980,SPAREPART,79e0bbc0-0b87-4142-8e3f-0b3ccdc86641,Brake Pad Kit H5 -2-01 (Canvas Rem) H5,"28,500",0,1,0,0,1,0,NOT_COVERED,APPLIED,GEN-F1140-001-R-NE,"1,759",WALK_IN_MAINTENANCE,Bekasi,Service Advisor Bekasi,B 4930 SVN,"70,093"
"Sep 26, 2025, 16:43",WO-144893028933327380,SPAREPART,1ac25aee-ff64-497d-a915-e4617a1892ae,Bearing Nachi 6201 H3,"13,967",0,1,0,0,1,0,NOT_COVERED,APPLIED,GEN-F0060-001-F-NE,"1,735",WALK_IN_MAINTENANCE,Kembangan,Irawan,B 4433 SWA,"6,457"
"Sep 26, 2025, 16:41",WO-144907920071481876,SPAREPART,87eede8f-1064-4c4e-912d-9319aa96d5b0,Brake Pad H3 FR / RR H3,"26,000",0,1,0,0,1,0,NOT_COVERED,APPLIED,GEN-F0130-001-N-NE,"1,075",WALK_IN_MAINTENANCE,Bekasi,Service Advisor Bekasi,B 5205 BWJ,"26,995"
"Sep 26, 2025, 16:41",WO-144907920071481876,SPAREPART,d09f6b27-05e3-429e-8d59-5978689af06f,USB charging port H3,"12,627","39,000",1,0,0,1,"39,000",NOT_COVERED,APPLIED,H3A-E40010-001-N-NE,871,WALK_IN_MAINTENANCE,Bekasi,Service Advisor Bekasi,B 5205 BWJ,"26,995"
"Sep 26, 2025, 16:41",WO-144907920071481876,SPAREPART,ec86c430-e74c-451d-8d93-6d47384acc17,Tire 90/90-12 H3 (KENDA) H3,"100,000","100,000",1,0,0,1,"100,000",NOT_COVERED,APPLIED,GEN-F0500-001-N-MA,"1,741",WALK_IN_MAINTENANCE,Bekasi,Service Advisor Bekasi,B 5205 BWJ,"26,995"
"Sep 26, 2025, 16:40",WO-144900718115969556,SPAREPART,ec86c430-e74c-451d-8d93-6d47384acc17,Tire 90/90-12 H3 (KENDA) H3,"100,000",0,1,0,0,1,0,NEW_ONBOARDING,APPLIED,GEN-F0500-001-N-MA,"1,741",WALK_IN_MAINTENANCE,Pondok Indah,Nur Rokhim,B 3522 PWE,"4,113"
"Sep 26, 2025, 16:39",WO-144649339417943632,SPAREPART,002d5904-be52-4541-a8b3-43e4cbc1aa4c,IOT central control H5,"100,000","100,000",1,0,0,1,"100,000",NOT_COVERED,APPLIED,H5A-E30080-001-N-NE,997,INTERNAL_SERVICE,Bekasi,Affani,B 4208 SVO,"56,051"
"Sep 26, 2025, 16:39",WO-144649339417943632,SPAREPART,999f14b8-db39-41e5-a31a-b5e0b7e8d909,Tires (far star) H5,"100,000","100,000",1,0,0,1,"100,000",NOT_COVERED,APPLIED,GEN-F1090-001-N-NE,982,INTERNAL_SERVICE,Bekasi,Affani,B 4208 SVO,"56,051"
"Sep 26, 2025, 16:39",WO-144649339417943632,SPAREPART,1ac25aee-ff64-497d-a915-e4617a1892ae,Bearing Nachi 6201 H3,"13,967","13,967",2,0,0,2,"27,934",NOT_COVERED,APPLIED,GEN-F0060-001-F-NE,"1,735",INTERNAL_SERVICE,Bekasi,Affani,B 4208 SVO,"56,051"
"Sep 26, 2025, 16:36",WO-144902458299145808,SPAREPART,6f887a0a-e2ae-4556-afe9-b554bb26559f,Headlight H3,"100,000",0,1,0,0,1,0,NOT_COVERED,APPLIED,H3A-E60030-001-N-NE,821,WALK_IN_MAINTENANCE,Pondok Indah,Eka Pitaloka,B 4586 SVR,"66,678"
"Sep 26, 2025, 16:36",WO-144902458299145808,SPAREPART,87eede8f-1064-4c4e-912d-9319aa96d5b0,Brake Pad H3 FR / RR H3,"26,000",0,2,0,0,2,0,NOT_COVERED,APPLIED,GEN-F0130-001-N-NE,"1,075",WALK_IN_MAINTENANCE,Pondok Indah,Eka Pitaloka,B 4586 SVR,"66,678"
"Sep 26, 2025, 16:27",WO-144907876215840336,SPAREPART,87eede8f-1064-4c4e-912d-9319aa96d5b0,Brake Pad H3 FR / RR H3,"26,000",0,1,0,0,1,0,NOT_COVERED,APPLIED,GEN-F0130-001-N-NE,"1,075",STORING,Pondok Indah,Eka Pitaloka,B 4843 SVR,"43,422"
"Sep 26, 2025, 16:22",WO-144909018073160212,SPAREPART,87eede8f-1064-4c4e-912d-9319aa96d5b0,Brake Pad H3 FR / RR H3,"26,000",0,1,0,0,1,0,NOT_COVERED,APPLIED,GEN-F0130-001-N-NE,"1,075",REGULAR,Bekasi,Service Advisor Bekasi,B 4203 SVP,"404,433"
"Sep 26, 2025, 16:22",WO-144473501108035152,SPAREPART,79e0bbc0-0b87-4142-8e3f-0b3ccdc86641,Brake Pad Kit H5 -2-01 (Canvas Rem) H5,"28,500",0,1,0,0,1,0,NOT_COVERED,APPLIED,GEN-F1140-001-R-NE,"1,759",REPO_MAINTENANCE,Pondok Indah,Service Advisor PI,B 4918 SVN,"123,580"
"Sep 26, 2025, 16:22",WO-144473501108035152,SPAREPART,fa116921-3f09-44e1-b709-86b1780d9253,Brake Pad Kit H5 -1-01 (Canvas Rem) H5,"39,500",0,1,0,0,1,0,NOT_COVERED,APPLIED,GEN-F1130-001-F-NE,"1,758",REPO_MAINTENANCE,Pondok Indah,Service Advisor PI,B 4918 SVN,"123,580"
"Sep 26, 2025, 16:22",WO-144473501108035152,SPAREPART,37dc324d-ba63-404f-b663-747c4a4566a1,disc Brake H5,"70,000",0,1,0,0,1,0,NOT_COVERED,APPLIED,GEN-F1120-001-R-NE,"1,761",REPO_MAINTENANCE,Pondok Indah,Service Advisor PI,B 4918 SVN,"123,580"
"Sep 26, 2025, 16:08",WO-144657402598283796,SPAREPART,79e0bbc0-0b87-4142-8e3f-0b3ccdc86641,Brake Pad Kit H5 -2-01 (Canvas Rem) H5,"28,500",0,1,0,0,1,0,NOT_COVERED,APPLIED,GEN-F1140-001-R-NE,"1,759",REPO_MAINTENANCE,Pondok Indah,Naufal Rabbani,B 4142 SVO,"54,532"
"Sep 26, 2025, 16:08",WO-144657402598283796,SPAREPART,37dc324d-ba63-404f-b663-747c4a4566a1,disc Brake H5,"70,000",0,1,0,0,1,0,NOT_COVERED,APPLIED,GEN-F1120-001-R-NE,"1,761",REPO_MAINTENANCE,Pondok Indah,Naufal Rabbani,B 4142 SVO,"54,532"
"Sep 26, 2025, 16:08",WO-144657402598283796,SPAREPART,fa116921-3f09-44e1-b709-86b1780d9253,Brake Pad Kit H5 -1-01 (Canvas Rem) H5,"39,500",0,1,0,0,1,0,NOT_COVERED,APPLIED,GEN-F1130-001-F-NE,"1,758",REPO_MAINTENANCE,Pondok Indah,Naufal Rabbani,B 4142 SVO,"54,532"
"Sep 26, 2025, 16:05",WO-144905375957670420,SPAREPART,999f14b8-db39-41e5-a31a-b5e0b7e8d909,Tires (far star) H5,"100,000",0,1,0,0,1,0,NOT_COVERED,APPLIED,GEN-F1090-001-N-NE,982,STORING,Pondok Indah,Eka Pitaloka,B 4593 SVL,"43,456"
"Sep 26, 2025, 16:05",WO-144905375957670420,SPAREPART,f4d5b5d2-b179-40ff-8580-5da9da3f02b9,Central throttle switch (Lynk & co) H5,"38,916",0,1,0,0,1,0,NOT_COVERED,APPLIED,H5A-E70100-001-N-BL,948,STORING,Pondok Indah,Eka Pitaloka,B 4593 SVL,"43,456"
"Sep 26, 2025, 16:03",WO-144905456471530004,SPAREPART,d625acb9-40c7-43a1-9f20-99489c41ef5f,Front disc brake disc H3,"56,580",0,1,0,0,1,0,NOT_COVERED,APPLIED,GEN-F0140-001-F-NE,853,WALK_IN_MAINTENANCE,Pondok Indah,Eka Pitaloka,B 4295 SVT,"45,170"
"Sep 26, 2025, 16:03",WO-144905456471530004,SPAREPART,1ac25aee-ff64-497d-a915-e4617a1892ae,Bearing Nachi 6201 H3,"13,967",0,2,0,0,2,0,NOT_COVERED,APPLIED,GEN-F0060-001-F-NE,"1,735",WALK_IN_MAINTENANCE,Pondok Indah,Eka Pitaloka,B 4295 SVT,"45,170"
"Sep 26, 2025, 16:03",WO-144905456471530004,SPAREPART,87eede8f-1064-4c4e-912d-9319aa96d5b0,Brake Pad H3 FR / RR H3,"26,000",0,2,0,0,2,0,NOT_COVERED,APPLIED,GEN-F0130-001-N-NE,"1,075",WALK_IN_MAINTENANCE,Pondok Indah,Eka Pitaloka,B 4295 SVT,"45,170"
"Sep 26, 2025, 16:03",WO-144905608842206800,SPAREPART,fa116921-3f09-44e1-b709-86b1780d9253,Brake Pad Kit H5 -1-01 (Canvas Rem) H5,"39,500",0,1,0,0,1,0,NOT_COVERED,APPLIED,GEN-F1130-001-F-NE,"1,758",REGULAR,Kembangan,Irawan,B 5185 SVL,"24,110"
"Sep 26, 2025, 16:03",WO-144905608842206800,SPAREPART,79e0bbc0-0b87-4142-8e3f-0b3ccdc86641,Brake Pad Kit H5 -2-01 (Canvas Rem) H5,"28,500",0,1,0,0,1,0,NOT_COVERED,APPLIED,GEN-F1140-001-R-NE,"1,759",REGULAR,Kembangan,Irawan,B 5185 SVL,"24,110"
"Sep 26, 2025, 16:01",WO-144906589889911316,SPAREPART,0e63dd11-3dfb-40f2-9820-7fc9cc0b12bc,Front fork bearings H3,"42,021",0,1,0,0,1,0,NOT_COVERED,APPLIED,GEN-F0100-001-F-NE,849,WALK_IN_MAINTENANCE,Pondok Indah,Eka Pitaloka,B 4291 SVT,"5,596"
"Sep 26, 2025, 16:01",WO-144906589889911316,SPAREPART,87eede8f-1064-4c4e-912d-9319aa96d5b0,Brake Pad H3 FR / RR H3,"26,000",0,2,0,0,2,0,NOT_COVERED,APPLIED,GEN-F0130-001-N-NE,"1,075",WALK_IN_MAINTENANCE,Pondok Indah,Eka Pitaloka,B 4291 SVT,"5,596"
"Sep 26, 2025, 15:59",WO-144895445221531216,SPAREPART,ec86c430-e74c-451d-8d93-6d47384acc17,Tire 90/90-12 H3 (KENDA) H3,"100,000",0,2,0,0,2,0,NOT_COVERED,APPLIED,GEN-F0500-001-N-MA,"1,741",REGULAR,Pondok Indah,Service Advisor PI,B 4684 SVR,"64,534"
"Sep 26, 2025, 15:58",WO-144870564475985488,SPAREPART,fa116921-3f09-44e1-b709-86b1780d9253,Brake Pad Kit H5 -1-01 (Canvas Rem) H5,"39,500",0,1,0,0,1,0,NOT_COVERED,APPLIED,GEN-F1130-001-F-NE,"1,758",WALK_IN_MAINTENANCE,Kembangan,Irawan,B 5137 SVL,"31,883"
"Sep 26, 2025, 15:58",WO-144870564475985488,SPAREPART,79e0bbc0-0b87-4142-8e3f-0b3ccdc86641,Brake Pad Kit H5 -2-01 (Canvas Rem) H5,"28,500",0,1,0,0,1,0,NOT_COVERED,APPLIED,GEN-F1140-001-R-NE,"1,759",WALK_IN_MAINTENANCE,Kembangan,Irawan,B 5137 SVL,"31,883"
"Sep 26, 2025, 15:46",WO-144903618594626068,SPAREPART,ec86c430-e74c-451d-8d93-6d47384acc17,Tire 90/90-12 H3 (KENDA) H3,"100,000",0,1,0,0,1,0,NOT_COVERED,APPLIED,GEN-F0500-001-N-MA,"1,741",WALK_IN_MAINTENANCE,Pondok Indah,Eka Pitaloka,B 4821 SVP,"52,600"
"Sep 26, 2025, 15:46",WO-144903618594626068,SPAREPART,87eede8f-1064-4c4e-912d-9319aa96d5b0,Brake Pad H3 FR / RR H3,"26,000",0,2,0,0,2,0,NOT_COVERED,APPLIED,GEN-F0130-001-N-NE,"1,075",WALK_IN_MAINTENANCE,Pondok Indah,Eka Pitaloka,B 4821 SVP,"52,600"
"Sep 26, 2025, 15:42",WO-144898320903461396,SPAREPART,87eede8f-1064-4c4e-912d-9319aa96d5b0,Brake Pad H3 FR / RR H3,"26,000",0,2,0,0,2,0,NOT_COVERED,APPLIED,GEN-F0130-001-N-NE,"1,075",WALK_IN_MAINTENANCE,Pondok Indah,Eka Pitaloka,B 4592 SWA,"17,402"
"Sep 26, 2025, 15:42",WO-144898320903461396,SPAREPART,ec86c430-e74c-451d-8d93-6d47384acc17,Tire 90/90-12 H3 (KENDA) H3,"100,000",0,1,0,0,1,0,NOT_COVERED,APPLIED,GEN-F0500-001-N-MA,"1,741",WALK_IN_MAINTENANCE,Pondok Indah,Eka Pitaloka,B 4592 SWA,"17,402"
"Sep 26, 2025, 15:42",WO-144898320903461396,SPAREPART,1ac25aee-ff64-497d-a915-e4617a1892ae,Bearing Nachi 6201 H3,"13,967",0,1,0,0,1,0,NOT_COVERED,APPLIED,GEN-F0060-001-F-NE,"1,735",WALK_IN_MAINTENANCE,Pondok Indah,Eka Pitaloka,B 4592 SWA,"17,402"
"Sep 26, 2025, 15:41",WO-144900968432032276,SPAREPART,24f4995a-befd-4ad6-a490-c6318261742f,Cover Plat Nomer H3,"18,500","18,500",1,0,0,1,"18,500",NOT_COVERED,APPLIED,GEN-A0140-001-N-MA,"1,738",INTERNAL_SERVICE,Pondok Indah,Syahrul Mulya,B 4756 SVP,"2,345"
"Sep 26, 2025, 15:41",WO-144900968432032276,SPAREPART,ec86c430-e74c-451d-8d93-6d47384acc17,Tire 90/90-12 H3 (KENDA) H3,"100,000","100,000",1,0,0,1,"100,000",NOT_COVERED,APPLIED,GEN-F0500-001-N-MA,"1,741",INTERNAL_SERVICE,Pondok Indah,Syahrul Mulya,B 4756 SVP,"2,345"
"Sep 26, 2025, 15:41",WO-144900968432032276,SPAREPART,87eede8f-1064-4c4e-912d-9319aa96d5b0,Brake Pad H3 FR / RR H3,"26,000","26,000",2,0,0,2,"52,000",NOT_COVERED,APPLIED,GEN-F0130-001-N-NE,"1,075",INTERNAL_SERVICE,Pondok Indah,Syahrul Mulya,B 4756 SVP,"2,345"
"Sep 26, 2025, 15:39",WO-144902724788443668,SPAREPART,87eede8f-1064-4c4e-912d-9319aa96d5b0,Brake Pad H3 FR / RR H3,"26,000",0,2,0,0,2,0,NOT_COVERED,APPLIED,GEN-F0130-001-N-NE,"1,075",REGULAR,Kembangan,Irawan,B 4013 SVT,"29,838"
"Sep 26, 2025, 15:33",WO-144903337978911252,SPAREPART,9ae448db-156e-4e8b-8980-6f520521c921,Speed control handle cable H3,"16,169","49,000",1,0,0,1,"49,000",NOT_COVERED,APPLIED,H3A-E70090-001-N-BL,857,REGULAR,Kembangan,Intan melina,B 4552 SVT,"53,386"
"Sep 26, 2025, 15:27",WO-144892071692491284,SPAREPART,ec86c430-e74c-451d-8d93-6d47384acc17,Tire 90/90-12 H3 (KENDA) H3,"100,000",0,2,0,0,2,0,NOT_COVERED,APPLIED,GEN-F0500-001-N-MA,"1,741",WALK_IN_MAINTENANCE,Pondok Indah,Eka Pitaloka,B 4710 SVP,"18,092"
"Sep 26, 2025, 15:27",WO-144892071692491284,SPAREPART,0e63dd11-3dfb-40f2-9820-7fc9cc0b12bc,Front fork bearings H3,"42,021",0,1,0,0,1,0,NOT_COVERED,APPLIED,GEN-F0100-001-F-NE,849,WALK_IN_MAINTENANCE,Pondok Indah,Eka Pitaloka,B 4710 SVP,"18,092"
"Sep 26, 2025, 15:27",WO-144892071692491284,SPAREPART,87eede8f-1064-4c4e-912d-9319aa96d5b0,Brake Pad H3 FR / RR H3,"26,000",0,2,0,0,2,0,NOT_COVERED,APPLIED,GEN-F0130-001-N-NE,"1,075",WALK_IN_MAINTENANCE,Pondok Indah,Eka Pitaloka,B 4710 SVP,"18,092"
"Sep 26, 2025, 15:25",WO-144900070515431956,SPAREPART,ec86c430-e74c-451d-8d93-6d47384acc17,Tire 90/90-12 H3 (KENDA) H3,"100,000","100,000",2,0,0,2,"200,000",NOT_COVERED,APPLIED,GEN-F0500-001-N-MA,"1,741",REGULAR,Kembangan,Intan melina,B 4605 SVT,"75,799"
"Sep 26, 2025, 15:25",WO-144900070515431956,SPAREPART,87eede8f-1064-4c4e-912d-9319aa96d5b0,Brake Pad H3 FR / RR H3,"26,000",0,2,0,0,2,0,NOT_COVERED,APPLIED,GEN-F0130-001-N-NE,"1,075",REGULAR,Kembangan,Intan melina,B 4605 SVT,"75,799"
"Sep 26, 2025, 15:17",WO-144902361544940052,SPAREPART,079de7b1-4a23-4e6e-a238-873b5b68462d,Rear shock absorber H3,"100,000",0,2,0,0,2,0,NEW_ONBOARDING,APPLIED,H3A-F0170-001-R-NE,848,REGULAR,Depok,rizki nuriman,B 4746 SVT,"59,779"
"Sep 26, 2025, 15:17",WO-144902361544940052,SPAREPART,87eede8f-1064-4c4e-912d-9319aa96d5b0,Brake Pad H3 FR / RR H3,"26,000",0,2,0,0,2,0,PREVIOUS_SERVICE,APPLIED,GEN-F0130-001-N-NE,"1,075",REGULAR,Depok,rizki nuriman,B 4746 SVT,"59,779"
"Sep 26, 2025, 15:06",WO-144874797803789904,SPAREPART,87eede8f-1064-4c4e-912d-9319aa96d5b0,Brake Pad H3 FR / RR H3,"26,000",0,1,0,0,1,0,NOT_COVERED,APPLIED,GEN-F0130-001-N-NE,"1,075",WALK_IN_MAINTENANCE,Pondok Indah,Eka Pitaloka,B 4202 SVP,"55,420"
"Sep 26, 2025, 15:06",WO-144874797803789904,SPAREPART,ec86c430-e74c-451d-8d93-6d47384acc17,Tire 90/90-12 H3 (KENDA) H3,"100,000","100,000",1,0,0,1,"100,000",NOT_COVERED,APPLIED,GEN-F0500-001-N-MA,"1,741",WALK_IN_MAINTENANCE,Pondok Indah,Eka Pitaloka,B 4202 SVP,"55,420"
"Sep 26, 2025, 15:03",WO-144897026977455696,SPAREPART,87eede8f-1064-4c4e-912d-9319aa96d5b0,Brake Pad H3 FR / RR H3,"26,000",0,2,0,0,2,0,NOT_COVERED,APPLIED,GEN-F0130-001-N-NE,"1,075",REGULAR,Kembangan,Intan melina,B 4626 SVO,"88,680"
"Sep 26, 2025, 15:03",WO-144897026977455696,SPAREPART,1ac25aee-ff64-497d-a915-e4617a1892ae,Bearing Nachi 6201 H3,"13,967","27,000",1,0,0,1,"27,000",NOT_COVERED,APPLIED,GEN-F0060-001-F-NE,"1,735",REGULAR,Kembangan,Intan melina,B 4626 SVO,"88,680"
"Sep 26, 2025, 14:54",WO-144900124068306512,SPAREPART,079de7b1-4a23-4e6e-a238-873b5b68462d,Rear shock absorber H3,"100,000",0,2,0,0,2,0,NEW_ONBOARDING,APPLIED,H3A-F0170-001-R-NE,848,REGULAR,Depok,rizki nuriman,B 4746 SVT,"59,779"
"Sep 26, 2025, 14:49",WO-144894857113001552,SPAREPART,87eede8f-1064-4c4e-912d-9319aa96d5b0,Brake Pad H3 FR / RR H3,"26,000",0,2,0,0,2,0,NOT_COVERED,APPLIED,GEN-F0130-001-N-NE,"1,075",REGULAR,Kembangan,Irawan,B 4862 SWC,"12,911"
"Sep 26, 2025, 14:49",WO-144894857113001552,SPAREPART,ec86c430-e74c-451d-8d93-6d47384acc17,Tire 90/90-12 H3 (KENDA) H3,"135,796",0,1,0,0,1,0,NOT_COVERED,APPLIED,GEN-F0500-001-N-MA,"1,741",REGULAR,Kembangan,Irawan,B 4862 SWC,"12,911"
"Sep 26, 2025, 14:48",WO-144899432712789584,SPAREPART,87eede8f-1064-4c4e-912d-9319aa96d5b0,Brake Pad H3 FR / RR H3,"26,000",0,2,0,0,2,0,PREVIOUS_SERVICE,APPLIED,GEN-F0130-001-N-NE,"1,075",REGULAR,Depok,rizki nuriman,B 4194 SVT,"51,018"
"Sep 26, 2025, 14:45",WO-144890741041159760,SPAREPART,93555cd3-129f-4f60-95ac-df0df9c92eaa,Aluminium wheel H5,"100,000",0,1,0,0,1,0,NOT_COVERED,APPLIED,H5A-F1180-001-F-NE,985,STORING,Pondok Indah,Naufal Rabbani,B 4922 SVN,"4,200"
"Sep 26, 2025, 14:32",WO-144897907881957908,SPAREPART,c52ca52a-85ef-43ad-8637-a9a65142da16,Rear disc brake disc H3,"26,519","80,000",1,0,0,1,"80,000",NOT_COVERED,APPLIED,GEN-F0190-001-R-NE,854,REGULAR,Pondok Indah,Eka Pitaloka,B 4605 SVO,"48,013"
"Sep 26, 2025, 14:29",WO-144897578947862096,SPAREPART,fa116921-3f09-44e1-b709-86b1780d9253,Brake Pad Kit H5 -1-01 (Canvas Rem) H5,"39,500",0,1,0,0,1,0,NEW_ONBOARDING,APPLIED,GEN-F1130-001-F-NE,"1,758",REGULAR,Pondok Indah,Faiz Zaidan Alghifari Ramadhan,B 5043 SVL,"43,667"
"Sep 26, 2025, 14:27",WO-144897264190512720,SPAREPART,ec86c430-e74c-451d-8d93-6d47384acc17,Tire 90/90-12 H3 (KENDA) H3,"100,000",0,1,0,0,1,0,NEW_ONBOARDING,APPLIED,GEN-F0500-001-N-MA,"1,741",REGULAR,Depok,rizki nuriman,B 4352 SVP,"62,695"
"Sep 26, 2025, 14:25",WO-144891674877779536,SPAREPART,97f7f144-3d69-427e-8218-29374555387e,Bearing Nachi 6301 H5,"14,200",0,2,0,0,2,0,NEW_ONBOARDING,APPLIED,GEN-F0570-003-R-NE,"1,762",WALK_IN_MAINTENANCE,Pondok Indah,Nur Rokhim,B 4943 SVN,"33,607"
"Sep 26, 2025, 14:17",WO-144893698142919188,SPAREPART,0e63dd11-3dfb-40f2-9820-7fc9cc0b12bc,Front fork bearings H3,"42,021",0,1,0,0,1,0,NOT_COVERED,APPLIED,GEN-F0100-001-F-NE,849,WALK_IN_MAINTENANCE,Pondok Indah,Eka Pitaloka,B 4011 SWB,"14,645"
"Sep 26, 2025, 14:17",WO-144893698142919188,SPAREPART,87eede8f-1064-4c4e-912d-9319aa96d5b0,Brake Pad H3 FR / RR H3,"26,000",0,2,0,0,2,0,NOT_COVERED,APPLIED,GEN-F0130-001-N-NE,"1,075",WALK_IN_MAINTENANCE,Pondok Indah,Eka Pitaloka,B 4011 SWB,"14,645"
"Sep 26, 2025, 14:17",WO-144893698142919188,SPAREPART,ec86c430-e74c-451d-8d93-6d47384acc17,Tire 90/90-12 H3 (KENDA) H3,"100,000","100,000",1,0,0,1,"100,000",NOT_COVERED,APPLIED,GEN-F0500-001-N-MA,"1,741",WALK_IN_MAINTENANCE,Pondok Indah,Eka Pitaloka,B 4011 SWB,"14,645"
"Sep 26, 2025, 14:17",WO-144879341543643668,SPAREPART,ec86c430-e74c-451d-8d93-6d47384acc17,Tire 90/90-12 H3 (KENDA) H3,"100,000",0,1,0,0,1,0,NOT_COVERED,APPLIED,GEN-F0500-001-N-MA,"1,741",WALK_IN_MAINTENANCE,Pondok Indah,Eka Pitaloka,B 4695 SVT,"27,194"
"Sep 26, 2025, 14:16",WO-144893503560768020,SPAREPART,87eede8f-1064-4c4e-912d-9319aa96d5b0,Brake Pad H3 FR / RR H3,"26,000",0,2,0,0,2,0,NOT_COVERED,APPLIED,GEN-F0130-001-N-NE,"1,075",REGULAR,Kembangan,Irawan,B 4440 SVT,"33,167"
"Sep 26, 2025, 14:13",WO-144895921795127828,SPAREPART,1ac25aee-ff64-497d-a915-e4617a1892ae,Bearing Nachi 6201 H3,"13,967","13,500",2,0,0,2,"27,000",NEW_ONBOARDING,APPLIED,GEN-F0060-001-F-NE,"1,735",REGULAR,Pondok Indah,Eka Pitaloka,B 4862 SVP,"42,128"
"Sep 26, 2025, 14:13",WO-144895921795127828,SPAREPART,87eede8f-1064-4c4e-912d-9319aa96d5b0,Brake Pad H3 FR / RR H3,"26,000",0,2,0,0,2,0,NEW_ONBOARDING,APPLIED,GEN-F0130-001-N-NE,"1,075",REGULAR,Pondok Indah,Eka Pitaloka,B 4862 SVP,"42,128"
"Sep 26, 2025, 14:09",WO-144889419113978388,SPAREPART,87eede8f-1064-4c4e-912d-9319aa96d5b0,Brake Pad H3 FR / RR H3,"26,000",0,2,0,0,2,0,NOT_COVERED,APPLIED,GEN-F0130-001-N-NE,"1,075",STORING,Pondok Indah,Eka Pitaloka,B 3613 PWE,"1,213"
"Sep 26, 2025, 14:08",WO-144895445221531216,SPAREPART,87eede8f-1064-4c4e-912d-9319aa96d5b0,Brake Pad H3 FR / RR H3,"26,000",0,2,0,0,2,0,NEW_ONBOARDING,APPLIED,GEN-F0130-001-N-NE,"1,075",REGULAR,Pondok Indah,Service Advisor PI,B 4684 SVR,"64,534"
"Sep 26, 2025, 14:04",WO-144660607801514516,SPAREPART,5075f880-8de8-488e-9bca-4db3d05c3583,Brake pad Front H1 - Fr H1,"26,000",0,1,0,0,1,0,NOT_COVERED,APPLIED,GEN-F1280-001-N-NE,"1,789",REPO_MAINTENANCE,Pondok Indah,Naufal Rabbani,B 4610 SWD,"43,456"
"Sep 26, 2025, 14:03",WO-144892761504504340,SPAREPART,87eede8f-1064-4c4e-912d-9319aa96d5b0,Brake Pad H3 FR / RR H3,"26,000",0,2,0,0,2,0,NOT_COVERED,APPLIED,GEN-F0130-001-N-NE,"1,075",REGULAR,Kembangan,Intan melina,B 3500 PWE,"21,818"
"Sep 26, 2025, 14:03",WO-144892761504504340,SPAREPART,1ac25aee-ff64-497d-a915-e4617a1892ae,Bearing Nachi 6201 H3,"13,967","13,500",2,0,0,2,"27,000",NOT_COVERED,APPLIED,GEN-F0060-001-F-NE,"1,735",REGULAR,Kembangan,Intan melina,B 3500 PWE,"21,818"
"Sep 26, 2025, 14:03",WO-144895016983091732,SPAREPART,87eede8f-1064-4c4e-912d-9319aa96d5b0,Brake Pad H3 FR / RR H3,"26,000",0,1,0,0,1,0,NOT_COVERED,APPLIED,GEN-F0130-001-N-NE,"1,075",REGULAR,Bekasi,Service Advisor Bekasi,B 4381 SVR,"665,920"
"Sep 26, 2025, 13:59",WO-144894584097365584,SPAREPART,87eede8f-1064-4c4e-912d-9319aa96d5b0,Brake Pad H3 FR / RR H3,"26,000",0,2,0,0,2,0,PREVIOUS_SERVICE,APPLIED,GEN-F0130-001-N-NE,"1,075",REGULAR,Depok,rizki nuriman,B 4335 SVP,"8,987"
"Sep 26, 2025, 13:56",WO-144894369550327376,SPAREPART,87eede8f-1064-4c4e-912d-9319aa96d5b0,Brake Pad H3 FR / RR H3,"26,000",0,2,0,0,2,0,NEW_ONBOARDING,APPLIED,GEN-F0130-001-N-NE,"1,075",REGULAR,Pondok Indah,Muhammad Riduwan,B 4224 SVT,"38,487"
"Sep 26, 2025, 13:49",WO-144891333092334100,SPAREPART,1ac25aee-ff64-497d-a915-e4617a1892ae,Bearing Nachi 6201 H3,"13,967","13,500",2,0,0,2,"27,000",NOT_COVERED,APPLIED,GEN-F0060-001-F-NE,"1,735",REGULAR,Kembangan,Intan melina,B 4585 SWA,"22,156"
"Sep 26, 2025, 13:48",WO-144893458178399824,SPAREPART,87eede8f-1064-4c4e-912d-9319aa96d5b0,Brake Pad H3 FR / RR H3,"26,000",0,2,0,0,2,0,NOT_COVERED,APPLIED,GEN-F0130-001-N-NE,"1,075",REPO_MAINTENANCE,Bekasi,Service Advisor Bekasi,B 4198 SVT,"300,791"
"Sep 26, 2025, 13:46",WO-144892529576271440,SPAREPART,a1e28b04-f677-4714-8188-f032b8a4eb05,Bearing Nachi 6205 H5,"20,068","20,068",1,0,0,1,"20,068",NOT_COVERED,APPLIED,GEN-F0250-002-N-NE,"1,756",INTERNAL_SERVICE,Pondok Indah,Fikri,B 4423 SWA,"94,369"
"Sep 26, 2025, 13:46",WO-144892529576271440,SPAREPART,ec86c430-e74c-451d-8d93-6d47384acc17,Tire 90/90-12 H3 (KENDA) H3,"100,000","100,000",1,0,0,1,"100,000",NOT_COVERED,APPLIED,GEN-F0500-001-N-MA,"1,741",INTERNAL_SERVICE,Pondok Indah,Fikri,B 4423 SWA,"94,369"
"Sep 26, 2025, 13:46",WO-144892529576271440,SPAREPART,9b1e64e1-1f60-4503-9d4f-c6a6893deac0,Electric motor H3,"100,000","100,000",1,0,0,1,"100,000",NOT_COVERED,APPLIED,H3A-E20010-001-N-MA,876,INTERNAL_SERVICE,Pondok Indah,Fikri,B 4423 SWA,"94,369"
"Sep 26, 2025, 13:46",WO-144892529576271440,SPAREPART,5123303c-4006-4550-babc-615aa591fd41,Bearing Nachi 6204 H3,"24,000","24,000",1,0,0,1,"24,000",NOT_COVERED,APPLIED,GEN-F0240-001-N-NE,"1,736",INTERNAL_SERVICE,Pondok Indah,Fikri,B 4423 SWA,"94,369"
"Sep 26, 2025, 13:46",WO-144892529576271440,SPAREPART,87eede8f-1064-4c4e-912d-9319aa96d5b0,Brake Pad H3 FR / RR H3,"26,000","26,000",1,0,0,1,"26,000",NOT_COVERED,APPLIED,GEN-F0130-001-N-NE,"1,075",INTERNAL_SERVICE,Pondok Indah,Fikri,B 4423 SWA,"94,369"
"Sep 26, 2025, 13:46",WO-144892529576271440,SPAREPART,8996828a-e6bc-4a54-a9f3-15d5af9c5033,Controller H3,"100,000","100,000",1,0,0,1,"100,000",NOT_COVERED,APPLIED,H3A-E80010-001-N-MA,875,INTERNAL_SERVICE,Pondok Indah,Fikri,B 4423 SWA,"94,369"
"Sep 26, 2025, 13:46",WO-144649849747298836,SPAREPART,0e63dd11-3dfb-40f2-9820-7fc9cc0b12bc,Front fork bearings H3,"42,021",0,1,0,0,1,0,NOT_COVERED,APPLIED,GEN-F0100-001-F-NE,849,REPO_MAINTENANCE,Pondok Indah,Naufal Rabbani,B 4570 SVP,"44,542"
"Sep 26, 2025, 13:42",WO-144880438991674960,SPAREPART,1ac25aee-ff64-497d-a915-e4617a1892ae,Bearing Nachi 6201 H3,"13,967",0,1,0,0,1,0,NOT_COVERED,APPLIED,GEN-F0060-001-F-NE,"1,735",WALK_IN_MAINTENANCE,Pondok Indah,Eka Pitaloka,B 4565 SVR,"39,714"
"Sep 26, 2025, 13:40",WO-144880438991674960,SPAREPART,0e63dd11-3dfb-40f2-9820-7fc9cc0b12bc,Front fork bearings H3,"42,021",0,1,0,0,1,0,NOT_COVERED,APPLIED,GEN-F0100-001-F-NE,849,WALK_IN_MAINTENANCE,Pondok Indah,Eka Pitaloka,B 4565 SVR,"39,714"
"Sep 26, 2025, 13:36",WO-144892317176716880,SPAREPART,87eede8f-1064-4c4e-912d-9319aa96d5b0,Brake Pad H3 FR / RR H3,"26,000","26,000",2,0,0,2,"52,000",NOT_COVERED,APPLIED,GEN-F0130-001-N-NE,"1,075",INTERNAL_SERVICE,Depok,rizki nuriman,B 4745 SVO,"9,867"
"Sep 26, 2025, 13:35",WO-144891356161007184,SPAREPART,1ac25aee-ff64-497d-a915-e4617a1892ae,Bearing Nachi 6201 H3,"13,967",0,2,0,0,2,0,NEW_ONBOARDING,APPLIED,GEN-F0060-001-F-NE,"1,735",REGULAR,Bekasi,Affani,B 5298 SVL,"10,234"
"Sep 26, 2025, 13:29",WO-144858675050208848,SPAREPART,00c93cf0-bacc-4e53-aab2-4aeeebf5bf3b,Air tape PVR 50 (5 mm) H3,"3,500","24,000",1,0,0,1,"24,000",NOT_COVERED,APPLIED,GEN-F0420-002-N-NE,"1,740",STORING,Pondok Indah,Eka Pitaloka,B 4611 SWA,"22,953"
"Sep 26, 2025, 13:21",WO-144880438991674960,SPAREPART,ec86c430-e74c-451d-8d93-6d47384acc17,Tire 90/90-12 H3 (KENDA) H3,"100,000",0,1,0,0,1,0,NOT_COVERED,APPLIED,GEN-F0500-001-N-MA,"1,741",WALK_IN_MAINTENANCE,Pondok Indah,Eka Pitaloka,B 4565 SVR,"39,714"
"Sep 26, 2025, 13:21",WO-144880438991674960,SPAREPART,87eede8f-1064-4c4e-912d-9319aa96d5b0,Brake Pad H3 FR / RR H3,"26,000",0,2,0,0,2,0,NOT_COVERED,APPLIED,GEN-F0130-001-N-NE,"1,075",WALK_IN_MAINTENANCE,Pondok Indah,Eka Pitaloka,B 4565 SVR,"39,714"
"Sep 26, 2025, 13:21",WO-144880438991674960,SPAREPART,c52ca52a-85ef-43ad-8637-a9a65142da16,Rear disc brake disc H3,"26,519",0,1,0,0,1,0,NOT_COVERED,APPLIED,GEN-F0190-001-R-NE,854,WALK_IN_MAINTENANCE,Pondok Indah,Eka Pitaloka,B 4565 SVR,"39,714"
"Sep 26, 2025, 13:21",WO-144858675050208848,SPAREPART,ec86c430-e74c-451d-8d93-6d47384acc17,Tire 90/90-12 H3 (KENDA) H3,"100,000","100,000",1,0,0,1,"100,000",NOT_COVERED,APPLIED,GEN-F0500-001-N-MA,"1,741",STORING,Pondok Indah,Eka Pitaloka,B 4611 SWA,"22,953"
"Sep 26, 2025, 13:21",WO-144858675050208848,SPAREPART,87eede8f-1064-4c4e-912d-9319aa96d5b0,Brake Pad H3 FR / RR H3,"26,000",0,1,0,0,1,0,NOT_COVERED,APPLIED,GEN-F0130-001-N-NE,"1,075",STORING,Pondok Indah,Eka Pitaloka,B 4611 SWA,"22,953"
"Sep 26, 2025, 13:21",WO-144890675425467984,SPAREPART,87eede8f-1064-4c4e-912d-9319aa96d5b0,Brake Pad H3 FR / RR H3,"26,000",0,2,0,0,2,0,NEW_ONBOARDING,APPLIED,GEN-F0130-001-N-NE,"1,075",REGULAR,Pondok Indah,Faiz Zaidan Alghifari Ramadhan,B 4680 SVO,"36,479"
"Sep 26, 2025, 13:16",WO-144890210344262164,SPAREPART,87eede8f-1064-4c4e-912d-9319aa96d5b0,Brake Pad H3 FR / RR H3,"26,000",0,2,0,0,2,0,NEW_ONBOARDING,APPLIED,GEN-F0130-001-N-NE,"1,075",REGULAR,Pondok Indah,Faiz Zaidan Alghifari Ramadhan,B 4506 SVP,"46,621"
"Sep 26, 2025, 13:05",WO-144879542450805268,SPAREPART,8209cbbd-e502-4f1e-8bfe-2b594dc8501a,Assembly line H3,"100,000","100,000",1,0,0,1,"100,000",NOT_COVERED,APPLIED,H3A-E30020-001-N-NE,862,INTERNAL_SERVICE,Pondok Indah,Aji Fadilah,B 4520 SVP,"2,345"
"Sep 26, 2025, 11:37",WO-144880387821166160,SPAREPART,ec86c430-e74c-451d-8d93-6d47384acc17,Tire 90/90-12 H3 (KENDA) H3,"100,000","100,000",1,0,0,1,"100,000",NEW_ONBOARDING,APPLIED,GEN-F0500-001-N-MA,"1,741",REGULAR,Pondok Indah,Eka Pitaloka,B 4791 SVR,"54,754"
"Sep 26, 2025, 11:33",WO-144874066686269972,SPAREPART,ec86c430-e74c-451d-8d93-6d47384acc17,Tire 90/90-12 H3 (KENDA) H3,"100,000","100,000",1,0,0,1,"100,000",NOT_COVERED,APPLIED,GEN-F0500-001-N-MA,"1,741",REGULAR,Pondok Indah,Muhammad Riduwan,B 4361 SWA,"13,808"
"Sep 26, 2025, 11:24",WO-144878908523698708,SPAREPART,87eede8f-1064-4c4e-912d-9319aa96d5b0,Brake Pad H3 FR / RR H3,"26,000",0,2,0,0,2,0,NOT_COVERED,APPLIED,GEN-F0130-001-N-NE,"1,075",REGULAR,Bekasi,Service Advisor Bekasi,B 4366 SVR,"38,911"
"Sep 26, 2025, 11:23",WO-144873008815693392,SPAREPART,87eede8f-1064-4c4e-912d-9319aa96d5b0,Brake Pad H3 FR / RR H3,"26,000",0,2,0,0,2,0,NOT_COVERED,APPLIED,GEN-F0130-001-N-NE,"1,075",WALK_IN_MAINTENANCE,Pondok Indah,Eka Pitaloka,B 3716 PWE,"42,090"
"Sep 26, 2025, 11:14",WO-144876011903802960,SPAREPART,87eede8f-1064-4c4e-912d-9319aa96d5b0,Brake Pad H3 FR / RR H3,"26,000",0,2,0,0,2,0,NOT_COVERED,APPLIED,GEN-F0130-001-N-NE,"1,075",REGULAR,Kembangan,Irawan,B 4543 SVP,"43,694"
"Sep 26, 2025, 11:13",WO-144877904692533780,SPAREPART,a1b6134f-48d0-424c-999a-3e6a8db27dea,Tire H1,0,0,1,0,0,1,0,NEW_ONBOARDING,APPLIED,GEN-F0490-001-N-MA,"1,791",REGULAR,Pondok Indah,Faiz Zaidan Alghifari Ramadhan,B 4480 SWD,0
"Sep 26, 2025, 11:12",WO-144746701830250064,SPAREPART,a8ecb0d4-1cf0-465a-99cc-7f4d7ead94aa,Side stand H3,"9,706",0,1,0,0,1,0,NOT_COVERED,APPLIED,H3A-A0080-001-N-BL,831,REPO_MAINTENANCE,Pondok Indah,Naufal Rabbani,B 4686 SVR,"2,345"
"Sep 26, 2025, 11:12",WO-144746701830250064,SPAREPART,0cc0087d-f14d-4d60-8390-d8cf4acb7d7b,Seat cushion for Indonesia H3,"100,000",0,1,0,0,1,0,NOT_COVERED,APPLIED,H3A-F0480-001-N-MA,813,REPO_MAINTENANCE,Pondok Indah,Naufal Rabbani,B 4686 SVR,"2,345"
"Sep 26, 2025, 11:12",WO-144746701830250064,SPAREPART,ec86c430-e74c-451d-8d93-6d47384acc17,Tire 90/90-12 H3 (KENDA) H3,"100,000",0,1,0,0,1,0,NOT_COVERED,APPLIED,GEN-F0500-001-N-MA,"1,741",REPO_MAINTENANCE,Pondok Indah,Naufal Rabbani,B 4686 SVR,"2,345"
"Sep 26, 2025, 11:12",WO-144746701830250064,SPAREPART,87eede8f-1064-4c4e-912d-9319aa96d5b0,Brake Pad H3 FR / RR H3,"26,000",0,1,0,0,1,0,NOT_COVERED,APPLIED,GEN-F0130-001-N-NE,"1,075",REPO_MAINTENANCE,Pondok Indah,Naufal Rabbani,B 4686 SVR,"2,345"
"Sep 26, 2025, 11:12",WO-144746701830250064,SPAREPART,0e63dd11-3dfb-40f2-9820-7fc9cc0b12bc,Front fork bearings H3,"42,021",0,1,0,0,1,0,NOT_COVERED,APPLIED,GEN-F0100-001-F-NE,849,REPO_MAINTENANCE,Pondok Indah,Naufal Rabbani,B 4686 SVR,"2,345"
"Sep 26, 2025, 11:12",WO-144746701830250064,SPAREPART,39480043-3109-4561-9129-6deba2de1b03,Falt fork H3,"100,000",0,1,0,0,1,0,NOT_COVERED,APPLIED,H3A-F0380-001-N-NE,835,REPO_MAINTENANCE,Pondok Indah,Naufal Rabbani,B 4686 SVR,"2,345"
"Sep 26, 2025, 11:08",WO-144873467370560020,SPAREPART,87eede8f-1064-4c4e-912d-9319aa96d5b0,Brake Pad H3 FR / RR H3,"26,000",0,2,0,0,2,0,NOT_COVERED,APPLIED,GEN-F0130-001-N-NE,"1,075",REGULAR,Kembangan,Irawan,B 4071 SVT,"39,000"
"Sep 26, 2025, 11:08",WO-144873835127135824,SPAREPART,87eede8f-1064-4c4e-912d-9319aa96d5b0,Brake Pad H3 FR / RR H3,"26,000",0,2,0,0,2,0,NOT_COVERED,APPLIED,GEN-F0130-001-N-NE,"1,075",REGULAR,Kembangan,Irawan,B 4755 SVT,"60,291"
"Sep 26, 2025, 11:01",WO-144871769616964116,SPAREPART,87eede8f-1064-4c4e-912d-9319aa96d5b0,Brake Pad H3 FR / RR H3,"26,000","26,000",2,0,0,2,"52,000",NOT_COVERED,APPLIED,GEN-F0130-001-N-NE,"1,075",STORING,Pondok Indah,Adit Tia Saputra,B 4962 SWC,"1,408"
"Sep 26, 2025, 11:00",WO-144873542515710484,SPAREPART,87eede8f-1064-4c4e-912d-9319aa96d5b0,Brake Pad H3 FR / RR H3,"26,000",0,1,0,0,1,0,NOT_COVERED,APPLIED,GEN-F0130-001-N-NE,"1,075",WALK_IN_MAINTENANCE,Pondok Indah,Eka Pitaloka,B 4802 SVP,"39,553"
"Sep 26, 2025, 11:00",WO-144875988717690448,SPAREPART,87eede8f-1064-4c4e-912d-9319aa96d5b0,Brake Pad H3 FR / RR H3,"26,000",0,2,0,0,2,0,NEW_ONBOARDING,APPLIED,GEN-F0130-001-N-NE,"1,075",REGULAR,Pondok Indah,Eka Pitaloka,B 4774 SVT,"40,838"
"Sep 26, 2025, 11:00",WO-144875988717690448,SPAREPART,1ac25aee-ff64-497d-a915-e4617a1892ae,Bearing Nachi 6201 H3,"13,967","13,500",2,0,0,2,"27,000",NOT_COVERED,APPLIED,GEN-F0060-001-F-NE,"1,735",REGULAR,Pondok Indah,Eka Pitaloka,B 4774 SVT,"40,838"
"Sep 26, 2025, 10:57",WO-144872250418421328,SPAREPART,87eede8f-1064-4c4e-912d-9319aa96d5b0,Brake Pad H3 FR / RR H3,"26,000",0,1,0,0,1,0,NOT_COVERED,APPLIED,GEN-F0130-001-N-NE,"1,075",URGENT,Kembangan,Irawan,B 4890 SWB,"20,126"
"Sep 26, 2025, 10:51",WO-144871599328222800,SPAREPART,87eede8f-1064-4c4e-912d-9319aa96d5b0,Brake Pad H3 FR / RR H3,"26,000",0,2,0,0,2,0,NOT_COVERED,APPLIED,GEN-F0130-001-N-NE,"1,075",REGULAR,Kembangan,Irawan,B 4493 SWA,"16,277"
"Sep 26, 2025, 10:51",WO-144869884495419924,SPAREPART,ec86c430-e74c-451d-8d93-6d47384acc17,Tire 90/90-12 H3 (KENDA) H3,"100,000","100,000",1,0,0,1,"100,000",NOT_COVERED,APPLIED,GEN-F0500-001-N-MA,"1,741",INTERNAL_SERVICE,Pondok Indah,Akhmad Rinaldi,B 4125 SWA,"20,814"
"Sep 26, 2025, 10:51",WO-144869884495419924,SPAREPART,87eede8f-1064-4c4e-912d-9319aa96d5b0,Brake Pad H3 FR / RR H3,"26,000","26,000",2,0,0,2,"52,000",NOT_COVERED,APPLIED,GEN-F0130-001-N-NE,"1,075",INTERNAL_SERVICE,Pondok Indah,Akhmad Rinaldi,B 4125 SWA,"20,814"
"Sep 26, 2025, 10:49",WO-144875393160075796,SPAREPART,87eede8f-1064-4c4e-912d-9319aa96d5b0,Brake Pad H3 FR / RR H3,"26,000",0,2,0,0,2,0,NEW_ONBOARDING,APPLIED,GEN-F0130-001-N-NE,"1,075",REGULAR,Pondok Indah,Muhammad Riduwan,B 4298 SWA,"15,839"
"Sep 26, 2025, 10:49",WO-144875348465573456,SPAREPART,9ae448db-156e-4e8b-8980-6f520521c921,Speed control handle cable H3,"16,169",0,1,0,0,1,0,NEW_ONBOARDING,APPLIED,H3A-E70090-001-N-BL,857,STORING,Pondok Indah,Ahmad Agus Sudiro Parhusnan Marzuki,B 4389 SVR,123
"Sep 26, 2025, 10:47",WO-144875311337594448,SPAREPART,87eede8f-1064-4c4e-912d-9319aa96d5b0,Brake Pad H3 FR / RR H3,"26,000",0,2,0,0,2,0,PREVIOUS_SERVICE,APPLIED,GEN-F0130-001-N-NE,"1,075",REGULAR,Depok,rizki nuriman,B 4566 SVR,"41,283"
"Sep 26, 2025, 10:43",WO-144874815117875732,SPAREPART,29ae4c69-46d5-4754-bf7e-f808ca55ebe7,Lock Set H3,"32,338","100,000",1,0,0,1,"100,000",NOT_COVERED,APPLIED,H3A-E70050-001-N-NE,865,REGULAR,Pondok Indah,Eka Pitaloka,B 4312 SVT,"35,117"
"Sep 26, 2025, 10:43",WO-144869803578907156,SPAREPART,fa116921-3f09-44e1-b709-86b1780d9253,Brake Pad Kit H5 -1-01 (Canvas Rem) H5,"39,500",0,1,0,0,1,0,NEW_ONBOARDING,APPLIED,GEN-F1130-001-F-NE,"1,758",REGULAR,Pondok Indah,Muhammad Riduwan,B 4093 SVO,"60,837"
"Sep 26, 2025, 10:42",WO-144661133414915664,SPAREPART,fa116921-3f09-44e1-b709-86b1780d9253,Brake Pad Kit H5 -1-01 (Canvas Rem) H5,"39,500",0,1,0,0,1,0,NOT_COVERED,APPLIED,GEN-F1130-001-F-NE,"1,758",REPO_MAINTENANCE,Pondok Indah,Service Advisor PI,B 5015 SVL,"43,456"
"Sep 26, 2025, 10:42",WO-144661133414915664,SPAREPART,100f831b-2f8a-450d-b561-f652c2f6d14c,Smart lock (GO PLUS) H5,"100,000",0,1,0,0,1,0,NOT_COVERED,APPLIED,H5A-E70130-001-N-NE,944,REPO_MAINTENANCE,Pondok Indah,Service Advisor PI,B 5015 SVL,"43,456"
"Sep 26, 2025, 10:40",WO-144871222075742740,SPAREPART,79e0bbc0-0b87-4142-8e3f-0b3ccdc86641,Brake Pad Kit H5 -2-01 (Canvas Rem) H5,"28,500",0,1,0,0,1,0,NOT_COVERED,APPLIED,GEN-F1140-001-R-NE,"1,759",REGULAR,Kembangan,Irawan,B 5223 SVL,"73,953"
"Sep 26, 2025, 10:39",WO-144874385268825680,SPAREPART,37dc324d-ba63-404f-b663-747c4a4566a1,disc Brake H5,"70,000","100,000",1,0,0,1,"100,000",NOT_COVERED,APPLIED,GEN-F1120-001-R-NE,"1,761",REGULAR,Pondok Indah,Eka Pitaloka,B 4812 SVN,"50,833"
"Sep 26, 2025, 10:39",WO-144874385268825680,SPAREPART,fa116921-3f09-44e1-b709-86b1780d9253,Brake Pad Kit H5 -1-01 (Canvas Rem) H5,"39,500",0,1,0,0,1,0,NEW_ONBOARDING,APPLIED,GEN-F1130-001-F-NE,"1,758",REGULAR,Pondok Indah,Eka Pitaloka,B 4812 SVN,"50,833"
"Sep 26, 2025, 10:39",WO-144874385268825680,SPAREPART,79e0bbc0-0b87-4142-8e3f-0b3ccdc86641,Brake Pad Kit H5 -2-01 (Canvas Rem) H5,"28,500",0,1,0,0,1,0,NEW_ONBOARDING,APPLIED,GEN-F1140-001-R-NE,"1,759",REGULAR,Pondok Indah,Eka Pitaloka,B 4812 SVN,"50,833"
"Sep 26, 2025, 10:38",WO-144873815346798160,SPAREPART,87eede8f-1064-4c4e-912d-9319aa96d5b0,Brake Pad H3 FR / RR H3,"26,000","26,000",2,0,0,2,"52,000",NOT_COVERED,APPLIED,GEN-F0130-001-N-NE,"1,075",STORING,Pondok Indah,Adit Tia Saputra,B 4191 SVV,"2,086"
"Sep 26, 2025, 10:35",WO-144874056368282132,SPAREPART,c52ca52a-85ef-43ad-8637-a9a65142da16,Rear disc brake disc H3,"26,519",0,1,0,0,1,0,NEW_ONBOARDING,APPLIED,GEN-F0190-001-R-NE,854,REGULAR,Depok,rizki nuriman,B 4465 SVP,"31,972"
"Sep 26, 2025, 10:34",WO-144869982726020688,SPAREPART,87eede8f-1064-4c4e-912d-9319aa96d5b0,Brake Pad H3 FR / RR H3,"26,000",0,2,0,0,2,0,NOT_COVERED,APPLIED,GEN-F0130-001-N-NE,"1,075",REGULAR,Kembangan,Irawan,B 4396 SVT,"42,892"
"Sep 26, 2025, 10:29",WO-144872275164814928,SPAREPART,87eede8f-1064-4c4e-912d-9319aa96d5b0,Brake Pad H3 FR / RR H3,"26,000",0,2,0,0,2,0,NOT_COVERED,APPLIED,GEN-F0130-001-N-NE,"1,075",REGULAR,Pondok Indah,Service Advisor PI,B 4899 SWC,"7,930"
"Sep 26, 2025, 10:29",WO-144872275164814928,SPAREPART,ec86c430-e74c-451d-8d93-6d47384acc17,Tire 90/90-12 H3 (KENDA) H3,"135,796",0,1,0,0,1,0,NOT_COVERED,APPLIED,GEN-F0500-001-N-MA,"1,741",REGULAR,Pondok Indah,Service Advisor PI,B 4899 SWC,"7,930"
"Sep 26, 2025, 10:28",WO-144873295555092048,SPAREPART,87eede8f-1064-4c4e-912d-9319aa96d5b0,Brake Pad H3 FR / RR H3,"26,000",0,2,0,0,2,0,NEW_ONBOARDING,APPLIED,GEN-F0130-001-N-NE,"1,075",REGULAR,Pondok Indah,Muhamad Chaerudin,B 4685 SVO,"47,049"
"Sep 26, 2025, 10:16",WO-144869165289725520,SPAREPART,87eede8f-1064-4c4e-912d-9319aa96d5b0,Brake Pad H3 FR / RR H3,"26,000",0,2,0,0,2,0,NOT_COVERED,APPLIED,GEN-F0130-001-N-NE,"1,075",STORING,Pondok Indah,Eka Pitaloka,B 3466 PWE,"26,542"
"Sep 26, 2025, 10:14",WO-144868961094228500,SPAREPART,c52ca52a-85ef-43ad-8637-a9a65142da16,Rear disc brake disc H3,"26,519","80,000",1,0,0,1,"80,000",NOT_COVERED,APPLIED,GEN-F0190-001-R-NE,854,URGENT,Kembangan,Intan melina,B 4575 SVP,"55,316"
"Sep 26, 2025, 10:14",WO-144868961094228500,SPAREPART,87eede8f-1064-4c4e-912d-9319aa96d5b0,Brake Pad H3 FR / RR H3,"26,000",0,2,0,0,2,0,NOT_COVERED,APPLIED,GEN-F0130-001-N-NE,"1,075",URGENT,Kembangan,Intan melina,B 4575 SVP,"55,316"
"Sep 26, 2025, 10:13",WO-144867954041839184,SPAREPART,ec86c430-e74c-451d-8d93-6d47384acc17,Tire 90/90-12 H3 (KENDA) H3,"100,000",0,1,0,0,1,0,NOT_COVERED,APPLIED,GEN-F0500-001-N-MA,"1,741",REGULAR,Kembangan,Irawan,B 3502 PWE,"48,812"
"Sep 26, 2025, 10:13",WO-144867954041839184,SPAREPART,87eede8f-1064-4c4e-912d-9319aa96d5b0,Brake Pad H3 FR / RR H3,"26,000",0,1,0,0,1,0,NOT_COVERED,APPLIED,GEN-F0130-001-N-NE,"1,075",REGULAR,Kembangan,Irawan,B 3502 PWE,"48,812"
"Sep 26, 2025, 10:10",WO-144867787611856464,SPAREPART,87eede8f-1064-4c4e-912d-9319aa96d5b0,Brake Pad H3 FR / RR H3,"26,000",0,1,0,0,1,0,NOT_COVERED,APPLIED,GEN-F0130-001-N-NE,"1,075",STORING,Pondok Indah,Eka Pitaloka,B 4117 SWA,"26,606"
"Sep 26, 2025, 10:10",WO-144867787611856464,SPAREPART,00c93cf0-bacc-4e53-aab2-4aeeebf5bf3b,Air tape PVR 50 (5 mm) H3,"3,500","24,000",1,0,0,1,"24,000",NOT_COVERED,APPLIED,GEN-F0420-002-N-NE,"1,740",STORING,Pondok Indah,Eka Pitaloka,B 4117 SWA,"26,606"
"Sep 26, 2025, 10:04",WO-144870520117025300,SPAREPART,be36f980-8aa3-406f-8391-a3bbbd3d4e01,Left front shock absorber assembly 6.42±0.04kg H3,"100,000","100,000",1,0,0,1,"100,000",NOT_COVERED,APPLIED,H3A-F0080-001-L-NE,846,INTERNAL_SERVICE,Pondok Indah,Farel Wahyudyansyah,B 4206 SVT,"34,569"
"Sep 26, 2025, 10:04",WO-144870520117025300,SPAREPART,87eede8f-1064-4c4e-912d-9319aa96d5b0,Brake Pad H3 FR / RR H3,"26,000","26,000",1,0,0,1,"26,000",NOT_COVERED,APPLIED,GEN-F0130-001-N-NE,"1,075",INTERNAL_SERVICE,Pondok Indah,Farel Wahyudyansyah,B 4206 SVT,"34,569"
"Sep 26, 2025, 10:04",WO-144870520117025300,SPAREPART,0e63dd11-3dfb-40f2-9820-7fc9cc0b12bc,Front fork bearings H3,"42,021","42,021",1,0,0,1,"42,021",NOT_COVERED,APPLIED,GEN-F0100-001-F-NE,849,INTERNAL_SERVICE,Pondok Indah,Farel Wahyudyansyah,B 4206 SVT,"34,569"
"Sep 26, 2025, 10:04",WO-144870520117025300,SPAREPART,e0402ad2-4c70-44c0-b2a2-8bccaf20ce7b,Steering rack assembly 6.42±0.04kg H3,"100,000","100,000",1,0,0,1,"100,000",NOT_COVERED,APPLIED,H3A-F0070-001-N-NE,845,INTERNAL_SERVICE,Pondok Indah,Farel Wahyudyansyah,B 4206 SVT,"34,569"
"Sep 26, 2025, 09:57",WO-144865710105976400,SPAREPART,87eede8f-1064-4c4e-912d-9319aa96d5b0,Brake Pad H3 FR / RR H3,"26,000","26,000",2,0,0,2,"52,000",NOT_COVERED,APPLIED,GEN-F0130-001-N-NE,"1,075",INTERNAL_SERVICE,Pondok Indah,Noval Labid,B 4743 SVT,"56,303"
"Sep 26, 2025, 09:57",WO-144865710105976400,SPAREPART,0cc0087d-f14d-4d60-8390-d8cf4acb7d7b,Seat cushion for Indonesia H3,"100,000","100,000",1,0,0,1,"100,000",NOT_COVERED,APPLIED,H3A-F0480-001-N-MA,813,INTERNAL_SERVICE,Pondok Indah,Noval Labid,B 4743 SVT,"56,303"
"Sep 26, 2025, 09:54",WO-144868392011062864,SPAREPART,fa116921-3f09-44e1-b709-86b1780d9253,Brake Pad Kit H5 -1-01 (Canvas Rem) H5,"39,500",0,1,0,0,1,0,NOT_COVERED,APPLIED,GEN-F1130-001-F-NE,"1,758",URGENT,Kembangan,Irawan,B 5341 SVL,"40,479"
"Sep 26, 2025, 09:54",WO-144868392011062864,SPAREPART,79e0bbc0-0b87-4142-8e3f-0b3ccdc86641,Brake Pad Kit H5 -2-01 (Canvas Rem) H5,"28,500",0,1,0,0,1,0,NOT_COVERED,APPLIED,GEN-F1140-001-R-NE,"1,759",URGENT,Kembangan,Irawan,B 5341 SVL,"40,479"
"Sep 26, 2025, 09:53",WO-144869813225807440,SPAREPART,87eede8f-1064-4c4e-912d-9319aa96d5b0,Brake Pad H3 FR / RR H3,"26,000",0,2,0,0,2,0,PREVIOUS_SERVICE,APPLIED,GEN-F0130-001-N-NE,"1,075",REGULAR,Depok,rizki nuriman,B 4022 SVP,"56,752"
"Sep 26, 2025, 09:51",WO-144657669389573712,SPAREPART,fa116921-3f09-44e1-b709-86b1780d9253,Brake Pad Kit H5 -1-01 (Canvas Rem) H5,"39,500",0,1,0,0,1,0,NOT_COVERED,APPLIED,GEN-F1130-001-F-NE,"1,758",REPO_MAINTENANCE,Pondok Indah,Naufal Rabbani,B 4151 SVO,"56,532"
"Sep 26, 2025, 09:51",WO-144657669389573712,SPAREPART,d311e1d0-8de3-4e25-b676-66e6dc916895,Cover Jok Motor H5,0,0,1,0,0,1,0,NOT_COVERED,APPLIED,H5A-A0300-001-N-NE,"1,766",REPO_MAINTENANCE,Pondok Indah,Naufal Rabbani,B 4151 SVO,"56,532"
"Sep 26, 2025, 09:51",WO-144657669389573712,SPAREPART,37dc324d-ba63-404f-b663-747c4a4566a1,disc Brake H5,"70,000",0,2,0,0,2,0,NOT_COVERED,APPLIED,GEN-F1120-001-R-NE,"1,761",REPO_MAINTENANCE,Pondok Indah,Naufal Rabbani,B 4151 SVO,"56,532"
"Sep 26, 2025, 09:50",WO-144869508702558740,SPAREPART,87eede8f-1064-4c4e-912d-9319aa96d5b0,Brake Pad H3 FR / RR H3,"26,000",0,2,0,0,2,0,NOT_COVERED,APPLIED,GEN-F0130-001-N-NE,"1,075",REGULAR,Bekasi,Service Advisor Bekasi,B 3889 PWF,"403,914"
"Sep 26, 2025, 09:47",WO-144866548782227024,SPAREPART,87eede8f-1064-4c4e-912d-9319aa96d5b0,Brake Pad H3 FR / RR H3,"26,000","26,000",2,0,0,2,"52,000",NOT_COVERED,APPLIED,GEN-F0130-001-N-NE,"1,075",INTERNAL_SERVICE,Pondok Indah,Akhmad Rinaldi,B 4680 SVR,"66,618"
"Sep 26, 2025, 09:42",WO-144780338739043920,SPAREPART,6f887a0a-e2ae-4556-afe9-b554bb26559f,Headlight H3,"100,000",0,1,0,0,1,0,NOT_COVERED,APPLIED,H3A-E60030-001-N-NE,821,REPO_MAINTENANCE,Pondok Indah,Naufal Rabbani,B 4489 SVT,"32,443"
"Sep 26, 2025, 09:41",WO-144868687776603728,SPAREPART,d09f6b27-05e3-429e-8d59-5978689af06f,USB charging port H3,"12,627",0,1,0,0,1,0,NEW_ONBOARDING,APPLIED,H3A-E40010-001-N-NE,871,REGULAR,Pondok Indah,Muhammad Riduwan,B 4134 SWA,"15,038"
"Sep 26, 2025, 09:41",WO-144868513343887892,SPAREPART,9ae448db-156e-4e8b-8980-6f520521c921,Speed control handle cable H3,"16,169","49,000",1,0,0,1,"49,000",NOT_COVERED,APPLIED,H3A-E70090-001-N-BL,857,STORING,Pondok Indah,Service Advisor PI,B 4553 SVR,"26,495"
"Sep 26, 2025, 09:36",WO-144353315390511636,SPAREPART,d311e1d0-8de3-4e25-b676-66e6dc916895,Cover Jok Motor H5,0,0,1,0,0,1,0,NOT_COVERED,APPLIED,H5A-A0300-001-N-NE,"1,766",REPO_MAINTENANCE,Pondok Indah,Service Advisor PI,B 5047 SVL,"54,364"
"Sep 26, 2025, 09:31",WO-144865429003722320,SPAREPART,fa116921-3f09-44e1-b709-86b1780d9253,Brake Pad Kit H5 -1-01 (Canvas Rem) H5,"39,500",0,1,0,0,1,0,NOT_COVERED,APPLIED,GEN-F1130-001-F-NE,"1,758",REGULAR,Kembangan,Irawan,B 5207 SVL,"95,759"
"Sep 26, 2025, 09:31",WO-144865429003722320,SPAREPART,79e0bbc0-0b87-4142-8e3f-0b3ccdc86641,Brake Pad Kit H5 -2-01 (Canvas Rem) H5,"28,500",0,1,0,0,1,0,NOT_COVERED,APPLIED,GEN-F1140-001-R-NE,"1,759",REGULAR,Kembangan,Irawan,B 5207 SVL,"95,759"
"Sep 26, 2025, 09:28",WO-144867271142038036,SPAREPART,87eede8f-1064-4c4e-912d-9319aa96d5b0,Brake Pad H3 FR / RR H3,"26,000",0,2,0,0,2,0,NEW_ONBOARDING,APPLIED,GEN-F0130-001-N-NE,"1,075",REGULAR,Pondok Indah,Aji Fadilah,B 4191 SVT,"42,422"
"Sep 26, 2025, 09:27",WO-144865073108638228,SPAREPART,ec86c430-e74c-451d-8d93-6d47384acc17,Tire 90/90-12 H3 (KENDA) H3,"100,000","100,000",1,0,0,1,"100,000",NOT_COVERED,APPLIED,GEN-F0500-001-N-MA,"1,741",REGULAR,Kembangan,Intan melina,B 3648 PWE,"36,188"
"Sep 26, 2025, 09:27",WO-144865073108638228,SPAREPART,87eede8f-1064-4c4e-912d-9319aa96d5b0,Brake Pad H3 FR / RR H3,"26,000",0,1,0,0,1,0,NOT_COVERED,APPLIED,GEN-F0130-001-N-NE,"1,075",REGULAR,Kembangan,Intan melina,B 3648 PWE,"36,188"
"Sep 26, 2025, 09:24",WO-144866839531379220,SPAREPART,87eede8f-1064-4c4e-912d-9319aa96d5b0,Brake Pad H3 FR / RR H3,"26,000",0,2,0,0,2,0,NEW_ONBOARDING,APPLIED,GEN-F0130-001-N-NE,"1,075",REGULAR,Pondok Indah,Muhammad Riduwan,B 4836 SVP,"67,382"
"Sep 26, 2025, 09:23",WO-144866732425633360,SPAREPART,87eede8f-1064-4c4e-912d-9319aa96d5b0,Brake Pad H3 FR / RR H3,"26,000",0,2,0,0,2,0,NOT_COVERED,APPLIED,GEN-F0130-001-N-NE,"1,075",REGULAR,Bekasi,Service Advisor Bekasi,B 4250 SWA,0
"Sep 26, 2025, 09:21",WO-144865246970928720,SPAREPART,87eede8f-1064-4c4e-912d-9319aa96d5b0,Brake Pad H3 FR / RR H3,"26,000",0,2,0,0,2,0,NOT_COVERED,APPLIED,GEN-F0130-001-N-NE,"1,075",REGULAR,Kembangan,Irawan,B 4617 SVO,"50,406"
"Sep 26, 2025, 09:18",WO-144866318481381908,SPAREPART,87eede8f-1064-4c4e-912d-9319aa96d5b0,Brake Pad H3 FR / RR H3,"26,000",0,2,0,0,2,0,NEW_ONBOARDING,APPLIED,GEN-F0130-001-N-NE,"1,075",REGULAR,Pondok Indah,Muhammad Riduwan,B 4676 SVT,"20,848"
"Sep 26, 2025, 09:16",WO-144500779502296656,SPAREPART,87eede8f-1064-4c4e-912d-9319aa96d5b0,Brake Pad H3 FR / RR H3,"26,000",0,2,0,0,2,0,NOT_COVERED,APPLIED,GEN-F0130-001-N-NE,"1,075",REPO_MAINTENANCE,Pondok Indah,Service Advisor PI,B 4633 SVP,"45,236"
"Sep 26, 2025, 09:13",WO-144778760690884176,SPAREPART,849a10fd-aa14-4894-927f-c8045f2bc1f9,Front disc brake assembly without logo H3,"100,000",0,1,0,0,1,0,NOT_COVERED,APPLIED,H3A-F0120-001-F-NE,850,REPO_MAINTENANCE,Pondok Indah,Naufal Rabbani,B 4811 SVR,"56,371"
"Sep 26, 2025, 09:13",WO-144778760690884176,SPAREPART,87eede8f-1064-4c4e-912d-9319aa96d5b0,Brake Pad H3 FR / RR H3,"26,000",0,2,0,0,2,0,NOT_COVERED,APPLIED,GEN-F0130-001-N-NE,"1,075",REPO_MAINTENANCE,Pondok Indah,Naufal Rabbani,B 4811 SVR,"56,371"
"Sep 26, 2025, 09:13",WO-144778760690884176,SPAREPART,0e63dd11-3dfb-40f2-9820-7fc9cc0b12bc,Front fork bearings H3,"42,021",0,1,0,0,1,0,NOT_COVERED,APPLIED,GEN-F0100-001-F-NE,849,REPO_MAINTENANCE,Pondok Indah,Naufal Rabbani,B 4811 SVR,"56,371"
"Sep 26, 2025, 09:13",WO-144778760690884176,SPAREPART,ec86c430-e74c-451d-8d93-6d47384acc17,Tire 90/90-12 H3 (KENDA) H3,"100,000",0,1,0,0,1,0,NOT_COVERED,APPLIED,GEN-F0500-001-N-MA,"1,741",REPO_MAINTENANCE,Pondok Indah,Naufal Rabbani,B 4811 SVR,"56,371"
"Sep 26, 2025, 09:08",WO-144865285340420628,SPAREPART,79e0bbc0-0b87-4142-8e3f-0b3ccdc86641,Brake Pad Kit H5 -2-01 (Canvas Rem) H5,"28,500",0,1,0,0,1,0,NEW_ONBOARDING,APPLIED,GEN-F1140-001-R-NE,"1,759",REGULAR,Pondok Indah,Muhamad Chaerudin,B 4150 SVO,"40,245"
"Sep 26, 2025, 09:08",WO-144865285340420628,SPAREPART,fa116921-3f09-44e1-b709-86b1780d9253,Brake Pad Kit H5 -1-01 (Canvas Rem) H5,"39,500",0,1,0,0,1,0,NEW_ONBOARDING,APPLIED,GEN-F1130-001-F-NE,"1,758",REGULAR,Pondok Indah,Muhamad Chaerudin,B 4150 SVO,"40,245"
"Sep 26, 2025, 09:04",WO-144864863141781072,SPAREPART,87eede8f-1064-4c4e-912d-9319aa96d5b0,Brake Pad H3 FR / RR H3,"26,000",0,2,0,0,2,0,NEW_ONBOARDING,APPLIED,GEN-F0130-001-N-NE,"1,075",REGULAR,Pondok Indah,Faiz Zaidan Alghifari Ramadhan,B 4381 SVT,"55,093"
"Sep 26, 2025, 09:03",WO-144864545599413840,SPAREPART,87eede8f-1064-4c4e-912d-9319aa96d5b0,Brake Pad H3 FR / RR H3,"26,000",0,2,0,0,2,0,NEW_ONBOARDING,APPLIED,GEN-F0130-001-N-NE,"1,075",REGULAR,Pondok Indah,Muhammad Riduwan,B 4632 SVO,"53,890"
"Sep 26, 2025, 09:02",WO-144780338739043920,SPAREPART,b9d1544b-4822-4e87-8c8a-ad3eccb9bf75,Rear mirror H3,"26,000",0,1,0,0,1,0,NOT_COVERED,APPLIED,GEN-A0050-001-R-NE,859,REPO_MAINTENANCE,Pondok Indah,Naufal Rabbani,B 4489 SVT,"32,443"
"Sep 26, 2025, 09:02",WO-144780338739043920,SPAREPART,c52ca52a-85ef-43ad-8637-a9a65142da16,Rear disc brake disc H3,"26,519",0,1,0,0,1,0,NOT_COVERED,APPLIED,GEN-F0190-001-R-NE,854,REPO_MAINTENANCE,Pondok Indah,Naufal Rabbani,B 4489 SVT,"32,443"
"Sep 26, 2025, 09:02",WO-144780338739043920,SPAREPART,87eede8f-1064-4c4e-912d-9319aa96d5b0,Brake Pad H3 FR / RR H3,"26,000",0,1,0,0,1,0,NOT_COVERED,APPLIED,GEN-F0130-001-N-NE,"1,075",REPO_MAINTENANCE,Pondok Indah,Naufal Rabbani,B 4489 SVT,"32,443"
"Sep 26, 2025, 08:54",WO-144858952931236372,SPAREPART,c52ca52a-85ef-43ad-8637-a9a65142da16,Rear disc brake disc H3,"26,519",0,1,0,0,1,0,NOT_COVERED,APPLIED,GEN-F0190-001-R-NE,854,STORING,Pondok Indah,Naufal Rabbani,B 4809 SVP,"26,587"
"Sep 26, 2025, 08:54",WO-144858952931236372,SPAREPART,87eede8f-1064-4c4e-912d-9319aa96d5b0,Brake Pad H3 FR / RR H3,"26,000",0,1,0,0,1,0,NOT_COVERED,APPLIED,GEN-F0130-001-N-NE,"1,075",STORING,Pondok Indah,Naufal Rabbani,B 4809 SVP,"26,587"
"Sep 25, 2025, 22:15",WO-144768825861102100,SPAREPART,79e0bbc0-0b87-4142-8e3f-0b3ccdc86641,Brake Pad Kit H5 -2-01 (Canvas Rem) H5,"28,500",0,1,0,0,1,0,NOT_COVERED,APPLIED,GEN-F1140-001-R-NE,"1,759",STORING,Pondok Indah,Eka Pitaloka,B 4908 SVN,"47,572"
"Sep 25, 2025, 22:15",WO-144768825861102100,SPAREPART,fa116921-3f09-44e1-b709-86b1780d9253,Brake Pad Kit H5 -1-01 (Canvas Rem) H5,"39,500",0,1,0,0,1,0,NOT_COVERED,APPLIED,GEN-F1130-001-F-NE,"1,758",STORING,Pondok Indah,Eka Pitaloka,B 4908 SVN,"47,572"
"Sep 25, 2025, 21:23",WO-144750961447951952,SPAREPART,999f14b8-db39-41e5-a31a-b5e0b7e8d909,Tires (far star) H5,"100,000",0,1,0,0,1,0,NOT_COVERED,APPLIED,GEN-F1090-001-N-NE,982,STORING,Pondok Indah,Naufal Rabbani,B 5210 SVL,"1,504"
"Sep 25, 2025, 21:23",WO-144750961447951952,SPAREPART,87eede8f-1064-4c4e-912d-9319aa96d5b0,Brake Pad H3 FR / RR H3,"26,000",0,1,0,0,1,0,NOT_COVERED,APPLIED,GEN-F0130-001-N-NE,"1,075",STORING,Pondok Indah,Naufal Rabbani,B 5210 SVL,"1,504"
"Sep 25, 2025, 21:13",WO-144778359899971152,SPAREPART,87eede8f-1064-4c4e-912d-9319aa96d5b0,Brake Pad H3 FR / RR H3,"26,000","26,000",1,0,0,1,"26,000",NOT_COVERED,APPLIED,GEN-F0130-001-N-NE,"1,075",STORING,Pondok Indah,Faris Abdurrahan,B 4908 SWB,"43,445"
"Sep 25, 2025, 21:13",WO-144778359899971152,SPAREPART,ec86c430-e74c-451d-8d93-6d47384acc17,Tire 90/90-12 H3 (KENDA) H3,"135,796","135,796",1,0,0,1,"135,796",NOT_COVERED,APPLIED,GEN-F0500-001-N-MA,"1,741",STORING,Pondok Indah,Faris Abdurrahan,B 4908 SWB,"43,445"
"Sep 25, 2025, 21:04",WO-144789972401019412,SPAREPART,87eede8f-1064-4c4e-912d-9319aa96d5b0,Brake Pad H3 FR / RR H3,"26,000",0,1,0,0,1,0,NOT_COVERED,APPLIED,GEN-F0130-001-N-NE,"1,075",STORING,Pondok Indah,Eka Pitaloka,B 4038 SVT,"32,345"
"Sep 25, 2025, 20:56",WO-144763158047776336,SPAREPART,87eede8f-1064-4c4e-912d-9319aa96d5b0,Brake Pad H3 FR / RR H3,"26,000","26,000",1,0,0,1,"26,000",NOT_COVERED,APPLIED,GEN-F0130-001-N-NE,"1,075",STORING,Pondok Indah,Dani Setiawan,B 4222 SVV,"34,202"
"Sep 25, 2025, 20:56",WO-144763158047776336,SPAREPART,ec86c430-e74c-451d-8d93-6d47384acc17,Tire 90/90-12 H3 (KENDA) H3,"135,796","135,796",1,0,0,1,"135,796",NOT_COVERED,APPLIED,GEN-F0500-001-N-MA,"1,741",STORING,Pondok Indah,Dani Setiawan,B 4222 SVV,"34,202"
"Sep 25, 2025, 20:41",WO-144778270812953108,SPAREPART,c52ca52a-85ef-43ad-8637-a9a65142da16,Rear disc brake disc H3,"26,519",0,1,0,0,1,0,NOT_COVERED,APPLIED,GEN-F0190-001-R-NE,854,STORING,Pondok Indah,Naufal Rabbani,B 4547 SVT,"59,165"
"Sep 25, 2025, 19:28",WO-144749296342818384,SPAREPART,1ed8c3bb-03cc-4b1c-9839-a09259c5e5d3,Front shock absorber (right) H5,"100,000","100,000",1,0,0,1,"100,000",NOT_COVERED,APPLIED,H5A-F0830-001-R-NE,976,WALK_IN_MAINTENANCE,Pondok Indah,Eka Pitaloka,B 5522 SVL,"54,480"
"Sep 25, 2025, 19:28",WO-144749296342818384,SPAREPART,79e0bbc0-0b87-4142-8e3f-0b3ccdc86641,Brake Pad Kit H5 -2-01 (Canvas Rem) H5,"28,500",0,1,0,0,1,0,NOT_COVERED,APPLIED,GEN-F1140-001-R-NE,"1,759",WALK_IN_MAINTENANCE,Pondok Indah,Eka Pitaloka,B 5522 SVL,"54,480"
"Sep 25, 2025, 19:28",WO-144749296342818384,SPAREPART,999f14b8-db39-41e5-a31a-b5e0b7e8d909,Tires (far star) H5,"100,000","100,000",1,0,0,1,"100,000",NOT_COVERED,APPLIED,GEN-F1090-001-N-NE,982,WALK_IN_MAINTENANCE,Pondok Indah,Eka Pitaloka,B 5522 SVL,"54,480"
"Sep 25, 2025, 19:28",WO-144749296342818384,SPAREPART,fa116921-3f09-44e1-b709-86b1780d9253,Brake Pad Kit H5 -1-01 (Canvas Rem) H5,"39,500",0,1,0,0,1,0,NOT_COVERED,APPLIED,GEN-F1130-001-F-NE,"1,758",WALK_IN_MAINTENANCE,Pondok Indah,Eka Pitaloka,B 5522 SVL,"54,480"
"Sep 25, 2025, 19:18",WO-144779283183720980,SPAREPART,87eede8f-1064-4c4e-912d-9319aa96d5b0,Brake Pad H3 FR / RR H3,"26,000",0,2,0,0,2,0,NOT_COVERED,APPLIED,GEN-F0130-001-N-NE,"1,075",REPO_MAINTENANCE,Pondok Indah,Naufal Rabbani,B 4838 SVT,"48,857"
"Sep 25, 2025, 19:09",WO-144777939379052112,SPAREPART,87eede8f-1064-4c4e-912d-9319aa96d5b0,Brake Pad H3 FR / RR H3,"26,000","26,000",2,0,0,2,"52,000",NOT_COVERED,APPLIED,GEN-F0130-001-N-NE,"1,075",INTERNAL_SERVICE,Pondok Indah,Akhmad Rinaldi,B 4057 SWB,"13,707"
"Sep 25, 2025, 19:06",WO-144779951873219092,SPAREPART,87eede8f-1064-4c4e-912d-9319aa96d5b0,Brake Pad H3 FR / RR H3,"26,000",0,1,0,0,1,0,NOT_COVERED,APPLIED,GEN-F0130-001-N-NE,"1,075",REPO_MAINTENANCE,Pondok Indah,Naufal Rabbani,B 4722 SVT,"24,307"
"Sep 25, 2025, 19:06",WO-144779951873219092,SPAREPART,1ac25aee-ff64-497d-a915-e4617a1892ae,Bearing Nachi 6201 H3,"13,967",0,1,0,0,1,0,NOT_COVERED,APPLIED,GEN-F0060-001-F-NE,"1,735",REPO_MAINTENANCE,Pondok Indah,Naufal Rabbani,B 4722 SVT,"24,307"
"Sep 25, 2025, 19:00",WO-144489379635681812,SPAREPART,e76e0887-eb65-4869-a942-c097675574c7,MAN seat cushion front H5,"100,000",0,1,0,0,1,0,NOT_COVERED,APPLIED,H5A-B0950-001-N-MA,984,REPO_MAINTENANCE,Pondok Indah,Service Advisor PI,B 4481 SVL,"64,594"
"Sep 25, 2025, 19:00",WO-144489379635681812,SPAREPART,79e0bbc0-0b87-4142-8e3f-0b3ccdc86641,Brake Pad Kit H5 -2-01 (Canvas Rem) H5,"28,500",0,1,0,0,1,0,NOT_COVERED,APPLIED,GEN-F1140-001-R-NE,"1,759",REPO_MAINTENANCE,Pondok Indah,Service Advisor PI,B 4481 SVL,"64,594"
"Sep 25, 2025, 19:00",WO-144489379635681812,SPAREPART,fa116921-3f09-44e1-b709-86b1780d9253,Brake Pad Kit H5 -1-01 (Canvas Rem) H5,"39,500",0,1,0,0,1,0,NOT_COVERED,APPLIED,GEN-F1130-001-F-NE,"1,758",REPO_MAINTENANCE,Pondok Indah,Service Advisor PI,B 4481 SVL,"64,594"
"Sep 25, 2025, 19:00",WO-144777617642380880,SPAREPART,999f14b8-db39-41e5-a31a-b5e0b7e8d909,Tires (far star) H5,"100,000","100,000",1,0,0,1,"100,000",NOT_COVERED,APPLIED,GEN-F1090-001-N-NE,982,INTERNAL_SERVICE,Pondok Indah,Dani Setiawan,B 4914 SVO,0
"Sep 25, 2025, 18:59",WO-144768850959818320,SPAREPART,87eede8f-1064-4c4e-912d-9319aa96d5b0,Brake Pad H3 FR / RR H3,"26,000","26,000",2,0,0,2,"52,000",NOT_COVERED,APPLIED,GEN-F0130-001-N-NE,"1,075",INTERNAL_SERVICE,Pondok Indah,Muhammad Haikal Alfaidz,B 5292 BWJ,"10,827"
"Sep 25, 2025, 18:37",WO-144777617642380880,SPAREPART,f0f9c2f2-4990-471b-80fb-5a69f73b9a65,Lande controller EM100 (CAN) H5,"100,000","100,000",1,0,0,1,"100,000",NOT_COVERED,APPLIED,H5A-E80040-001-N-NE,954,INTERNAL_SERVICE,Pondok Indah,Dani Setiawan,B 4914 SVO,0
"Sep 25, 2025, 18:37",WO-144729467955206676,SPAREPART,ec86c430-e74c-451d-8d93-6d47384acc17,Tire 90/90-12 H3 (KENDA) H3,"100,000","100,000",1,0,0,1,"100,000",NOT_COVERED,APPLIED,GEN-F0500-001-N-MA,"1,741",INTERNAL_SERVICE,Pondok Indah,Akhmad Rinaldi,B 4607 SVT,"38,632"
"Sep 25, 2025, 18:37",WO-144729467955206676,SPAREPART,24f4995a-befd-4ad6-a490-c6318261742f,Cover Plat Nomer H3,"18,500","18,500",1,0,0,1,"18,500",NOT_COVERED,APPLIED,GEN-A0140-001-N-MA,"1,738",INTERNAL_SERVICE,Pondok Indah,Akhmad Rinaldi,B 4607 SVT,"38,632"
"Sep 25, 2025, 18:37",WO-144729467955206676,SPAREPART,e0402ad2-4c70-44c0-b2a2-8bccaf20ce7b,Steering rack assembly 6.42±0.04kg H3,"100,000","100,000",1,0,0,1,"100,000",NOT_COVERED,APPLIED,H3A-F0070-001-N-NE,845,INTERNAL_SERVICE,Pondok Indah,Akhmad Rinaldi,B 4607 SVT,"38,632"
"Sep 25, 2025, 18:37",WO-144729467955206676,SPAREPART,87eede8f-1064-4c4e-912d-9319aa96d5b0,Brake Pad H3 FR / RR H3,"26,000","26,000",2,0,0,2,"52,000",NOT_COVERED,APPLIED,GEN-F0130-001-N-NE,"1,075",INTERNAL_SERVICE,Pondok Indah,Akhmad Rinaldi,B 4607 SVT,"38,632"
"Sep 25, 2025, 18:37",WO-144729467955206676,SPAREPART,0e63dd11-3dfb-40f2-9820-7fc9cc0b12bc,Front fork bearings H3,"42,021","42,021",1,0,0,1,"42,021",NOT_COVERED,APPLIED,GEN-F0100-001-F-NE,849,INTERNAL_SERVICE,Pondok Indah,Akhmad Rinaldi,B 4607 SVT,"38,632"
"Sep 25, 2025, 18:17",WO-144775415481785936,SPAREPART,0e63dd11-3dfb-40f2-9820-7fc9cc0b12bc,Front fork bearings H3,"42,021","100,000",1,0,0,1,"100,000",NOT_COVERED,APPLIED,GEN-F0100-001-F-NE,849,REPO_MAINTENANCE,Bekasi,Service Advisor Bekasi,B 4188 SVT,"500,097"
"Sep 25, 2025, 18:17",WO-144775415481785936,SPAREPART,e0402ad2-4c70-44c0-b2a2-8bccaf20ce7b,Steering rack assembly 6.42±0.04kg H3,"100,000","100,000",1,0,0,1,"100,000",NOT_COVERED,APPLIED,H3A-F0070-001-N-NE,845,REPO_MAINTENANCE,Bekasi,Service Advisor Bekasi,B 4188 SVT,"500,097"
"Sep 25, 2025, 17:56",WO-144761562366761492,SPAREPART,a8ecb0d4-1cf0-465a-99cc-7f4d7ead94aa,Side stand H3,"9,706","9,706",1,0,0,1,"9,706",NOT_COVERED,APPLIED,H3A-A0080-001-N-BL,831,STORING,Pondok Indah,Faris Abdurrahan,B 3884 PWG,"26,501"
"Sep 25, 2025, 17:42",WO-144771165041221200,SPAREPART,87eede8f-1064-4c4e-912d-9319aa96d5b0,Brake Pad H3 FR / RR H3,"26,000",0,2,0,0,2,0,NOT_COVERED,APPLIED,GEN-F0130-001-N-NE,"1,075",STORING,Pondok Indah,Eka Pitaloka,B 4732 SVP,"43,567"
"Sep 25, 2025, 17:18",WO-144756929288231444,SPAREPART,f0c0f9ad-2fe4-4201-9c03-abd9deb77f9d,Trumpet H5,"15,226",0,1,0,0,1,0,NOT_COVERED,APPLIED,H5A-E50100-001-N-NE,956,STORING,Pondok Indah,Eka Pitaloka,B 5325 SVL,"21,000"
"Sep 25, 2025, 17:10",WO-144637805266491924,SPAREPART,87eede8f-1064-4c4e-912d-9319aa96d5b0,Brake Pad H3 FR / RR H3,"26,000",0,1,0,0,1,0,NOT_COVERED,APPLIED,GEN-F0130-001-N-NE,"1,075",REPO_MAINTENANCE,Pondok Indah,Naufal Rabbani,B 4082 SVT,"45,322"
"Sep 25, 2025, 17:10",WO-144637805266491924,SPAREPART,a8ecb0d4-1cf0-465a-99cc-7f4d7ead94aa,Side stand H3,"9,706",0,1,0,0,1,0,NOT_COVERED,APPLIED,H3A-A0080-001-N-BL,831,REPO_MAINTENANCE,Pondok Indah,Naufal Rabbani,B 4082 SVT,"45,322"
"Sep 25, 2025, 17:02",WO-144649737457392148,SPAREPART,0e63dd11-3dfb-40f2-9820-7fc9cc0b12bc,Front fork bearings H3,"42,021",0,1,0,0,1,0,NOT_COVERED,APPLIED,GEN-F0100-001-F-NE,849,REPO_MAINTENANCE,Pondok Indah,Naufal Rabbani,B 4625 SVT,"45,422"
"Sep 25, 2025, 17:00",WO-144767362485213716,SPAREPART,79e0bbc0-0b87-4142-8e3f-0b3ccdc86641,Brake Pad Kit H5 -2-01 (Canvas Rem) H5,"28,500","28,500",1,0,0,1,"28,500",NOT_COVERED,APPLIED,GEN-F1140-001-R-NE,"1,759",INTERNAL_SERVICE,Pondok Indah,Nur Rokhim,B 4665 SWB,0
"Sep 25, 2025, 17:00",WO-144767362485213716,SPAREPART,8c0c2bf5-65cc-45ff-b87d-99526f96f6c5,Right decorative panel H1,"100,000","100,000",1,0,0,1,"100,000",NOT_COVERED,APPLIED,H1A-B1240-001-R-MA,"1,085",INTERNAL_SERVICE,Pondok Indah,Nur Rokhim,B 4665 SWB,0
"Sep 25, 2025, 17:00",WO-144767362485213716,SPAREPART,f9db15cf-46a4-481b-91b9-dd7b2aabff88,Middle right guard board H1,0,0,1,0,0,1,0,NOT_COVERED,APPLIED,H1A-B1440-001-N-NE,"1,083",INTERNAL_SERVICE,Pondok Indah,Nur Rokhim,B 4665 SWB,0
"Sep 25, 2025, 17:00",WO-144767362485213716,SPAREPART,f9379e14-cc76-4242-a231-de76b27e5ce6,Brake Shoe Rr - H1,"36,100","36,100",1,0,0,1,"36,100",NOT_COVERED,APPLIED,H1A-F1820-001-R-NE,"1,790",INTERNAL_SERVICE,Pondok Indah,Nur Rokhim,B 4665 SWB,0
"Sep 25, 2025, 17:00",WO-144767362485213716,SPAREPART,c76a02c7-5801-40a8-9e68-bd1b06171a75,Front right guard board H1,"38,410","38,410",1,0,0,1,"38,410",NOT_COVERED,APPLIED,H1A-B1080-001-R-MA,"1,081",INTERNAL_SERVICE,Pondok Indah,Nur Rokhim,B 4665 SWB,0
"Sep 25, 2025, 16:56",WO-144490961693596180,SPAREPART,dd2a8a8a-2754-4afb-a57e-cb1336bb234c,Front fender H5,"91,241","91,241",1,0,0,1,"91,241",NOT_COVERED,APPLIED,H5A-B0760-001-F-BL,883,INTERNAL_SERVICE,Pondok Indah,Aji Fadilah,B 5099 SVL,"53,911"
"Sep 25, 2025, 16:56",WO-144490961693596180,SPAREPART,79e0bbc0-0b87-4142-8e3f-0b3ccdc86641,Brake Pad Kit H5 -2-01 (Canvas Rem) H5,"28,500","28,500",1,0,0,1,"28,500",NOT_COVERED,APPLIED,GEN-F1140-001-R-NE,"1,759",INTERNAL_SERVICE,Pondok Indah,Aji Fadilah,B 5099 SVL,"53,911"
"Sep 25, 2025, 16:56",WO-144490961693596180,SPAREPART,569eaaf1-0e35-481b-b022-695873bb9958,Handle brake right H5,0,0,1,0,0,1,0,NOT_COVERED,APPLIED,H5A-F2420-001-N-NE,"1,763",INTERNAL_SERVICE,Pondok Indah,Aji Fadilah,B 5099 SVL,"53,911"
"Sep 25, 2025, 16:56",WO-144490961693596180,SPAREPART,fa116921-3f09-44e1-b709-86b1780d9253,Brake Pad Kit H5 -1-01 (Canvas Rem) H5,"39,500","39,500",1,0,0,1,"39,500",NOT_COVERED,APPLIED,GEN-F1130-001-F-NE,"1,758",INTERNAL_SERVICE,Pondok Indah,Aji Fadilah,B 5099 SVL,"53,911"
"Sep 25, 2025, 16:54",WO-144767229878099536,SPAREPART,ec86c430-e74c-451d-8d93-6d47384acc17,Tire 90/90-12 H3 (KENDA) H3,"100,000","100,000",1,0,0,1,"100,000",NOT_COVERED,APPLIED,GEN-F0500-001-N-MA,"1,741",REPO_MAINTENANCE,Bekasi,Service Advisor Bekasi,B 3916 PWF,"39,484"
"Sep 25, 2025, 16:54",WO-144767229878099536,SPAREPART,c52ca52a-85ef-43ad-8637-a9a65142da16,Rear disc brake disc H3,"26,519","80,000",1,0,0,1,"80,000",NOT_COVERED,APPLIED,GEN-F0190-001-R-NE,854,REPO_MAINTENANCE,Bekasi,Service Advisor Bekasi,B 3916 PWF,"39,484"
"Sep 25, 2025, 16:54",WO-144767229878099536,SPAREPART,87eede8f-1064-4c4e-912d-9319aa96d5b0,Brake Pad H3 FR / RR H3,"26,000",0,2,0,0,2,0,NOT_COVERED,APPLIED,GEN-F0130-001-N-NE,"1,075",REPO_MAINTENANCE,Bekasi,Service Advisor Bekasi,B 3916 PWF,"39,484"
"Sep 25, 2025, 16:52",WO-144649737457392148,SPAREPART,1ac25aee-ff64-497d-a915-e4617a1892ae,Bearing Nachi 6201 H3,"13,967",0,1,0,0,1,0,NOT_COVERED,APPLIED,GEN-F0060-001-F-NE,"1,735",REPO_MAINTENANCE,Pondok Indah,Naufal Rabbani,B 4625 SVT,"45,422"
"Sep 25, 2025, 16:52",WO-144752001467571792,SPAREPART,9b1e64e1-1f60-4503-9d4f-c6a6893deac0,Electric motor H3,"1,422,389",0,1,0,0,1,0,NOT_COVERED,APPLIED,H3A-E20010-001-N-MA,876,STORING,Pondok Indah,Service Advisor PI,B 4454 SVV,"23,768"
"Sep 25, 2025, 16:51",WO-144763274884308560,SPAREPART,87eede8f-1064-4c4e-912d-9319aa96d5b0,Brake Pad H3 FR / RR H3,"26,000",0,2,0,0,2,0,NOT_COVERED,APPLIED,GEN-F0130-001-N-NE,"1,075",WALK_IN_MAINTENANCE,Pondok Indah,Eka Pitaloka,B 4405 SWA,"5,831"
"Sep 25, 2025, 16:48",WO-144492756469832212,SPAREPART,87eede8f-1064-4c4e-912d-9319aa96d5b0,Brake Pad H3 FR / RR H3,"26,000","26,000",2,0,0,2,"52,000",NOT_COVERED,APPLIED,GEN-F0130-001-N-NE,"1,075",INTERNAL_SERVICE,Pondok Indah,Farel Wahyudyansyah,B 4363 SVT,"42,824"
"Sep 25, 2025, 16:47",WO-144492756469832212,SPAREPART,e690e2c0-63af-4657-8428-91e226c44d8b,Horn H3,"11,983","11,983",1,0,0,1,"11,983",NOT_COVERED,APPLIED,H3A-E60040-001-N-NE,872,INTERNAL_SERVICE,Pondok Indah,Farel Wahyudyansyah,B 4363 SVT,"42,824"
"Sep 25, 2025, 16:47",WO-144492756469832212,SPAREPART,c52ca52a-85ef-43ad-8637-a9a65142da16,Rear disc brake disc H3,"26,519","26,519",1,0,0,1,"26,519",NOT_COVERED,APPLIED,GEN-F0190-001-R-NE,854,INTERNAL_SERVICE,Pondok Indah,Farel Wahyudyansyah,B 4363 SVT,"42,824"
"Sep 25, 2025, 16:47",WO-144492756469832212,SPAREPART,0e63dd11-3dfb-40f2-9820-7fc9cc0b12bc,Front fork bearings H3,"42,021","42,021",1,0,0,1,"42,021",NOT_COVERED,APPLIED,GEN-F0100-001-F-NE,849,INTERNAL_SERVICE,Pondok Indah,Farel Wahyudyansyah,B 4363 SVT,"42,824"
"Sep 25, 2025, 16:38",WO-144649849747298836,SPAREPART,e8a03e11-4525-4103-881e-cebd198ed816,Right front shock absorber assembly H3,"100,000",0,1,0,0,1,0,NOT_COVERED,APPLIED,H3A-F0090-001-R-NE,847,REPO_MAINTENANCE,Pondok Indah,Naufal Rabbani,B 4570 SVP,"44,542"
"Sep 25, 2025, 16:38",WO-144649849747298836,SPAREPART,be36f980-8aa3-406f-8391-a3bbbd3d4e01,Left front shock absorber assembly 6.42±0.04kg H3,"100,000",0,1,0,0,1,0,NOT_COVERED,APPLIED,H3A-F0080-001-L-NE,846,REPO_MAINTENANCE,Pondok Indah,Naufal Rabbani,B 4570 SVP,"44,542"
"Sep 25, 2025, 16:35",WO-144649737457392148,SPAREPART,be36f980-8aa3-406f-8391-a3bbbd3d4e01,Left front shock absorber assembly 6.42±0.04kg H3,"100,000",0,1,0,0,1,0,NOT_COVERED,APPLIED,H3A-F0080-001-L-NE,846,REPO_MAINTENANCE,Pondok Indah,Naufal Rabbani,B 4625 SVT,"45,422"
"Sep 25, 2025, 16:35",WO-144649737457392148,SPAREPART,d625acb9-40c7-43a1-9f20-99489c41ef5f,Front disc brake disc H3,"56,580",0,1,0,0,1,0,NOT_COVERED,APPLIED,GEN-F0140-001-F-NE,853,REPO_MAINTENANCE,Pondok Indah,Naufal Rabbani,B 4625 SVT,"45,422"
"Sep 25, 2025, 16:35",WO-144649737457392148,SPAREPART,87eede8f-1064-4c4e-912d-9319aa96d5b0,Brake Pad H3 FR / RR H3,"26,000",0,2,0,0,2,0,NOT_COVERED,APPLIED,GEN-F0130-001-N-NE,"1,075",REPO_MAINTENANCE,Pondok Indah,Naufal Rabbani,B 4625 SVT,"45,422"
"Sep 25, 2025, 16:35",WO-144649737457392148,SPAREPART,c52ca52a-85ef-43ad-8637-a9a65142da16,Rear disc brake disc H3,"26,519",0,1,0,0,1,0,NOT_COVERED,APPLIED,GEN-F0190-001-R-NE,854,REPO_MAINTENANCE,Pondok Indah,Naufal Rabbani,B 4625 SVT,"45,422"
"Sep 25, 2025, 16:35",WO-144649737457392148,SPAREPART,ec86c430-e74c-451d-8d93-6d47384acc17,Tire 90/90-12 H3 (KENDA) H3,"100,000",0,2,0,0,2,0,NOT_COVERED,APPLIED,GEN-F0500-001-N-MA,"1,741",REPO_MAINTENANCE,Pondok Indah,Naufal Rabbani,B 4625 SVT,"45,422"
"Sep 25, 2025, 16:33",WO-144649849747298836,SPAREPART,0cc0087d-f14d-4d60-8390-d8cf4acb7d7b,Seat cushion for Indonesia H3,"100,000",0,1,0,0,1,0,NOT_COVERED,APPLIED,H3A-F0480-001-N-MA,813,REPO_MAINTENANCE,Pondok Indah,Naufal Rabbani,B 4570 SVP,"44,542"
"Sep 25, 2025, 16:33",WO-144649849747298836,SPAREPART,d625acb9-40c7-43a1-9f20-99489c41ef5f,Front disc brake disc H3,"56,580",0,1,0,0,1,0,NOT_COVERED,APPLIED,GEN-F0140-001-F-NE,853,REPO_MAINTENANCE,Pondok Indah,Naufal Rabbani,B 4570 SVP,"44,542"
"Sep 25, 2025, 16:33",WO-144649849747298836,SPAREPART,87eede8f-1064-4c4e-912d-9319aa96d5b0,Brake Pad H3 FR / RR H3,"26,000",0,2,0,0,2,0,NOT_COVERED,APPLIED,GEN-F0130-001-N-NE,"1,075",REPO_MAINTENANCE,Pondok Indah,Naufal Rabbani,B 4570 SVP,"44,542"
"Sep 25, 2025, 16:33",WO-144649849747298836,SPAREPART,ec86c430-e74c-451d-8d93-6d47384acc17,Tire 90/90-12 H3 (KENDA) H3,"100,000",0,1,0,0,1,0,NOT_COVERED,APPLIED,GEN-F0500-001-N-MA,"1,741",REPO_MAINTENANCE,Pondok Indah,Naufal Rabbani,B 4570 SVP,"44,542"
"Sep 25, 2025, 16:26",WO-144744489200671252,SPAREPART,87eede8f-1064-4c4e-912d-9319aa96d5b0,Brake Pad H3 FR / RR H3,"26,000",0,1,0,0,1,0,NOT_COVERED,APPLIED,GEN-F0130-001-N-NE,"1,075",REGULAR,Pondok Indah,Service Advisor PI,B 4386 SVT,"63,892"
"Sep 25, 2025, 16:26",WO-144744489200671252,SPAREPART,3cb2a551-8898-476b-a8a5-0a016d76e96b,The rear disc brake assembly has no logo H3,"100,000","100,000",1,0,0,1,"100,000",NOT_COVERED,APPLIED,H3A-F0220-001-R-NE,851,REGULAR,Pondok Indah,Service Advisor PI,B 4386 SVT,"63,892"
"Sep 25, 2025, 16:26",WO-144758913697339924,SPAREPART,18749550-126c-431c-a00c-fdd1bafa5068,Right handle bar H3,"16,813","16,813",1,0,0,1,"16,813",NOT_COVERED,APPLIED,H3A-B0300-001-R-MA,869,INTERNAL_SERVICE,Pondok Indah,Farel Wahyudyansyah,B 4528 SVR,"39,744"
"Sep 25, 2025, 16:21",WO-144637805266491924,SPAREPART,c52ca52a-85ef-43ad-8637-a9a65142da16,Rear disc brake disc H3,"26,519",0,1,0,0,1,0,NOT_COVERED,APPLIED,GEN-F0190-001-R-NE,854,REPO_MAINTENANCE,Pondok Indah,Naufal Rabbani,B 4082 SVT,"45,322"
"Sep 25, 2025, 16:21",WO-144637805266491924,SPAREPART,29ae4c69-46d5-4754-bf7e-f808ca55ebe7,Lock Set H3,"32,338",0,1,0,0,1,0,NOT_COVERED,APPLIED,H3A-E70050-001-N-NE,865,REPO_MAINTENANCE,Pondok Indah,Naufal Rabbani,B 4082 SVT,"45,322"
"Sep 25, 2025, 16:20",WO-144748173930289684,SPAREPART,79e0bbc0-0b87-4142-8e3f-0b3ccdc86641,Brake Pad Kit H5 -2-01 (Canvas Rem) H5,"28,500",0,1,0,0,1,0,NOT_COVERED,APPLIED,GEN-F1140-001-R-NE,"1,759",REGULAR,Pondok Indah,Naufal Rabbani,B 4126 SVO,"51,464"
"Sep 25, 2025, 16:18",WO-144745945815341588,SPAREPART,ec86c430-e74c-451d-8d93-6d47384acc17,Tire 90/90-12 H3 (KENDA) H3,"100,000",0,1,0,0,1,0,NOT_COVERED,APPLIED,GEN-F0500-001-N-MA,"1,741",REPO_MAINTENANCE,Pondok Indah,Naufal Rabbani,B 4481 SVP,"53,693"
"Sep 25, 2025, 16:18",WO-144745945815341588,SPAREPART,87eede8f-1064-4c4e-912d-9319aa96d5b0,Brake Pad H3 FR / RR H3,"26,000",0,2,0,0,2,0,NOT_COVERED,APPLIED,GEN-F0130-001-N-NE,"1,075",REPO_MAINTENANCE,Pondok Indah,Naufal Rabbani,B 4481 SVP,"53,693"
"Sep 25, 2025, 16:18",WO-144745945815341588,SPAREPART,b9d1544b-4822-4e87-8c8a-ad3eccb9bf75,Rear mirror H3,"26,000",0,1,0,0,1,0,NOT_COVERED,APPLIED,GEN-A0050-001-R-NE,859,REPO_MAINTENANCE,Pondok Indah,Naufal Rabbani,B 4481 SVP,"53,693"
"Sep 25, 2025, 16:17",WO-144500779502296656,SPAREPART,0e63dd11-3dfb-40f2-9820-7fc9cc0b12bc,Front fork bearings H3,"42,021",0,1,0,0,1,0,NOT_COVERED,APPLIED,GEN-F0100-001-F-NE,849,REPO_MAINTENANCE,Pondok Indah,Service Advisor PI,B 4633 SVP,"45,236"
"Sep 25, 2025, 16:17",WO-144500779502296656,SPAREPART,c52ca52a-85ef-43ad-8637-a9a65142da16,Rear disc brake disc H3,"26,519",0,1,0,0,1,0,NOT_COVERED,APPLIED,GEN-F0190-001-R-NE,854,REPO_MAINTENANCE,Pondok Indah,Service Advisor PI,B 4633 SVP,"45,236"
"Sep 25, 2025, 16:17",WO-144500779502296656,SPAREPART,ec86c430-e74c-451d-8d93-6d47384acc17,Tire 90/90-12 H3 (KENDA) H3,"100,000",0,1,0,0,1,0,NOT_COVERED,APPLIED,GEN-F0500-001-N-MA,"1,741",REPO_MAINTENANCE,Pondok Indah,Service Advisor PI,B 4633 SVP,"45,236"
"Sep 25, 2025, 16:08",WO-144759405051664916,SPAREPART,a1e28b04-f677-4714-8188-f032b8a4eb05,Bearing Nachi 6205 H5,"20,068",0,1,0,0,1,0,NOT_COVERED,APPLIED,GEN-F0250-002-N-NE,"1,756",WALK_IN_MAINTENANCE,Pondok Indah,Eka Pitaloka,B 4592 SVL,"58,682"
"Sep 25, 2025, 16:08",WO-144759405051664916,SPAREPART,0e63dd11-3dfb-40f2-9820-7fc9cc0b12bc,Front fork bearings H3,"42,021",0,1,0,0,1,0,NOT_COVERED,APPLIED,GEN-F0100-001-F-NE,849,WALK_IN_MAINTENANCE,Pondok Indah,Eka Pitaloka,B 4592 SVL,"58,682"
"Sep 25, 2025, 16:08",WO-144759405051664916,SPAREPART,fa116921-3f09-44e1-b709-86b1780d9253,Brake Pad Kit H5 -1-01 (Canvas Rem) H5,"39,500",0,1,0,0,1,0,NOT_COVERED,APPLIED,GEN-F1130-001-F-NE,"1,758",WALK_IN_MAINTENANCE,Pondok Indah,Eka Pitaloka,B 4592 SVL,"58,682"
"Sep 25, 2025, 16:08",WO-144759405051664916,SPAREPART,79e0bbc0-0b87-4142-8e3f-0b3ccdc86641,Brake Pad Kit H5 -2-01 (Canvas Rem) H5,"28,500",0,1,0,0,1,0,NOT_COVERED,APPLIED,GEN-F1140-001-R-NE,"1,759",WALK_IN_MAINTENANCE,Pondok Indah,Eka Pitaloka,B 4592 SVL,"58,682"
"Sep 25, 2025, 16:07",WO-144748190925609492,SPAREPART,87eede8f-1064-4c4e-912d-9319aa96d5b0,Brake Pad H3 FR / RR H3,"26,000","26,000",2,0,0,2,"52,000",NOT_COVERED,APPLIED,GEN-F0130-001-N-NE,"1,075",REGULAR,Bekasi,Affani,B 4589 SVP,0
"Sep 25, 2025, 16:06",WO-144762218808891924,SPAREPART,87eede8f-1064-4c4e-912d-9319aa96d5b0,Brake Pad H3 FR / RR H3,"26,000",0,2,0,0,2,0,PREVIOUS_SERVICE,APPLIED,GEN-F0130-001-N-NE,"1,075",REGULAR,Depok,rizki nuriman,B 4557 SVR,"55,178"
"Sep 25, 2025, 16:06",WO-144762218808891924,SPAREPART,6f887a0a-e2ae-4556-afe9-b554bb26559f,Headlight H3,"100,000",0,1,0,0,1,0,NEW_ONBOARDING,APPLIED,H3A-E60030-001-N-NE,821,REGULAR,Depok,rizki nuriman,B 4557 SVR,"55,178"
"Sep 25, 2025, 16:05",WO-144649949303299664,SPAREPART,ec86c430-e74c-451d-8d93-6d47384acc17,Tire 90/90-12 H3 (KENDA) H3,"100,000",0,1,0,0,1,0,NOT_COVERED,APPLIED,GEN-F0500-001-N-MA,"1,741",REPO_MAINTENANCE,Pondok Indah,Naufal Rabbani,B 3872 PWF,"54,567"
"Sep 25, 2025, 16:05",WO-144649949303299664,SPAREPART,87eede8f-1064-4c4e-912d-9319aa96d5b0,Brake Pad H3 FR / RR H3,"26,000",0,1,0,0,1,0,NOT_COVERED,APPLIED,GEN-F0130-001-N-NE,"1,075",REPO_MAINTENANCE,Pondok Indah,Naufal Rabbani,B 3872 PWF,"54,567"
"Sep 25, 2025, 16:01",WO-144629712138820116,SPAREPART,fa116921-3f09-44e1-b709-86b1780d9253,Brake Pad Kit H5 -1-01 (Canvas Rem) H5,"39,500","39,500",1,0,0,1,"39,500",NOT_COVERED,APPLIED,GEN-F1130-001-F-NE,"1,758",INTERNAL_SERVICE,Pondok Indah,Noval Labid,B 4094 SVO,"17,338"
"Sep 25, 2025, 16:01",WO-144757909832620564,SPAREPART,b9d1544b-4822-4e87-8c8a-ad3eccb9bf75,Rear mirror H3,"26,000","26,000",1,0,0,1,"26,000",NOT_COVERED,APPLIED,GEN-A0050-001-R-NE,859,INTERNAL_SERVICE,Bekasi,Affani,B 3482 PWE,"39,789"
"Sep 25, 2025, 16:01",WO-144757909832620564,SPAREPART,d09f6b27-05e3-429e-8d59-5978689af06f,USB charging port H3,"12,627","12,627",1,0,0,1,"12,627",NOT_COVERED,APPLIED,H3A-E40010-001-N-NE,871,INTERNAL_SERVICE,Bekasi,Affani,B 3482 PWE,"39,789"
"Sep 25, 2025, 16:00",WO-144736713850247700,SPAREPART,5075f880-8de8-488e-9bca-4db3d05c3583,Brake pad Front H1 - Fr H1,"26,000",0,1,0,0,1,0,NOT_COVERED,APPLIED,GEN-F1280-001-N-NE,"1,789",REGULAR,Pondok Indah,Service Advisor PI,B 4867 SWD,"2,083"
"Sep 25, 2025, 15:58",WO-144660766060994128,SPAREPART,ec86c430-e74c-451d-8d93-6d47384acc17,Tire 90/90-12 H3 (KENDA) H3,"100,000",0,2,0,0,2,0,NOT_COVERED,APPLIED,GEN-F0500-001-N-MA,"1,741",REPO_MAINTENANCE,Pondok Indah,Naufal Rabbani,B 3669 PWE,"54,567"
"Sep 25, 2025, 15:58",WO-144660766060994128,SPAREPART,87eede8f-1064-4c4e-912d-9319aa96d5b0,Brake Pad H3 FR / RR H3,"26,000",0,2,0,0,2,0,NOT_COVERED,APPLIED,GEN-F0130-001-N-NE,"1,075",REPO_MAINTENANCE,Pondok Indah,Naufal Rabbani,B 3669 PWE,"54,567"
"Sep 25, 2025, 15:58",WO-144660766060994128,SPAREPART,24f4995a-befd-4ad6-a490-c6318261742f,Cover Plat Nomer H3,"18,500",0,1,0,0,1,0,NOT_COVERED,APPLIED,GEN-A0140-001-N-MA,"1,738",REPO_MAINTENANCE,Pondok Indah,Naufal Rabbani,B 3669 PWE,"54,567"
"Sep 25, 2025, 15:57",WO-144758913697339924,SPAREPART,2569e437-7b36-4f73-be13-5a26bfa8ba4a,Speed control central controller H3,"85,238","85,238",1,0,0,1,"85,238",NOT_COVERED,APPLIED,H3A-E80030-001-N-BL,870,INTERNAL_SERVICE,Pondok Indah,Farel Wahyudyansyah,B 4528 SVR,"39,744"
"Sep 25, 2025, 15:57",WO-144758913697339924,SPAREPART,87eede8f-1064-4c4e-912d-9319aa96d5b0,Brake Pad H3 FR / RR H3,"26,000","26,000",2,0,0,2,"52,000",NOT_COVERED,APPLIED,GEN-F0130-001-N-NE,"1,075",INTERNAL_SERVICE,Pondok Indah,Farel Wahyudyansyah,B 4528 SVR,"39,744"
"Sep 25, 2025, 15:53",WO-144760529880112720,SPAREPART,6f887a0a-e2ae-4556-afe9-b554bb26559f,Headlight H3,"100,000",0,1,0,0,1,0,NOT_COVERED,APPLIED,H3A-E60030-001-N-NE,821,WALK_IN_MAINTENANCE,Pondok Indah,Eka Pitaloka,B 4711 SVT,"56,452"
"Sep 25, 2025, 15:53",WO-144760529880112720,SPAREPART,87eede8f-1064-4c4e-912d-9319aa96d5b0,Brake Pad H3 FR / RR H3,"26,000",0,2,0,0,2,0,NOT_COVERED,APPLIED,GEN-F0130-001-N-NE,"1,075",WALK_IN_MAINTENANCE,Pondok Indah,Eka Pitaloka,B 4711 SVT,"56,452"
"Sep 25, 2025, 15:52",WO-144745568831299152,SPAREPART,e0402ad2-4c70-44c0-b2a2-8bccaf20ce7b,Steering rack assembly 6.42±0.04kg H3,"100,000","100,000",1,0,0,1,"100,000",NOT_COVERED,APPLIED,H3A-F0070-001-N-NE,845,WALK_IN_MAINTENANCE,Bekasi,Service Advisor Bekasi,B 4329 SVT,"51,282"
"Sep 25, 2025, 15:52",WO-144745568831299152,SPAREPART,0e63dd11-3dfb-40f2-9820-7fc9cc0b12bc,Front fork bearings H3,"42,021","100,000",1,0,0,1,"100,000",NOT_COVERED,APPLIED,GEN-F0100-001-F-NE,849,WALK_IN_MAINTENANCE,Bekasi,Service Advisor Bekasi,B 4329 SVT,"51,282"
"Sep 25, 2025, 15:51",WO-144760689012005396,SPAREPART,6f887a0a-e2ae-4556-afe9-b554bb26559f,Headlight H3,"100,000",0,1,0,0,1,0,NEW_ONBOARDING,APPLIED,H3A-E60030-001-N-NE,821,REGULAR,Depok,rizki nuriman,B 4279 SVP,"36,607"
"Sep 25, 2025, 15:48",WO-144755962299833936,SPAREPART,37dc324d-ba63-404f-b663-747c4a4566a1,disc Brake H5,"70,000",0,1,0,0,1,0,NOT_COVERED,APPLIED,GEN-F1120-001-R-NE,"1,761",REPO_MAINTENANCE,Kembangan,Irawan,B 4662 SVN,"35,217"
"Sep 25, 2025, 15:48",WO-144755962299833936,SPAREPART,fa116921-3f09-44e1-b709-86b1780d9253,Brake Pad Kit H5 -1-01 (Canvas Rem) H5,"39,500",0,1,0,0,1,0,NOT_COVERED,APPLIED,GEN-F1130-001-F-NE,"1,758",REPO_MAINTENANCE,Kembangan,Irawan,B 4662 SVN,"35,217"
"Sep 25, 2025, 15:48",WO-144755962299833936,SPAREPART,79e0bbc0-0b87-4142-8e3f-0b3ccdc86641,Brake Pad Kit H5 -2-01 (Canvas Rem) H5,"28,500",0,1,0,0,1,0,NOT_COVERED,APPLIED,GEN-F1140-001-R-NE,"1,759",REPO_MAINTENANCE,Kembangan,Irawan,B 4662 SVN,"35,217"
"Sep 25, 2025, 15:42",WO-144759638791839312,SPAREPART,87eede8f-1064-4c4e-912d-9319aa96d5b0,Brake Pad H3 FR / RR H3,"26,000",0,2,0,0,2,0,PREVIOUS_SERVICE,APPLIED,GEN-F0130-001-N-NE,"1,075",REGULAR,Depok,rizki nuriman,B 4626 SVP,"38,077"
"Sep 25, 2025, 15:40",WO-144757849149430292,SPAREPART,87eede8f-1064-4c4e-912d-9319aa96d5b0,Brake Pad H3 FR / RR H3,"26,000",0,2,0,0,2,0,PREVIOUS_SERVICE,APPLIED,GEN-F0130-001-N-NE,"1,075",REGULAR,Depok,rizki nuriman,B 4232 SVT,"60,061"
"Sep 25, 2025, 15:35",WO-144759335023566416,SPAREPART,87eede8f-1064-4c4e-912d-9319aa96d5b0,Brake Pad H3 FR / RR H3,"26,000",0,2,0,0,2,0,PREVIOUS_SERVICE,APPLIED,GEN-F0130-001-N-NE,"1,075",REGULAR,Depok,rizki nuriman,B 3464 PWE,"7,689"
"Sep 25, 2025, 15:28",WO-144758597530705488,SPAREPART,87eede8f-1064-4c4e-912d-9319aa96d5b0,Brake Pad H3 FR / RR H3,"26,000",0,2,0,0,2,0,PREVIOUS_SERVICE,APPLIED,GEN-F0130-001-N-NE,"1,075",REGULAR,Depok,rizki nuriman,B 4156 SWB,"2,987"
"Sep 25, 2025, 15:24",WO-144758077269237328,SPAREPART,87eede8f-1064-4c4e-912d-9319aa96d5b0,Brake Pad H3 FR / RR H3,"26,000",0,2,0,0,2,0,PREVIOUS_SERVICE,APPLIED,GEN-F0130-001-N-NE,"1,075",REGULAR,Depok,rizki nuriman,B 4080 SVO,"6,789"
"Sep 25, 2025, 15:24",WO-144758077269237328,SPAREPART,78dbc5c8-3366-4e63-846e-172f3415433f,USB charging interface H5,"74,359",0,1,0,0,1,0,PREVIOUS_SERVICE,APPLIED,H5A-E40030-001-N-NE,988,REGULAR,Depok,rizki nuriman,B 4080 SVO,"6,789"
"Sep 25, 2025, 15:23",WO-144747132182617680,SPAREPART,79e0bbc0-0b87-4142-8e3f-0b3ccdc86641,Brake Pad Kit H5 -2-01 (Canvas Rem) H5,"28,500",0,1,0,0,1,0,NOT_COVERED,APPLIED,GEN-F1140-001-R-NE,"1,759",WALK_IN_MAINTENANCE,Pondok Indah,Eka Pitaloka,B 4885 SVN,"73,369"
"Sep 25, 2025, 15:23",WO-144747132182617680,SPAREPART,fa116921-3f09-44e1-b709-86b1780d9253,Brake Pad Kit H5 -1-01 (Canvas Rem) H5,"39,500",0,1,0,0,1,0,NOT_COVERED,APPLIED,GEN-F1130-001-F-NE,"1,758",WALK_IN_MAINTENANCE,Pondok Indah,Eka Pitaloka,B 4885 SVN,"73,369"
"Sep 25, 2025, 15:18",WO-144757584623066704,SPAREPART,87eede8f-1064-4c4e-912d-9319aa96d5b0,Brake Pad H3 FR / RR H3,"26,000",0,2,0,0,2,0,NOT_COVERED,APPLIED,GEN-F0130-001-N-NE,"1,075",REPO_MAINTENANCE,Bekasi,Service Advisor Bekasi,B 3857 PWF,"279,226"
"Sep 25, 2025, 15:18",WO-144757584623066704,SPAREPART,ec86c430-e74c-451d-8d93-6d47384acc17,Tire 90/90-12 H3 (KENDA) H3,"100,000","100,000",1,0,0,1,"100,000",NOT_COVERED,APPLIED,GEN-F0500-001-N-MA,"1,741",REPO_MAINTENANCE,Bekasi,Service Advisor Bekasi,B 3857 PWF,"279,226"
"Sep 25, 2025, 15:18",WO-144757537210653204,SPAREPART,fa116921-3f09-44e1-b709-86b1780d9253,Brake Pad Kit H5 -1-01 (Canvas Rem) H5,"39,500",0,1,0,0,1,0,PREVIOUS_SERVICE,APPLIED,GEN-F1130-001-F-NE,"1,758",WALK_IN_MAINTENANCE,Depok,rizki nuriman,B 5347 SVL,"9,857"
"Sep 25, 2025, 15:18",WO-144757537210653204,SPAREPART,79e0bbc0-0b87-4142-8e3f-0b3ccdc86641,Brake Pad Kit H5 -2-01 (Canvas Rem) H5,"28,500",0,1,0,0,1,0,PREVIOUS_SERVICE,APPLIED,GEN-F1140-001-R-NE,"1,759",WALK_IN_MAINTENANCE,Depok,rizki nuriman,B 5347 SVL,"9,857"
"Sep 25, 2025, 15:17",WO-144630838309445200,SPAREPART,87eede8f-1064-4c4e-912d-9319aa96d5b0,Brake Pad H3 FR / RR H3,"26,000",0,1,0,0,1,0,NOT_COVERED,APPLIED,GEN-F0130-001-N-NE,"1,075",WALK_IN_MAINTENANCE,Pondok Indah,Naufal Rabbani,B 4552 SVR,"28,076"
"Sep 25, 2025, 15:17",WO-144630838309445200,SPAREPART,ec86c430-e74c-451d-8d93-6d47384acc17,Tire 90/90-12 H3 (KENDA) H3,"100,000",0,1,0,0,1,0,NOT_COVERED,APPLIED,GEN-F0500-001-N-MA,"1,741",WALK_IN_MAINTENANCE,Pondok Indah,Naufal Rabbani,B 4552 SVR,"28,076"
"Sep 25, 2025, 15:15",WO-144757060335065620,SPAREPART,87eede8f-1064-4c4e-912d-9319aa96d5b0,Brake Pad H3 FR / RR H3,"26,000",0,2,0,0,2,0,PREVIOUS_SERVICE,APPLIED,GEN-F0130-001-N-NE,"1,075",REGULAR,Depok,rizki nuriman,B 3840 PWG,"6,789"
"Sep 25, 2025, 15:08",WO-144756532909727312,SPAREPART,87eede8f-1064-4c4e-912d-9319aa96d5b0,Brake Pad H3 FR / RR H3,"26,000",0,2,0,0,2,0,PREVIOUS_SERVICE,APPLIED,GEN-F0130-001-N-NE,"1,075",REGULAR,Depok,rizki nuriman,B 4535 SVR,"48,547"
"Sep 25, 2025, 15:04",WO-144320283283577364,SPAREPART,fa116921-3f09-44e1-b709-86b1780d9253,Brake Pad Kit H5 -1-01 (Canvas Rem) H5,"39,500",0,1,0,0,1,0,NOT_COVERED,APPLIED,GEN-F1130-001-F-NE,"1,758",REGULAR,Pondok Indah,Service Advisor PI,B 4132 SVO,"47,424"
"Sep 25, 2025, 15:04",WO-144320283283577364,SPAREPART,79e0bbc0-0b87-4142-8e3f-0b3ccdc86641,Brake Pad Kit H5 -2-01 (Canvas Rem) H5,"28,500",0,1,0,0,1,0,NOT_COVERED,APPLIED,GEN-F1140-001-R-NE,"1,759",REGULAR,Pondok Indah,Service Advisor PI,B 4132 SVO,"47,424"
"Sep 25, 2025, 15:01",WO-144603390213642772,SPAREPART,87eede8f-1064-4c4e-912d-9319aa96d5b0,Brake Pad H3 FR / RR H3,"26,000",0,1,0,0,1,0,NOT_COVERED,APPLIED,GEN-F0130-001-N-NE,"1,075",STORING,Pondok Indah,Naufal Rabbani,B 4293 SVP,"54,338"
"Sep 25, 2025, 14:58",WO-144755607210057296,SPAREPART,87eede8f-1064-4c4e-912d-9319aa96d5b0,Brake Pad H3 FR / RR H3,"26,000",0,2,0,0,2,0,PREVIOUS_SERVICE,APPLIED,GEN-F0130-001-N-NE,"1,075",REGULAR,Depok,rizki nuriman,B 4279 SVT,"27,568"
"Sep 25, 2025, 14:54",WO-144754200826370580,SPAREPART,1ac25aee-ff64-497d-a915-e4617a1892ae,Bearing Nachi 6201 H3,"13,967",0,1,0,0,1,0,NOT_COVERED,APPLIED,GEN-F0060-001-F-NE,"1,735",REGULAR,Kembangan,Irawan,B 4222 SWA,"16,457"
"Sep 25, 2025, 14:52",WO-144574780463406672,SPAREPART,87eede8f-1064-4c4e-912d-9319aa96d5b0,Brake Pad H3 FR / RR H3,"26,000",0,2,0,0,2,0,NEW_ONBOARDING,APPLIED,GEN-F0130-001-N-NE,"1,075",STORING,Pondok Indah,Eka Pitaloka,B 4774 SVP,"4,774"
"Sep 25, 2025, 14:52",WO-144660998744202832,SPAREPART,a8261683-77ce-4c3a-969e-8c7de608fd1b,Flasher H3,"7,912",0,1,0,0,1,0,NOT_COVERED,APPLIED,H3A-E50010-001-N-NE,874,REPO_MAINTENANCE,Pondok Indah,Naufal Rabbani,B 4591 SVP,"34,456"
"Sep 25, 2025, 14:52",WO-144660998744202832,SPAREPART,87eede8f-1064-4c4e-912d-9319aa96d5b0,Brake Pad H3 FR / RR H3,"26,000",0,2,0,0,2,0,NOT_COVERED,APPLIED,GEN-F0130-001-N-NE,"1,075",REPO_MAINTENANCE,Pondok Indah,Naufal Rabbani,B 4591 SVP,"34,456"
"Sep 25, 2025, 14:52",WO-144660687560400464,SPAREPART,87eede8f-1064-4c4e-912d-9319aa96d5b0,Brake Pad H3 FR / RR H3,"26,000",0,2,0,0,2,0,NOT_COVERED,APPLIED,GEN-F0130-001-N-NE,"1,075",REPO_MAINTENANCE,Pondok Indah,Naufal Rabbani,B 4206 SVT,"43,456"
"Sep 25, 2025, 14:51",WO-144754640087440976,SPAREPART,999f14b8-db39-41e5-a31a-b5e0b7e8d909,Tires (far star) H5,"100,000","100,000",1,0,0,1,"100,000",NOT_COVERED,APPLIED,GEN-F1090-001-N-NE,982,INTERNAL_SERVICE,Depok,rizki nuriman,B 4683 SVN,"9,872"
"Sep 25, 2025, 14:51",WO-144754640087440976,SPAREPART,fa116921-3f09-44e1-b709-86b1780d9253,Brake Pad Kit H5 -1-01 (Canvas Rem) H5,"39,500","39,500",1,0,0,1,"39,500",NOT_COVERED,APPLIED,GEN-F1130-001-F-NE,"1,758",INTERNAL_SERVICE,Depok,rizki nuriman,B 4683 SVN,"9,872"
"Sep 25, 2025, 14:51",WO-144754640087440976,SPAREPART,79e0bbc0-0b87-4142-8e3f-0b3ccdc86641,Brake Pad Kit H5 -2-01 (Canvas Rem) H5,"28,500","28,500",1,0,0,1,"28,500",NOT_COVERED,APPLIED,GEN-F1140-001-R-NE,"1,759",INTERNAL_SERVICE,Depok,rizki nuriman,B 4683 SVN,"9,872"
"Sep 25, 2025, 14:49",WO-144735584475176528,SPAREPART,87eede8f-1064-4c4e-912d-9319aa96d5b0,Brake Pad H3 FR / RR H3,"26,000",0,2,0,0,2,0,NOT_COVERED,APPLIED,GEN-F0130-001-N-NE,"1,075",WALK_IN_MAINTENANCE,Pondok Indah,Eka Pitaloka,B 3987 PWF,"22,417"
"Sep 25, 2025, 14:42",WO-144752197274459728,SPAREPART,ed2d7066-5b3b-40b2-af5d-da543675359a,Lubricant (REXCO 50) H3,"37,752",0,1,0,0,1,0,NOT_COVERED,APPLIED,GEN-K0080-001-N-NE,"1,747",WALK_IN_MAINTENANCE,Pondok Indah,Eka Pitaloka,B 3749 PWE,"44,838"
"Sep 25, 2025, 14:42",WO-144752197274459728,SPAREPART,87eede8f-1064-4c4e-912d-9319aa96d5b0,Brake Pad H3 FR / RR H3,"26,000",0,1,0,0,1,0,NOT_COVERED,APPLIED,GEN-F0130-001-N-NE,"1,075",WALK_IN_MAINTENANCE,Pondok Indah,Eka Pitaloka,B 3749 PWE,"44,838"
"Sep 25, 2025, 14:40",WO-144753792687038032,SPAREPART,87eede8f-1064-4c4e-912d-9319aa96d5b0,Brake Pad H3 FR / RR H3,"26,000","26,000",2,0,0,2,"52,000",NOT_COVERED,APPLIED,GEN-F0130-001-N-NE,"1,075",INTERNAL_SERVICE,Depok,rizki nuriman,B 4487 SWA,"98,767"
"Sep 25, 2025, 14:37",WO-144636631079475732,SPAREPART,ec86c430-e74c-451d-8d93-6d47384acc17,Tire 90/90-12 H3 (KENDA) H3,"100,000",0,1,0,0,1,0,NEW_ONBOARDING,APPLIED,GEN-F0500-001-N-MA,"1,741",REPO_MAINTENANCE,Pondok Indah,Nur Rokhim,B 4377 SVT,"54,256"
"Sep 25, 2025, 14:37",WO-144636631079475732,SPAREPART,87eede8f-1064-4c4e-912d-9319aa96d5b0,Brake Pad H3 FR / RR H3,"26,000",0,2,0,0,2,0,NEW_ONBOARDING,APPLIED,GEN-F0130-001-N-NE,"1,075",REPO_MAINTENANCE,Pondok Indah,Nur Rokhim,B 4377 SVT,"54,256"
"Sep 25, 2025, 14:37",WO-144636631079475732,SPAREPART,be36f980-8aa3-406f-8391-a3bbbd3d4e01,Left front shock absorber assembly 6.42±0.04kg H3,"100,000",0,1,0,0,1,0,NEW_ONBOARDING,APPLIED,H3A-F0080-001-L-NE,846,REPO_MAINTENANCE,Pondok Indah,Nur Rokhim,B 4377 SVT,"54,256"
"Sep 25, 2025, 14:37",WO-144636631079475732,SPAREPART,e8a03e11-4525-4103-881e-cebd198ed816,Right front shock absorber assembly H3,"100,000",0,1,0,0,1,0,NEW_ONBOARDING,APPLIED,H3A-F0090-001-R-NE,847,REPO_MAINTENANCE,Pondok Indah,Nur Rokhim,B 4377 SVT,"54,256"
"Sep 25, 2025, 14:37",WO-144636631079475732,SPAREPART,c52ca52a-85ef-43ad-8637-a9a65142da16,Rear disc brake disc H3,"26,519",0,1,0,0,1,0,NEW_ONBOARDING,APPLIED,GEN-F0190-001-R-NE,854,REPO_MAINTENANCE,Pondok Indah,Nur Rokhim,B 4377 SVT,"54,256"
"Sep 25, 2025, 14:28",WO-144736636389841428,SPAREPART,ec86c430-e74c-451d-8d93-6d47384acc17,Tire 90/90-12 H3 (KENDA) H3,"100,000","100,000",1,0,0,1,"100,000",NOT_COVERED,APPLIED,GEN-F0500-001-N-MA,"1,741",WALK_IN_MAINTENANCE,Pondok Indah,Eka Pitaloka,B 4191 SVO,"34,932"
"Sep 25, 2025, 14:28",WO-144736636389841428,SPAREPART,24f4995a-befd-4ad6-a490-c6318261742f,Cover Plat Nomer H3,"18,500",0,1,0,0,1,0,NOT_COVERED,APPLIED,GEN-A0140-001-N-MA,"1,738",WALK_IN_MAINTENANCE,Pondok Indah,Eka Pitaloka,B 4191 SVO,"34,932"
"Sep 25, 2025, 14:25",WO-144574780463406672,SPAREPART,ec86c430-e74c-451d-8d93-6d47384acc17,Tire 90/90-12 H3 (KENDA) H3,"100,000","100,000",1,0,0,1,"100,000",NOT_COVERED,APPLIED,GEN-F0500-001-N-MA,"1,741",STORING,Pondok Indah,Eka Pitaloka,B 4774 SVP,"4,774"
"Sep 25, 2025, 14:25",WO-144574780463406672,SPAREPART,3cb2a551-8898-476b-a8a5-0a016d76e96b,The rear disc brake assembly has no logo H3,"100,000","80,000",1,0,0,1,"80,000",NOT_COVERED,APPLIED,H3A-F0220-001-R-NE,851,STORING,Pondok Indah,Eka Pitaloka,B 4774 SVP,"4,774"
"Sep 25, 2025, 14:24",WO-144752143637699092,SPAREPART,87eede8f-1064-4c4e-912d-9319aa96d5b0,Brake Pad H3 FR / RR H3,"26,000",0,2,0,0,2,0,NOT_COVERED,APPLIED,GEN-F0130-001-N-NE,"1,075",REGULAR,Bekasi,Service Advisor Bekasi,B 3843 PWF,"320,595"
"Sep 25, 2025, 14:24",WO-144752143637699092,SPAREPART,ec86c430-e74c-451d-8d93-6d47384acc17,Tire 90/90-12 H3 (KENDA) H3,"100,000",0,1,0,0,1,0,NEW_ONBOARDING,APPLIED,GEN-F0500-001-N-MA,"1,741",REGULAR,Bekasi,Service Advisor Bekasi,B 3843 PWF,"320,595"
"Sep 25, 2025, 14:23",WO-144353315390511636,SPAREPART,fa116921-3f09-44e1-b709-86b1780d9253,Brake Pad Kit H5 -1-01 (Canvas Rem) H5,"39,500",0,1,0,0,1,0,NOT_COVERED,APPLIED,GEN-F1130-001-F-NE,"1,758",REPO_MAINTENANCE,Pondok Indah,Service Advisor PI,B 5047 SVL,"54,364"
"Sep 25, 2025, 14:23",WO-144353315390511636,SPAREPART,37dc324d-ba63-404f-b663-747c4a4566a1,disc Brake H5,"70,000",0,2,0,0,2,0,NOT_COVERED,APPLIED,GEN-F1120-001-R-NE,"1,761",REPO_MAINTENANCE,Pondok Indah,Service Advisor PI,B 5047 SVL,"54,364"
"Sep 25, 2025, 14:23",WO-144353315390511636,SPAREPART,79e0bbc0-0b87-4142-8e3f-0b3ccdc86641,Brake Pad Kit H5 -2-01 (Canvas Rem) H5,"28,500",0,1,0,0,1,0,NOT_COVERED,APPLIED,GEN-F1140-001-R-NE,"1,759",REPO_MAINTENANCE,Pondok Indah,Service Advisor PI,B 5047 SVL,"54,364"
"Sep 25, 2025, 14:14",WO-144745062612359700,SPAREPART,87eede8f-1064-4c4e-912d-9319aa96d5b0,Brake Pad H3 FR / RR H3,"26,000",0,2,0,0,2,0,NOT_COVERED,APPLIED,GEN-F0130-001-N-NE,"1,075",WALK_IN_MAINTENANCE,Pondok Indah,Eka Pitaloka,B 4559 SVR,"44,734"
"Sep 25, 2025, 14:12",WO-144750945224382996,SPAREPART,87eede8f-1064-4c4e-912d-9319aa96d5b0,Brake Pad H3 FR / RR H3,"26,000","26,000",2,0,0,2,"52,000",NOT_COVERED,APPLIED,GEN-F0130-001-N-NE,"1,075",WALK_IN_MAINTENANCE,Bekasi,Affani,B 4631 SVT,"457,384"
"Sep 25, 2025, 14:10",WO-144603729784495696,SPAREPART,87eede8f-1064-4c4e-912d-9319aa96d5b0,Brake Pad H3 FR / RR H3,"26,000",0,2,0,0,2,0,NOT_COVERED,APPLIED,GEN-F0130-001-N-NE,"1,075",REPO_MAINTENANCE,Pondok Indah,Service Advisor PI,B 4154 SWA,"36,599"
"Sep 25, 2025, 14:10",WO-144603729784495696,SPAREPART,29ae4c69-46d5-4754-bf7e-f808ca55ebe7,Lock Set H3,"32,338",0,1,0,0,1,0,NOT_COVERED,APPLIED,H3A-E70050-001-N-NE,865,REPO_MAINTENANCE,Pondok Indah,Service Advisor PI,B 4154 SWA,"36,599"
"Sep 25, 2025, 14:10",WO-144603729784495696,SPAREPART,c52ca52a-85ef-43ad-8637-a9a65142da16,Rear disc brake disc H3,"26,519",0,1,0,0,1,0,NOT_COVERED,APPLIED,GEN-F0190-001-R-NE,854,REPO_MAINTENANCE,Pondok Indah,Service Advisor PI,B 4154 SWA,"36,599"
"Sep 25, 2025, 14:05",WO-144750221488839188,SPAREPART,87eede8f-1064-4c4e-912d-9319aa96d5b0,Brake Pad H3 FR / RR H3,"26,000",0,2,0,0,2,0,NOT_COVERED,APPLIED,GEN-F0130-001-N-NE,"1,075",REGULAR,Bekasi,Service Advisor Bekasi,B 4397 SWA,"209,577"
"Sep 25, 2025, 14:05",WO-144750221488839188,SPAREPART,ec86c430-e74c-451d-8d93-6d47384acc17,Tire 90/90-12 H3 (KENDA) H3,"100,000","100,000",1,0,0,1,"100,000",NOT_COVERED,APPLIED,GEN-F0500-001-N-MA,"1,741",REGULAR,Bekasi,Service Advisor Bekasi,B 4397 SWA,"209,577"
"Sep 25, 2025, 14:02",WO-144494961918761492,SPAREPART,fa116921-3f09-44e1-b709-86b1780d9253,Brake Pad Kit H5 -1-01 (Canvas Rem) H5,"39,500",0,1,0,0,1,0,NOT_COVERED,APPLIED,GEN-F1130-001-F-NE,"1,758",REPO_MAINTENANCE,Pondok Indah,Service Advisor PI,B 4117 SVO,"23,467"
"Sep 25, 2025, 14:02",WO-144494961918761492,SPAREPART,a1e28b04-f677-4714-8188-f032b8a4eb05,Bearing Nachi 6205 H5,"20,068",0,1,0,0,1,0,NOT_COVERED,APPLIED,GEN-F0250-002-N-NE,"1,756",REPO_MAINTENANCE,Pondok Indah,Service Advisor PI,B 4117 SVO,"23,467"
"Sep 25, 2025, 14:02",WO-144494961918761492,SPAREPART,79e0bbc0-0b87-4142-8e3f-0b3ccdc86641,Brake Pad Kit H5 -2-01 (Canvas Rem) H5,"28,500",0,1,0,0,1,0,NOT_COVERED,APPLIED,GEN-F1140-001-R-NE,"1,759",REPO_MAINTENANCE,Pondok Indah,Service Advisor PI,B 4117 SVO,"23,467"
"Sep 25, 2025, 14:02",WO-144494961918761492,SPAREPART,64cde6f9-4cf9-4026-88c7-51d71c6d8351,Capricorn five switches (Headlight always on) H5,"24,173",0,1,0,0,1,0,NOT_COVERED,APPLIED,H5A-E60170-001-N-NE,951,REPO_MAINTENANCE,Pondok Indah,Service Advisor PI,B 4117 SVO,"23,467"
"Sep 25, 2025, 14:00",WO-144708867933100564,SPAREPART,9ae448db-156e-4e8b-8980-6f520521c921,Speed control handle cable H3,"16,169",0,1,0,0,1,0,NOT_COVERED,APPLIED,H3A-E70090-001-N-BL,857,STORING,Pondok Indah,Naufal Rabbani,B 4768 SVP,"4,768"
"Sep 25, 2025, 13:51",WO-144748891995134484,SPAREPART,87eede8f-1064-4c4e-912d-9319aa96d5b0,Brake Pad H3 FR / RR H3,"26,000",0,2,0,0,2,0,NOT_COVERED,APPLIED,GEN-F0130-001-N-NE,"1,075",REGULAR,Bekasi,Service Advisor Bekasi,B 4859 SVS,"191,854"
"Sep 25, 2025, 13:51",WO-144657541798846032,SPAREPART,c52ca52a-85ef-43ad-8637-a9a65142da16,Rear disc brake disc H3,"26,519",0,1,0,0,1,0,NOT_COVERED,APPLIED,GEN-F0190-001-R-NE,854,REPO_MAINTENANCE,Pondok Indah,Naufal Rabbani,B 4313 SVT,"32,155"
"Sep 25, 2025, 13:51",WO-144657541798846032,SPAREPART,ec86c430-e74c-451d-8d93-6d47384acc17,Tire 90/90-12 H3 (KENDA) H3,"100,000",0,1,0,0,1,0,NOT_COVERED,APPLIED,GEN-F0500-001-N-MA,"1,741",REPO_MAINTENANCE,Pondok Indah,Naufal Rabbani,B 4313 SVT,"32,155"
"Sep 25, 2025, 13:51",WO-144657541798846032,SPAREPART,6f887a0a-e2ae-4556-afe9-b554bb26559f,Headlight H3,"100,000",0,1,0,0,1,0,NOT_COVERED,APPLIED,H3A-E60030-001-N-NE,821,REPO_MAINTENANCE,Pondok Indah,Naufal Rabbani,B 4313 SVT,"32,155"
"Sep 25, 2025, 13:51",WO-144657541798846032,SPAREPART,87eede8f-1064-4c4e-912d-9319aa96d5b0,Brake Pad H3 FR / RR H3,"26,000",0,2,0,0,2,0,NOT_COVERED,APPLIED,GEN-F0130-001-N-NE,"1,075",REPO_MAINTENANCE,Pondok Indah,Naufal Rabbani,B 4313 SVT,"32,155"
"Sep 25, 2025, 13:50",WO-144731079624908368,SPAREPART,a8ecb0d4-1cf0-465a-99cc-7f4d7ead94aa,Side stand H3,"9,706",0,1,0,0,1,0,NOT_COVERED,APPLIED,H3A-A0080-001-N-BL,831,REGULAR,Pondok Indah,Service Advisor PI,B 4112 SVV,"31,502"
"Sep 25, 2025, 13:49",WO-144627310765562388,SPAREPART,87eede8f-1064-4c4e-912d-9319aa96d5b0,Brake Pad H3 FR / RR H3,"26,000","26,000",2,0,0,2,"52,000",NOT_COVERED,APPLIED,GEN-F0130-001-N-NE,"1,075",INTERNAL_SERVICE,Pondok Indah,Nur Rokhim,B 4855 SVO,"19,077"
"Sep 25, 2025, 13:49",WO-144627310765562388,SPAREPART,ec86c430-e74c-451d-8d93-6d47384acc17,Tire 90/90-12 H3 (KENDA) H3,"100,000","100,000",1,0,0,1,"100,000",NOT_COVERED,APPLIED,GEN-F0500-001-N-MA,"1,741",INTERNAL_SERVICE,Pondok Indah,Nur Rokhim,B 4855 SVO,"19,077"
"Sep 25, 2025, 13:49",WO-144627310765562388,SPAREPART,1ac25aee-ff64-497d-a915-e4617a1892ae,Bearing Nachi 6201 H3,"13,967","13,967",2,0,0,2,"27,934",NOT_COVERED,APPLIED,GEN-F0060-001-F-NE,"1,735",INTERNAL_SERVICE,Pondok Indah,Nur Rokhim,B 4855 SVO,"19,077"
"Sep 25, 2025, 13:46",WO-144509976688221776,SPAREPART,5075f880-8de8-488e-9bca-4db3d05c3583,Brake pad Front H1 - Fr H1,"26,000",0,1,0,0,1,0,NOT_COVERED,APPLIED,GEN-F1280-001-N-NE,"1,789",REPO_MAINTENANCE,Pondok Indah,Service Advisor PI,B 4425 SWD,"3,244"
"Sep 25, 2025, 13:46",WO-144744978608839188,SPAREPART,ec86c430-e74c-451d-8d93-6d47384acc17,Tire 90/90-12 H3 (KENDA) H3,"100,000","100,000",1,0,0,1,"100,000",NOT_COVERED,APPLIED,GEN-F0500-001-N-MA,"1,741",REGULAR,Kembangan,Intan melina,B 4675 SWA,"20,197"
"Sep 25, 2025, 13:46",WO-144744978608839188,SPAREPART,87eede8f-1064-4c4e-912d-9319aa96d5b0,Brake Pad H3 FR / RR H3,"26,000",0,2,0,0,2,0,NOT_COVERED,APPLIED,GEN-F0130-001-N-NE,"1,075",REGULAR,Kembangan,Intan melina,B 4675 SWA,"20,197"
"Sep 25, 2025, 13:44",WO-144723981251927632,SPAREPART,87eede8f-1064-4c4e-912d-9319aa96d5b0,Brake Pad H3 FR / RR H3,"26,000",0,2,0,0,2,0,NOT_COVERED,APPLIED,GEN-F0130-001-N-NE,"1,075",WALK_IN_MAINTENANCE,Pondok Indah,Service Advisor PI,B 4404 SVT,"37,529"
"Sep 25, 2025, 13:42",WO-144746300267584020,SPAREPART,ec86c430-e74c-451d-8d93-6d47384acc17,Tire 90/90-12 H3 (KENDA) H3,"100,000",0,1,0,0,1,0,NEW_ONBOARDING,APPLIED,GEN-F0500-001-N-MA,"1,741",STORING,Pondok Indah,Ahmad Agus Sudiro Parhusnan Marzuki,B 4282 SVP,"26,484"
"Sep 25, 2025, 13:40",WO-144735190680362576,SPAREPART,c932271f-7b0c-4f61-97ce-5142d3a28c59,Left fork guard plate large piece H3,"7,176","21,706",1,0,0,1,"21,706",NOT_COVERED,APPLIED,H3A-B0350-001-L-MA,811,REGULAR,Pondok Indah,Service Advisor PI,B 4058 UWF,"38,750"
"Sep 25, 2025, 13:40",WO-144735190680362576,SPAREPART,b9d1544b-4822-4e87-8c8a-ad3eccb9bf75,Rear mirror H3,"26,000","112,327",1,0,0,1,"112,327",NOT_COVERED,APPLIED,GEN-A0050-001-R-NE,859,REGULAR,Pondok Indah,Service Advisor PI,B 4058 UWF,"38,750"
"Sep 25, 2025, 13:40",WO-144735190680362576,SPAREPART,54db2212-1823-4015-ae9f-22a8a2121781,Right falt fork guard plate trim H3,"9,430","28,489",1,0,0,1,"28,489",NOT_COVERED,APPLIED,H3A-B0400-001-R-GL,794,REGULAR,Pondok Indah,Service Advisor PI,B 4058 UWF,"38,750"
"Sep 25, 2025, 13:40",WO-144735190680362576,SPAREPART,bd84a297-3d9a-4616-a75a-9adaf98d1cdf,Tail light assembly H3,"100,000","586,054",1,0,0,1,"586,054",NOT_COVERED,APPLIED,H3A-E60070-001-N-NE,824,REGULAR,Pondok Indah,Service Advisor PI,B 4058 UWF,"38,750"
"Sep 25, 2025, 13:37",WO-144747326949317140,SPAREPART,c52ca52a-85ef-43ad-8637-a9a65142da16,Rear disc brake disc H3,"26,519","80,000",1,0,0,1,"80,000",NOT_COVERED,APPLIED,GEN-F0190-001-R-NE,854,REGULAR,Pondok Indah,Eka Pitaloka,B 3802 PWF,"33,422"
"Sep 25, 2025, 13:37",WO-144747326949317140,SPAREPART,87eede8f-1064-4c4e-912d-9319aa96d5b0,Brake Pad H3 FR / RR H3,"26,000",0,2,0,0,2,0,NEW_ONBOARDING,APPLIED,GEN-F0130-001-N-NE,"1,075",REGULAR,Pondok Indah,Eka Pitaloka,B 3802 PWF,"33,422"
"Sep 25, 2025, 13:35",WO-144632681118850640,SPAREPART,c52ca52a-85ef-43ad-8637-a9a65142da16,Rear disc brake disc H3,"26,519",0,1,0,0,1,0,NOT_COVERED,APPLIED,GEN-F0190-001-R-NE,854,REPO_MAINTENANCE,Pondok Indah,Service Advisor PI,B 4345 SVP,"2,345"
"Sep 25, 2025, 13:35",WO-144632681118850640,SPAREPART,87eede8f-1064-4c4e-912d-9319aa96d5b0,Brake Pad H3 FR / RR H3,"26,000",0,1,0,0,1,0,NOT_COVERED,APPLIED,GEN-F0130-001-N-NE,"1,075",REPO_MAINTENANCE,Pondok Indah,Service Advisor PI,B 4345 SVP,"2,345"
"Sep 25, 2025, 13:35",WO-144632681118850640,SPAREPART,29ae4c69-46d5-4754-bf7e-f808ca55ebe7,Lock Set H3,"32,338",0,1,0,0,1,0,NOT_COVERED,APPLIED,H3A-E70050-001-N-NE,865,REPO_MAINTENANCE,Pondok Indah,Service Advisor PI,B 4345 SVP,"2,345"
"Sep 25, 2025, 13:33",WO-144661066742259280,SPAREPART,87eede8f-1064-4c4e-912d-9319aa96d5b0,Brake Pad H3 FR / RR H3,"26,000",0,1,0,0,1,0,NOT_COVERED,APPLIED,GEN-F0130-001-N-NE,"1,075",REPO_MAINTENANCE,Pondok Indah,Naufal Rabbani,B 4416 SWA,"45,422"
"Sep 25, 2025, 13:31",WO-144745546769259028,SPAREPART,87eede8f-1064-4c4e-912d-9319aa96d5b0,Brake Pad H3 FR / RR H3,"26,000",0,1,0,0,1,0,NOT_COVERED,APPLIED,GEN-F0130-001-N-NE,"1,075",REGULAR,Kembangan,Irawan,B 4373 SVR,"55,000"
"Sep 25, 2025, 13:30",WO-144660846323194388,SPAREPART,c52ca52a-85ef-43ad-8637-a9a65142da16,Rear disc brake disc H3,"26,519",0,1,0,0,1,0,NOT_COVERED,APPLIED,GEN-F0190-001-R-NE,854,REPO_MAINTENANCE,Pondok Indah,Naufal Rabbani,B 4134 SWA,"43,344"
"Sep 25, 2025, 13:30",WO-144660846323194388,SPAREPART,87eede8f-1064-4c4e-912d-9319aa96d5b0,Brake Pad H3 FR / RR H3,"26,000",0,2,0,0,2,0,NOT_COVERED,APPLIED,GEN-F0130-001-N-NE,"1,075",REPO_MAINTENANCE,Pondok Indah,Naufal Rabbani,B 4134 SWA,"43,344"
"Sep 25, 2025, 13:30",WO-144660846323194388,SPAREPART,ec86c430-e74c-451d-8d93-6d47384acc17,Tire 90/90-12 H3 (KENDA) H3,"100,000",0,1,0,0,1,0,NOT_COVERED,APPLIED,GEN-F0500-001-N-MA,"1,741",REPO_MAINTENANCE,Pondok Indah,Naufal Rabbani,B 4134 SWA,"43,344"
"Sep 25, 2025, 13:30",WO-144746700773284372,SPAREPART,ec86c430-e74c-451d-8d93-6d47384acc17,Tire 90/90-12 H3 (KENDA) H3,"100,000","100,000",1,0,0,1,"100,000",NOT_COVERED,APPLIED,GEN-F0500-001-N-MA,"1,741",REGULAR,Bekasi,Affani,B 4107 SWB,"148,154"
"Sep 25, 2025, 13:29",WO-144746702618779216,SPAREPART,d09f6b27-05e3-429e-8d59-5978689af06f,USB charging port H3,"12,627","39,000",1,0,0,1,"39,000",NOT_COVERED,APPLIED,H3A-E40010-001-N-NE,871,REGULAR,Pondok Indah,Service Advisor PI,B 4190 SVT,"50,389"
"Sep 25, 2025, 13:28",WO-144746513992538644,SPAREPART,d09f6b27-05e3-429e-8d59-5978689af06f,USB charging port H3,"12,627","39,000",1,0,0,1,"39,000",NOT_COVERED,APPLIED,H3A-E40010-001-N-NE,871,REGULAR,Bekasi,Service Advisor Bekasi,B 3548 PWE,"339,201"
"Sep 25, 2025, 13:28",WO-144746513992538644,SPAREPART,87eede8f-1064-4c4e-912d-9319aa96d5b0,Brake Pad H3 FR / RR H3,"26,000",0,1,0,0,1,0,NOT_COVERED,APPLIED,GEN-F0130-001-N-NE,"1,075",REGULAR,Bekasi,Service Advisor Bekasi,B 3548 PWE,"339,201"
"Sep 25, 2025, 13:25",WO-144746166234405396,SPAREPART,87eede8f-1064-4c4e-912d-9319aa96d5b0,Brake Pad H3 FR / RR H3,"26,000",0,2,0,0,2,0,NEW_ONBOARDING,APPLIED,GEN-F0130-001-N-NE,"1,075",REGULAR,Pondok Indah,Ahmad Agus Sudiro Parhusnan Marzuki,B 4609 SVR,"54,534"
"Sep 25, 2025, 13:21",WO-144650077867105872,SPAREPART,1ac25aee-ff64-497d-a915-e4617a1892ae,Bearing Nachi 6201 H3,"13,967",0,2,0,0,2,0,NEW_ONBOARDING,APPLIED,GEN-F0060-001-F-NE,"1,735",REPO_MAINTENANCE,Pondok Indah,Nur Rokhim,B 4667 SVT,"43,456"
"Sep 25, 2025, 13:21",WO-144650077867105872,SPAREPART,87eede8f-1064-4c4e-912d-9319aa96d5b0,Brake Pad H3 FR / RR H3,"26,000",0,2,0,0,2,0,NEW_ONBOARDING,APPLIED,GEN-F0130-001-N-NE,"1,075",REPO_MAINTENANCE,Pondok Indah,Nur Rokhim,B 4667 SVT,"43,456"
"Sep 25, 2025, 13:21",WO-144650077867105872,SPAREPART,0e63dd11-3dfb-40f2-9820-7fc9cc0b12bc,Front fork bearings H3,"42,021",0,1,0,0,1,0,NEW_ONBOARDING,APPLIED,GEN-F0100-001-F-NE,849,REPO_MAINTENANCE,Pondok Indah,Nur Rokhim,B 4667 SVT,"43,456"
"Sep 25, 2025, 13:21",WO-144745614230444564,SPAREPART,ec86c430-e74c-451d-8d93-6d47384acc17,Tire 90/90-12 H3 (KENDA) H3,"100,000","100,000",1,0,0,1,"100,000",NOT_COVERED,APPLIED,GEN-F0500-001-N-MA,"1,741",REGULAR,Pondok Indah,Faiz Zaidan Alghifari Ramadhan,B 4259 SVT,"39,299"
"Sep 25, 2025, 13:21",WO-144745614230444564,SPAREPART,87eede8f-1064-4c4e-912d-9319aa96d5b0,Brake Pad H3 FR / RR H3,"26,000",0,2,0,0,2,0,NEW_ONBOARDING,APPLIED,GEN-F0130-001-N-NE,"1,075",REGULAR,Pondok Indah,Faiz Zaidan Alghifari Ramadhan,B 4259 SVT,"39,299"
"Sep 25, 2025, 13:20",WO-144632289102421584,SPAREPART,e76e0887-eb65-4869-a942-c097675574c7,MAN seat cushion front H5,"100,000","100,000",1,0,0,1,"100,000",NOT_COVERED,APPLIED,H5A-B0950-001-N-MA,984,INTERNAL_SERVICE,Pondok Indah,Muhammad Haikal Alfaidz,B 5289 SVL,"31,381"
"Sep 25, 2025, 13:14",WO-144633641966787092,SPAREPART,87eede8f-1064-4c4e-912d-9319aa96d5b0,Brake Pad H3 FR / RR H3,"26,000",0,1,0,0,1,0,NOT_COVERED,APPLIED,GEN-F0130-001-N-NE,"1,075",REPO_MAINTENANCE,Pondok Indah,Service Advisor PI,B 3715 PWE,"38,966"
"Sep 25, 2025, 13:14",WO-144633641966787092,SPAREPART,c52ca52a-85ef-43ad-8637-a9a65142da16,Rear disc brake disc H3,"26,519",0,1,0,0,1,0,NOT_COVERED,APPLIED,GEN-F0190-001-R-NE,854,REPO_MAINTENANCE,Pondok Indah,Service Advisor PI,B 3715 PWE,"38,966"
"Sep 25, 2025, 13:02",WO-144743763133095504,SPAREPART,ec86c430-e74c-451d-8d93-6d47384acc17,Tire 90/90-12 H3 (KENDA) H3,"135,796",0,1,0,0,1,0,NEW_ONBOARDING,APPLIED,GEN-F0500-001-N-MA,"1,741",REGULAR,Pondok Indah,Muhammad Riduwan,B 4962 SWB,"23,673"
"Sep 25, 2025, 13:02",WO-144743763133095504,SPAREPART,87eede8f-1064-4c4e-912d-9319aa96d5b0,Brake Pad H3 FR / RR H3,"26,000",0,2,0,0,2,0,NEW_ONBOARDING,APPLIED,GEN-F0130-001-N-NE,"1,075",REGULAR,Pondok Indah,Muhammad Riduwan,B 4962 SWB,"23,673"
"Sep 25, 2025, 11:53",WO-144735707670272532,SPAREPART,87eede8f-1064-4c4e-912d-9319aa96d5b0,Brake Pad H3 FR / RR H3,"26,000",0,1,0,0,1,0,NOT_COVERED,APPLIED,GEN-F0130-001-N-NE,"1,075",REGULAR,Kembangan,Irawan,B 4150 SVP,"28,258"
"Sep 25, 2025, 11:49",WO-144629779985882704,SPAREPART,a8ecb0d4-1cf0-465a-99cc-7f4d7ead94aa,Side stand H3,"9,706",0,1,0,0,1,0,NEW_ONBOARDING,APPLIED,H3A-A0080-001-N-BL,831,REPO_MAINTENANCE,Pondok Indah,Nur Rokhim,B 4089 SWB,"13,975"
"Sep 25, 2025, 11:43",WO-144629574951525968,SPAREPART,1ac25aee-ff64-497d-a915-e4617a1892ae,Bearing Nachi 6201 H3,"13,967",0,1,0,0,1,0,NOT_COVERED,APPLIED,GEN-F0060-001-F-NE,"1,735",REPO_MAINTENANCE,Pondok Indah,Naufal Rabbani,B 4667 SVO,"53,507"
"Sep 25, 2025, 11:42",WO-144734177571397200,SPAREPART,87eede8f-1064-4c4e-912d-9319aa96d5b0,Brake Pad H3 FR / RR H3,"26,000","26,000",2,0,0,2,"52,000",NOT_COVERED,APPLIED,GEN-F0130-001-N-NE,"1,075",WALK_IN_MAINTENANCE,Bekasi,Affani,B 5219 BWJ,"21,832"
"Sep 25, 2025, 11:41",WO-144734020352106064,SPAREPART,ec86c430-e74c-451d-8d93-6d47384acc17,Tire 90/90-12 H3 (KENDA) H3,"100,000",0,1,0,0,1,0,NEW_ONBOARDING,APPLIED,GEN-F0500-001-N-MA,"1,741",REGULAR,Bekasi,Affani,B 4497 SVT,"417,431"
"Sep 25, 2025, 11:38",WO-144629574951525968,SPAREPART,c52ca52a-85ef-43ad-8637-a9a65142da16,Rear disc brake disc H3,"26,519",0,1,0,0,1,0,NOT_COVERED,APPLIED,GEN-F0190-001-R-NE,854,REPO_MAINTENANCE,Pondok Indah,Naufal Rabbani,B 4667 SVO,"53,507"
"Sep 25, 2025, 11:38",WO-144629574951525968,SPAREPART,ec86c430-e74c-451d-8d93-6d47384acc17,Tire 90/90-12 H3 (KENDA) H3,"100,000",0,1,0,0,1,0,NOT_COVERED,APPLIED,GEN-F0500-001-N-MA,"1,741",REPO_MAINTENANCE,Pondok Indah,Naufal Rabbani,B 4667 SVO,"53,507"
"Sep 25, 2025, 11:38",WO-144629574951525968,SPAREPART,87eede8f-1064-4c4e-912d-9319aa96d5b0,Brake Pad H3 FR / RR H3,"26,000",0,2,0,0,2,0,NOT_COVERED,APPLIED,GEN-F0130-001-N-NE,"1,075",REPO_MAINTENANCE,Pondok Indah,Naufal Rabbani,B 4667 SVO,"53,507"
"Sep 25, 2025, 11:37",WO-144735367277338192,SPAREPART,87eede8f-1064-4c4e-912d-9319aa96d5b0,Brake Pad H3 FR / RR H3,"26,000",0,2,0,0,2,0,NEW_ONBOARDING,APPLIED,GEN-F0130-001-N-NE,"1,075",REGULAR,Pondok Indah,Muhammad Riduwan,B 4131 SWB,"4,029"
"Sep 25, 2025, 11:36",WO-144732164389362196,SPAREPART,7aa8d3dc-ff34-4db8-a769-0c1f747b124e,Air tape PVR 70 (10 mm) H5,"3,500","24,000",1,0,0,1,"24,000",NOT_COVERED,APPLIED,GEN-F0430-001-N-NE,"1,755",REGULAR,Kembangan,Intan melina,B 4016 SVT,"42,808"
"Sep 25, 2025, 11:35",WO-144709794891062864,SPAREPART,ec86c430-e74c-451d-8d93-6d47384acc17,Tire 90/90-12 H3 (KENDA) H3,"100,000",0,1,0,0,1,0,NOT_COVERED,APPLIED,GEN-F0500-001-N-MA,"1,741",STORING,Pondok Indah,Naufal Rabbani,B 4834 SVT,"26,426"
"Sep 25, 2025, 11:35",WO-144709794891062864,SPAREPART,87eede8f-1064-4c4e-912d-9319aa96d5b0,Brake Pad H3 FR / RR H3,"26,000",0,1,0,0,1,0,NOT_COVERED,APPLIED,GEN-F0130-001-N-NE,"1,075",STORING,Pondok Indah,Naufal Rabbani,B 4834 SVT,"26,426"
"Sep 25, 2025, 11:22",WO-144627740245515856,SPAREPART,87eede8f-1064-4c4e-912d-9319aa96d5b0,Brake Pad H3 FR / RR H3,"26,000","26,000",2,0,0,2,"52,000",NOT_COVERED,APPLIED,GEN-F0130-001-N-NE,"1,075",INTERNAL_SERVICE,Pondok Indah,Noval Labid,B 4811 SVP,"28,755"
"Sep 25, 2025, 11:21",WO-144637715642604052,SPAREPART,87eede8f-1064-4c4e-912d-9319aa96d5b0,Brake Pad H3 FR / RR H3,"26,000",0,2,0,0,2,0,NOT_COVERED,APPLIED,GEN-F0130-001-N-NE,"1,075",REPO_MAINTENANCE,Pondok Indah,Service Advisor PI,B 4642 SVO,"32,355"
"Sep 25, 2025, 11:21",WO-144660929823399504,SPAREPART,87eede8f-1064-4c4e-912d-9319aa96d5b0,Brake Pad H3 FR / RR H3,"26,000",0,1,0,0,1,0,NOT_COVERED,APPLIED,GEN-F0130-001-N-NE,"1,075",REPO_MAINTENANCE,Pondok Indah,Service Advisor PI,B 4813 SVR,"45,436"
"Sep 25, 2025, 11:21",WO-144660929823399504,SPAREPART,0e63dd11-3dfb-40f2-9820-7fc9cc0b12bc,Front fork bearings H3,"42,021",0,1,0,0,1,0,NOT_COVERED,APPLIED,GEN-F0100-001-F-NE,849,REPO_MAINTENANCE,Pondok Indah,Service Advisor PI,B 4813 SVR,"45,436"
"Sep 25, 2025, 11:21",WO-144660929823399504,SPAREPART,c52ca52a-85ef-43ad-8637-a9a65142da16,Rear disc brake disc H3,"26,519",0,1,0,0,1,0,NOT_COVERED,APPLIED,GEN-F0190-001-R-NE,854,REPO_MAINTENANCE,Pondok Indah,Service Advisor PI,B 4813 SVR,"45,436"
"Sep 25, 2025, 11:21",WO-144630960430799380,SPAREPART,79e0bbc0-0b87-4142-8e3f-0b3ccdc86641,Brake Pad Kit H5 -2-01 (Canvas Rem) H5,"28,500",0,1,0,0,1,0,PREVIOUS_SERVICE,APPLIED,GEN-F1140-001-R-NE,"1,759",REPO_MAINTENANCE,Depok,rizki nuriman,B 4683 SVN,"42,000"
"Sep 25, 2025, 11:21",WO-144630960430799380,SPAREPART,fa116921-3f09-44e1-b709-86b1780d9253,Brake Pad Kit H5 -1-01 (Canvas Rem) H5,"39,500",0,1,0,0,1,0,NEW_ONBOARDING,APPLIED,GEN-F1130-001-F-NE,"1,758",REPO_MAINTENANCE,Depok,rizki nuriman,B 4683 SVN,"42,000"
"Sep 25, 2025, 11:21",WO-144630960430799380,SPAREPART,999f14b8-db39-41e5-a31a-b5e0b7e8d909,Tires (far star) H5,"100,000",0,1,0,0,1,0,PREVIOUS_SERVICE,APPLIED,GEN-F1090-001-N-NE,982,REPO_MAINTENANCE,Depok,rizki nuriman,B 4683 SVN,"42,000"
"Sep 25, 2025, 11:19",WO-144733452627892756,SPAREPART,a1b6134f-48d0-424c-999a-3e6a8db27dea,Tire H1,0,0,1,0,0,1,0,NEW_ONBOARDING,APPLIED,GEN-F0490-001-N-MA,"1,791",REGULAR,Pondok Indah,Faiz Zaidan Alghifari Ramadhan,B 4637 SWB,"12,562"
"Sep 25, 2025, 11:18",WO-144630728620006992,SPAREPART,87eede8f-1064-4c4e-912d-9319aa96d5b0,Brake Pad H3 FR / RR H3,"26,000",0,2,0,0,2,0,PREVIOUS_SERVICE,APPLIED,GEN-F0130-001-N-NE,"1,075",REPO_MAINTENANCE,Depok,rizki nuriman,B 4745 SVO,"65,000"
"Sep 25, 2025, 11:17",WO-144497724740360724,SPAREPART,5075f880-8de8-488e-9bca-4db3d05c3583,Brake pad Front H1 - Fr H1,"26,000",0,1,0,0,1,0,NOT_COVERED,APPLIED,GEN-F1280-001-N-NE,"1,789",REPO_MAINTENANCE,Pondok Indah,Service Advisor PI,B 4843 SWD,"2,345"
"Sep 25, 2025, 11:15",WO-144733162801486356,SPAREPART,87eede8f-1064-4c4e-912d-9319aa96d5b0,Brake Pad H3 FR / RR H3,"26,000",0,2,0,0,2,0,NEW_ONBOARDING,APPLIED,GEN-F0130-001-N-NE,"1,075",REGULAR,Pondok Indah,Muhammad Riduwan,B 4498 SVP,"37,417"
"Sep 25, 2025, 11:12",WO-144617923326008912,SPAREPART,24f4995a-befd-4ad6-a490-c6318261742f,Cover Plat Nomer H3,"18,500",0,1,0,0,1,0,NOT_COVERED,APPLIED,GEN-A0140-001-N-MA,"1,738",WALK_IN_MAINTENANCE,Pondok Indah,Eka Pitaloka,B 4860 SVP,"37,694"
"Sep 25, 2025, 11:07",WO-144728091585960468,SPAREPART,9ae448db-156e-4e8b-8980-6f520521c921,Speed control handle cable H3,"16,169","49,000",1,0,0,1,"49,000",NOT_COVERED,APPLIED,H3A-E70090-001-N-BL,857,REGULAR,Kembangan,Intan melina,B 4455 SVT,"63,802"
"Sep 25, 2025, 11:07",WO-144728091585960468,SPAREPART,87eede8f-1064-4c4e-912d-9319aa96d5b0,Brake Pad H3 FR / RR H3,"26,000",0,2,0,0,2,0,NOT_COVERED,APPLIED,GEN-F0130-001-N-NE,"1,075",REGULAR,Kembangan,Intan melina,B 4455 SVT,"63,802"
"Sep 25, 2025, 11:07",WO-144728091585960468,SPAREPART,ec86c430-e74c-451d-8d93-6d47384acc17,Tire 90/90-12 H3 (KENDA) H3,"100,000","100,000",1,0,0,1,"100,000",NOT_COVERED,APPLIED,GEN-F0500-001-N-MA,"1,741",REGULAR,Kembangan,Intan melina,B 4455 SVT,"63,802"
"Sep 25, 2025, 11:07",WO-144731989637880340,SPAREPART,87eede8f-1064-4c4e-912d-9319aa96d5b0,Brake Pad H3 FR / RR H3,"26,000",0,2,0,0,2,0,NEW_ONBOARDING,APPLIED,GEN-F0130-001-N-NE,"1,075",REGULAR,Pondok Indah,Muhammad Riduwan,B 4488 SVT,"38,875"
"Sep 25, 2025, 11:04",WO-144725286888431184,SPAREPART,0713653b-21f9-4128-a2c1-646c80b9ad18,Front headlights H1,"100,000",0,1,0,0,1,0,NEW_ONBOARDING,APPLIED,H1A-E60120-001-F-NE,"1,092",URGENT,Pondok Indah,Service Advisor PI,B 4695 SWB,"10,754"
"Sep 25, 2025, 11:04",WO-144725286888431184,SPAREPART,b3dbabe4-513d-445c-977e-cb3ab9e5b0ef,Rear brake line H1,"33,971",0,1,0,0,1,0,NOT_COVERED,APPLIED,H1A-F1810-001-R-NE,"1,780",URGENT,Pondok Indah,Service Advisor PI,B 4695 SWB,"10,754"
"Sep 25, 2025, 11:04",WO-144725286888431184,SPAREPART,a1b6134f-48d0-424c-999a-3e6a8db27dea,Tire H1,0,0,1,0,0,1,0,NEW_ONBOARDING,APPLIED,GEN-F0490-001-N-MA,"1,791",URGENT,Pondok Indah,Service Advisor PI,B 4695 SWB,"10,754"
"Sep 25, 2025, 11:00",WO-144731657264455248,SPAREPART,ec86c430-e74c-451d-8d93-6d47384acc17,Tire 90/90-12 H3 (KENDA) H3,"100,000",0,1,0,0,1,0,NEW_ONBOARDING,APPLIED,GEN-F0500-001-N-MA,"1,741",REGULAR,Kembangan,Rohmad Khoirul Mu'Izz,B 4574 SVP,"43,566"
"Sep 25, 2025, 10:59",WO-144731341701798420,SPAREPART,fa116921-3f09-44e1-b709-86b1780d9253,Brake Pad Kit H5 -1-01 (Canvas Rem) H5,"39,500",0,1,0,0,1,0,NEW_ONBOARDING,APPLIED,GEN-F1130-001-F-NE,"1,758",REGULAR,Pondok Indah,Faiz Zaidan Alghifari Ramadhan,B 5318 SVL,"35,802"
"Sep 25, 2025, 10:57",WO-144610387436788244,SPAREPART,87eede8f-1064-4c4e-912d-9319aa96d5b0,Brake Pad H3 FR / RR H3,"26,000","26,000",1,0,0,1,"26,000",NOT_COVERED,APPLIED,GEN-F0130-001-N-NE,"1,075",INTERNAL_SERVICE,Pondok Indah,Aji Fadilah,B 4425 SVT,"38,015"
"Sep 25, 2025, 10:57",WO-144610387436788244,SPAREPART,ec86c430-e74c-451d-8d93-6d47384acc17,Tire 90/90-12 H3 (KENDA) H3,"100,000","100,000",2,0,0,2,"200,000",NOT_COVERED,APPLIED,GEN-F0500-001-N-MA,"1,741",INTERNAL_SERVICE,Pondok Indah,Aji Fadilah,B 4425 SVT,"38,015"
"Sep 25, 2025, 10:56",WO-144729931341912596,SPAREPART,87eede8f-1064-4c4e-912d-9319aa96d5b0,Brake Pad H3 FR / RR H3,"26,000",0,1,0,0,1,0,NOT_COVERED,APPLIED,GEN-F0130-001-N-NE,"1,075",REGULAR,Kembangan,Irawan,B 3735 PWE,"51,185"
"Sep 25, 2025, 10:54",WO-144731079624908368,SPAREPART,87eede8f-1064-4c4e-912d-9319aa96d5b0,Brake Pad H3 FR / RR H3,"26,000",0,2,0,0,2,0,NEW_ONBOARDING,APPLIED,GEN-F0130-001-N-NE,"1,075",REGULAR,Pondok Indah,Service Advisor PI,B 4112 SVV,"31,502"
"Sep 25, 2025, 10:51",WO-144730688095018576,SPAREPART,ec86c430-e74c-451d-8d93-6d47384acc17,Tire 90/90-12 H3 (KENDA) H3,"135,796","135,796",1,0,0,1,"135,796",NOT_COVERED,APPLIED,GEN-F0500-001-N-MA,"1,741",REGULAR,Bekasi,Affani,B 4965 SWB,"138,368"
"Sep 25, 2025, 10:51",WO-144730688095018576,SPAREPART,87eede8f-1064-4c4e-912d-9319aa96d5b0,Brake Pad H3 FR / RR H3,"26,000","26,000",1,0,0,1,"26,000",NOT_COVERED,APPLIED,GEN-F0130-001-N-NE,"1,075",REGULAR,Bekasi,Affani,B 4965 SWB,"138,368"
"Sep 25, 2025, 10:50",WO-144730641924120144,SPAREPART,87eede8f-1064-4c4e-912d-9319aa96d5b0,Brake Pad H3 FR / RR H3,"26,000",0,2,0,0,2,0,NEW_ONBOARDING,APPLIED,GEN-F0130-001-N-NE,"1,075",REGULAR,Pondok Indah,Muhammad Riduwan,B 4756 SVT,"25,869"
"Sep 25, 2025, 10:37",WO-144300511535847956,SPAREPART,99aeb49e-788d-4e25-bb08-36891593def4,Front fork R H5,0,0,1,0,0,1,0,NOT_COVERED,APPLIED,H5A-F2390-001-F-NE,"1,767",WALK_IN_MAINTENANCE,Pondok Indah,Muhammad Haikal Alfaidz,B 4787 SVN,"13,597"
"Sep 25, 2025, 10:33",WO-144727644489932368,SPAREPART,fa116921-3f09-44e1-b709-86b1780d9253,Brake Pad Kit H5 -1-01 (Canvas Rem) H5,"39,500",0,1,0,0,1,0,NOT_COVERED,APPLIED,GEN-F1130-001-F-NE,"1,758",REGULAR,Kembangan,Irawan,B 4643 SVN,"95,523"
"Sep 25, 2025, 10:33",WO-144728947156867604,SPAREPART,87eede8f-1064-4c4e-912d-9319aa96d5b0,Brake Pad H3 FR / RR H3,"26,000",0,2,0,0,2,0,NEW_ONBOARDING,APPLIED,GEN-F0130-001-N-NE,"1,075",REGULAR,Pondok Indah,Faiz Zaidan Alghifari Ramadhan,B 4113 SVP,"32,588"
"Sep 25, 2025, 10:32",WO-144728548043676180,SPAREPART,6111b772-fa0b-4957-a30c-361684590833,Left decorative panel H1,"100,000","100,000",1,0,0,1,"100,000",NOT_COVERED,APPLIED,H1A-B1150-001-L-MA,"1,084",INTERNAL_SERVICE,Pondok Indah,Farel Wahyudyansyah,B 4468 SWD,29
"Sep 25, 2025, 10:32",WO-144728548043676180,SPAREPART,c76a02c7-5801-40a8-9e68-bd1b06171a75,Front right guard board H1,"38,410","38,410",1,0,0,1,"38,410",NOT_COVERED,APPLIED,H1A-B1080-001-R-MA,"1,081",INTERNAL_SERVICE,Pondok Indah,Farel Wahyudyansyah,B 4468 SWD,29
"Sep 25, 2025, 10:32",WO-144728548043676180,SPAREPART,5bf061ba-f827-49f2-b345-8a8402191d27,Center cover H1,"100,000","100,000",1,0,0,1,"100,000",NOT_COVERED,APPLIED,H1A-B0970-001-N-MA,"1,086",INTERNAL_SERVICE,Pondok Indah,Farel Wahyudyansyah,B 4468 SWD,29
"Sep 25, 2025, 10:32",WO-144728548043676180,SPAREPART,6ca9d0ec-8ed4-4ddb-b584-24c2375890cc,front panel H1,"100,000","100,000",1,0,0,1,"100,000",NOT_COVERED,APPLIED,H1A-B1070-001-F-MA,"1,079",INTERNAL_SERVICE,Pondok Indah,Farel Wahyudyansyah,B 4468 SWD,29
"Sep 25, 2025, 10:32",WO-144728548043676180,SPAREPART,f9db15cf-46a4-481b-91b9-dd7b2aabff88,Middle right guard board H1,0,0,1,0,0,1,0,NOT_COVERED,APPLIED,H1A-B1440-001-N-NE,"1,083",INTERNAL_SERVICE,Pondok Indah,Farel Wahyudyansyah,B 4468 SWD,29
"Sep 25, 2025, 10:32",WO-144728548043676180,SPAREPART,896fdeb6-7b61-42a5-b10c-b9b41044a9d4,Front fender of frame H1,"65,320","65,320",1,0,0,1,"65,320",NOT_COVERED,APPLIED,H1A-B1050-001-F-MA,"1,062",INTERNAL_SERVICE,Pondok Indah,Farel Wahyudyansyah,B 4468 SWD,29
"Sep 25, 2025, 10:32",WO-144728548043676180,SPAREPART,8c0c2bf5-65cc-45ff-b87d-99526f96f6c5,Right decorative panel H1,"100,000","100,000",1,0,0,1,"100,000",NOT_COVERED,APPLIED,H1A-B1240-001-R-MA,"1,085",INTERNAL_SERVICE,Pondok Indah,Farel Wahyudyansyah,B 4468 SWD,29
"Sep 25, 2025, 10:31",WO-144583129493954128,SPAREPART,79e0bbc0-0b87-4142-8e3f-0b3ccdc86641,Brake Pad Kit H5 -2-01 (Canvas Rem) H5,"28,500","28,500",1,0,0,1,"28,500",NOT_COVERED,APPLIED,GEN-F1140-001-R-NE,"1,759",INTERNAL_SERVICE,Pondok Indah,Nur Rokhim,B 5119 SVL,"51,694"
"Sep 25, 2025, 10:31",WO-144583129493954128,SPAREPART,fa116921-3f09-44e1-b709-86b1780d9253,Brake Pad Kit H5 -1-01 (Canvas Rem) H5,"39,500","39,500",1,0,0,1,"39,500",NOT_COVERED,APPLIED,GEN-F1130-001-F-NE,"1,758",INTERNAL_SERVICE,Pondok Indah,Nur Rokhim,B 5119 SVL,"51,694"
"Sep 25, 2025, 10:29",WO-144352966441197136,SPAREPART,100f831b-2f8a-450d-b561-f652c2f6d14c,Smart lock (GO PLUS) H5,"100,000",0,1,0,0,1,0,NOT_COVERED,APPLIED,H5A-E70130-001-N-NE,944,REPO_MAINTENANCE,Pondok Indah,Service Advisor PI,B 5090 SVL,"23,456"
"Sep 25, 2025, 10:26",WO-144728203305442896,SPAREPART,79e0bbc0-0b87-4142-8e3f-0b3ccdc86641,Brake Pad Kit H5 -2-01 (Canvas Rem) H5,"28,500",0,1,0,0,1,0,NEW_ONBOARDING,APPLIED,GEN-F1140-001-R-NE,"1,759",REGULAR,Pondok Indah,Faiz Zaidan Alghifari Ramadhan,B 4474 SVL,"59,830"
"Sep 25, 2025, 10:26",WO-144728203305442896,SPAREPART,fa116921-3f09-44e1-b709-86b1780d9253,Brake Pad Kit H5 -1-01 (Canvas Rem) H5,"39,500",0,1,0,0,1,0,NEW_ONBOARDING,APPLIED,GEN-F1130-001-F-NE,"1,758",REGULAR,Pondok Indah,Faiz Zaidan Alghifari Ramadhan,B 4474 SVL,"59,830"
"Sep 25, 2025, 10:21",WO-144727755555102288,SPAREPART,0e63dd11-3dfb-40f2-9820-7fc9cc0b12bc,Front fork bearings H3,"42,021",0,1,0,0,1,0,NEW_ONBOARDING,APPLIED,GEN-F0100-001-F-NE,849,REGULAR,Pondok Indah,Muhammad Riduwan,B 4686 SVP,"70,932"
"Sep 25, 2025, 10:21",WO-144727755555102288,SPAREPART,87eede8f-1064-4c4e-912d-9319aa96d5b0,Brake Pad H3 FR / RR H3,"26,000",0,2,0,0,2,0,NEW_ONBOARDING,APPLIED,GEN-F0130-001-N-NE,"1,075",REGULAR,Pondok Indah,Muhammad Riduwan,B 4686 SVP,"70,932"
"Sep 25, 2025, 10:19",WO-144632025482025492,SPAREPART,ec86c430-e74c-451d-8d93-6d47384acc17,Tire 90/90-12 H3 (KENDA) H3,"100,000",0,1,0,0,1,0,NOT_COVERED,APPLIED,GEN-F0500-001-N-MA,"1,741",REPO_MAINTENANCE,Pondok Indah,Service Advisor PI,B 4780 SVR,"36,718"
"Sep 25, 2025, 10:18",WO-144727348388846100,SPAREPART,87eede8f-1064-4c4e-912d-9319aa96d5b0,Brake Pad H3 FR / RR H3,"26,000",0,2,0,0,2,0,NEW_ONBOARDING,APPLIED,GEN-F0130-001-N-NE,"1,075",REGULAR,Pondok Indah,Faiz Zaidan Alghifari Ramadhan,B 5277 BWJ,"3,082"
"Sep 25, 2025, 10:16",WO-143709436643384029,SPAREPART,ec86c430-e74c-451d-8d93-6d47384acc17,Tire 90/90-12 H3 (KENDA) H3,"100,000",0,1,0,0,1,0,NOT_COVERED,APPLIED,GEN-F0500-001-N-MA,"1,741",WALK_IN_MAINTENANCE,Pondok Indah,Service Advisor PI,B 4583 SVP,"38,739"
"Sep 25, 2025, 10:16",WO-143709436643384029,SPAREPART,87eede8f-1064-4c4e-912d-9319aa96d5b0,Brake Pad H3 FR / RR H3,"26,000",0,2,0,0,2,0,NOT_COVERED,APPLIED,GEN-F0130-001-N-NE,"1,075",WALK_IN_MAINTENANCE,Pondok Indah,Service Advisor PI,B 4583 SVP,"38,739"
"Sep 25, 2025, 10:16",WO-143709436643384029,SPAREPART,1ac25aee-ff64-497d-a915-e4617a1892ae,Bearing Nachi 6201 H3,"13,967",0,1,0,0,1,0,NOT_COVERED,APPLIED,GEN-F0060-001-F-NE,"1,735",WALK_IN_MAINTENANCE,Pondok Indah,Service Advisor PI,B 4583 SVP,"38,739"
"Sep 25, 2025, 10:14",WO-144720435454433812,SPAREPART,3cb2a551-8898-476b-a8a5-0a016d76e96b,The rear disc brake assembly has no logo H3,"100,000","100,000",1,0,0,1,"100,000",NOT_COVERED,APPLIED,H3A-F0220-001-R-NE,851,REGULAR,Pondok Indah,Faiz Zaidan Alghifari Ramadhan,B 4744 SVP,"57,829"
"Sep 25, 2025, 10:12",WO-143420667872735285,SPAREPART,79e0bbc0-0b87-4142-8e3f-0b3ccdc86641,Brake Pad Kit H5 -2-01 (Canvas Rem) H5,"28,500",0,1,0,0,1,0,NOT_COVERED,APPLIED,GEN-F1140-001-R-NE,"1,759",WALK_IN_MAINTENANCE,Pondok Indah,Service Advisor PI,B 4507 SVL,"9,807"
"Sep 25, 2025, 10:12",WO-143420667872735285,SPAREPART,78dbc5c8-3366-4e63-846e-172f3415433f,USB charging interface H5,"74,359",0,1,0,0,1,0,NOT_COVERED,APPLIED,H5A-E40030-001-N-NE,988,WALK_IN_MAINTENANCE,Pondok Indah,Service Advisor PI,B 4507 SVL,"9,807"
"Sep 25, 2025, 10:12",WO-143420667872735285,SPAREPART,64cde6f9-4cf9-4026-88c7-51d71c6d8351,Capricorn five switches (Headlight always on) H5,"24,173",0,1,0,0,1,0,NOT_COVERED,APPLIED,H5A-E60170-001-N-NE,951,WALK_IN_MAINTENANCE,Pondok Indah,Service Advisor PI,B 4507 SVL,"9,807"
"Sep 25, 2025, 10:12",WO-143420667872735285,SPAREPART,fa116921-3f09-44e1-b709-86b1780d9253,Brake Pad Kit H5 -1-01 (Canvas Rem) H5,"39,500",0,1,0,0,1,0,NOT_COVERED,APPLIED,GEN-F1130-001-F-NE,"1,758",WALK_IN_MAINTENANCE,Pondok Indah,Service Advisor PI,B 4507 SVL,"9,807"
"Sep 25, 2025, 10:10",WO-143304060081074229,SPAREPART,87eede8f-1064-4c4e-912d-9319aa96d5b0,Brake Pad H3 FR / RR H3,"26,000",0,2,0,0,2,0,NOT_COVERED,APPLIED,GEN-F0130-001-N-NE,"1,075",WALK_IN_MAINTENANCE,Pondok Indah,Service Advisor PI,B 3707 PWE,"44,188"
"Sep 25, 2025, 10:10",WO-143304060081074229,SPAREPART,ec86c430-e74c-451d-8d93-6d47384acc17,Tire 90/90-12 H3 (KENDA) H3,"100,000",0,1,0,0,1,0,NOT_COVERED,APPLIED,GEN-F0500-001-N-MA,"1,741",WALK_IN_MAINTENANCE,Pondok Indah,Service Advisor PI,B 3707 PWE,"44,188"
"Sep 25, 2025, 10:09",WO-143303554600333365,SPAREPART,7429bc57-bb65-4afc-9756-811a1cb9a922,"Wires, Motor 4# ham with ears (+ backing bracket state) ham H5",0,0,1,0,0,1,0,NOT_COVERED,APPLIED,H5A-E20040-001-N-NE,957,WALK_IN_MAINTENANCE,Pondok Indah,Putra Pratama Purwanto,B 5083 SVL,"60,349"
"Sep 25, 2025, 10:02",WO-144602997190581840,SPAREPART,ec86c430-e74c-451d-8d93-6d47384acc17,Tire 90/90-12 H3 (KENDA) H3,"100,000",0,2,0,0,2,0,NOT_COVERED,APPLIED,GEN-F0500-001-N-MA,"1,741",REPO_MAINTENANCE,Pondok Indah,Service Advisor PI,B 3699 PWE,"35,650"
"Sep 25, 2025, 10:02",WO-144602997190581840,SPAREPART,87eede8f-1064-4c4e-912d-9319aa96d5b0,Brake Pad H3 FR / RR H3,"26,000",0,2,0,0,2,0,NOT_COVERED,APPLIED,GEN-F0130-001-N-NE,"1,075",REPO_MAINTENANCE,Pondok Indah,Service Advisor PI,B 3699 PWE,"35,650"
"Sep 25, 2025, 10:02",WO-144602997190581840,SPAREPART,0e63dd11-3dfb-40f2-9820-7fc9cc0b12bc,Front fork bearings H3,"42,021",0,1,0,0,1,0,NOT_COVERED,APPLIED,GEN-F0100-001-F-NE,849,REPO_MAINTENANCE,Pondok Indah,Service Advisor PI,B 3699 PWE,"35,650"
"Sep 25, 2025, 10:02",WO-144602997190581840,SPAREPART,d09f6b27-05e3-429e-8d59-5978689af06f,USB charging port H3,"12,627",0,1,0,0,1,0,NOT_COVERED,APPLIED,H3A-E40010-001-N-NE,871,REPO_MAINTENANCE,Pondok Indah,Service Advisor PI,B 3699 PWE,"35,650"
"Sep 25, 2025, 10:02",WO-144602997190581840,SPAREPART,00c93cf0-bacc-4e53-aab2-4aeeebf5bf3b,Air tape PVR 50 (5 mm) H3,"3,500",0,1,0,0,1,0,NOT_COVERED,APPLIED,GEN-F0420-002-N-NE,"1,740",REPO_MAINTENANCE,Pondok Indah,Service Advisor PI,B 3699 PWE,"35,650"
"Sep 25, 2025, 10:00",WO-144605818833100368,SPAREPART,79e0bbc0-0b87-4142-8e3f-0b3ccdc86641,Brake Pad Kit H5 -2-01 (Canvas Rem) H5,"28,500",0,1,0,0,1,0,NOT_COVERED,APPLIED,GEN-F1140-001-R-NE,"1,759",WALK_IN_MAINTENANCE,Pondok Indah,Eka Pitaloka,B 4705 SVN,"5,671"
"Sep 25, 2025, 10:00",WO-144605818833100368,SPAREPART,961d9d47-7edd-48fd-9f8d-69939c9a6266,Electric seat lock H5,"100,000",0,1,0,0,1,0,NOT_COVERED,APPLIED,H5A-F0810-001-N-NE,936,WALK_IN_MAINTENANCE,Pondok Indah,Eka Pitaloka,B 4705 SVN,"5,671"
"Sep 25, 2025, 10:00",WO-144605818833100368,SPAREPART,fa116921-3f09-44e1-b709-86b1780d9253,Brake Pad Kit H5 -1-01 (Canvas Rem) H5,"39,500",0,1,0,0,1,0,NOT_COVERED,APPLIED,GEN-F1130-001-F-NE,"1,758",WALK_IN_MAINTENANCE,Pondok Indah,Eka Pitaloka,B 4705 SVN,"5,671"
"Sep 25, 2025, 09:57",WO-144725312054254100,SPAREPART,5075f880-8de8-488e-9bca-4db3d05c3583,Brake pad Front H1 - Fr H1,"26,000",0,1,0,0,1,0,NEW_ONBOARDING,APPLIED,GEN-F1280-001-N-NE,"1,789",REGULAR,Pondok Indah,Muhammad Riduwan,B 4419 SWD,"4,390"
"Sep 25, 2025, 09:53",WO-144501082331044372,SPAREPART,a8261683-77ce-4c3a-969e-8c7de608fd1b,Flasher H3,"7,912",0,1,0,0,1,0,NOT_COVERED,APPLIED,H3A-E50010-001-N-NE,874,REPO_MAINTENANCE,Pondok Indah,Service Advisor PI,B 4115 SVT,"35,682"
"Sep 25, 2025, 09:48",WO-144488893415184916,SPAREPART,87eede8f-1064-4c4e-912d-9319aa96d5b0,Brake Pad H3 FR / RR H3,"26,000",0,2,0,0,2,0,NEW_ONBOARDING,APPLIED,GEN-F0130-001-N-NE,"1,075",REPO_MAINTENANCE,Pondok Indah,Nur Rokhim,B 3572 PWE,"20,689"
"Sep 25, 2025, 09:47",WO-144500921538207312,SPAREPART,ec86c430-e74c-451d-8d93-6d47384acc17,Tire 90/90-12 H3 (KENDA) H3,"100,000",0,1,0,0,1,0,NOT_COVERED,APPLIED,GEN-F0500-001-N-MA,"1,741",REPO_MAINTENANCE,Pondok Indah,Service Advisor PI,B 4639 SVN,"345,268"
"Sep 25, 2025, 09:44",WO-144719913632685648,SPAREPART,fa116921-3f09-44e1-b709-86b1780d9253,Brake Pad Kit H5 -1-01 (Canvas Rem) H5,"39,500",0,1,0,0,1,0,NOT_COVERED,APPLIED,GEN-F1130-001-F-NE,"1,758",REGULAR,Kembangan,Irawan,B 4927 SVN,"37,359"
"Sep 25, 2025, 09:42",WO-144607333211725392,SPAREPART,87eede8f-1064-4c4e-912d-9319aa96d5b0,Brake Pad H3 FR / RR H3,"26,000",0,1,0,0,1,0,NOT_COVERED,APPLIED,GEN-F0130-001-N-NE,"1,075",WALK_IN_MAINTENANCE,Pondok Indah,Eka Pitaloka,B 4832 SVR,"467,825"
"Sep 25, 2025, 09:42",WO-144607333211725392,SPAREPART,0e63dd11-3dfb-40f2-9820-7fc9cc0b12bc,Front fork bearings H3,"42,021",0,1,0,0,1,0,NOT_COVERED,APPLIED,GEN-F0100-001-F-NE,849,WALK_IN_MAINTENANCE,Pondok Indah,Eka Pitaloka,B 4832 SVR,"467,825"
"Sep 25, 2025, 09:42",WO-144607333211725392,SPAREPART,39480043-3109-4561-9129-6deba2de1b03,Falt fork H3,"100,000",0,1,0,0,1,0,NOT_COVERED,APPLIED,H3A-F0380-001-N-NE,835,WALK_IN_MAINTENANCE,Pondok Indah,Eka Pitaloka,B 4832 SVR,"467,825"
"Sep 25, 2025, 09:32",WO-144722679927168592,SPAREPART,87eede8f-1064-4c4e-912d-9319aa96d5b0,Brake Pad H3 FR / RR H3,"26,000",0,2,0,0,2,0,NEW_ONBOARDING,APPLIED,GEN-F0130-001-N-NE,"1,075",REGULAR,Pondok Indah,Faiz Zaidan Alghifari Ramadhan,B 3614 PWG,"15,552"
"Sep 25, 2025, 09:32",WO-144722679927168592,SPAREPART,ec86c430-e74c-451d-8d93-6d47384acc17,Tire 90/90-12 H3 (KENDA) H3,"135,796",0,2,0,0,2,0,NEW_ONBOARDING,APPLIED,GEN-F0500-001-N-MA,"1,741",REGULAR,Pondok Indah,Faiz Zaidan Alghifari Ramadhan,B 3614 PWG,"15,552"
"Sep 25, 2025, 09:30",WO-144599758902680084,SPAREPART,00c93cf0-bacc-4e53-aab2-4aeeebf5bf3b,Air tape PVR 50 (5 mm) H3,"3,500",0,1,0,0,1,0,NOT_COVERED,APPLIED,GEN-F0420-002-N-NE,"1,740",STORING,Pondok Indah,Naufal Rabbani,B 3895 PWF,"32,222"
"Sep 25, 2025, 09:24",WO-144722036487379476,SPAREPART,87eede8f-1064-4c4e-912d-9319aa96d5b0,Brake Pad H3 FR / RR H3,"26,000",0,2,0,0,2,0,NEW_ONBOARDING,APPLIED,GEN-F0130-001-N-NE,"1,075",REGULAR,Pondok Indah,Muhammad Riduwan,B 4050 SWB,"16,917"
"Sep 25, 2025, 09:22",WO-144721764730035792,SPAREPART,87eede8f-1064-4c4e-912d-9319aa96d5b0,Brake Pad H3 FR / RR H3,"26,000",0,1,0,0,1,0,NOT_COVERED,APPLIED,GEN-F0130-001-N-NE,"1,075",REGULAR,Bekasi,Service Advisor Bekasi,B 4203 SVP,"402,948"
"Sep 25, 2025, 09:20",WO-144501082331044372,SPAREPART,24f4995a-befd-4ad6-a490-c6318261742f,Cover Plat Nomer H3,"18,500",0,2,0,0,2,0,NOT_COVERED,APPLIED,GEN-A0140-001-N-MA,"1,738",REPO_MAINTENANCE,Pondok Indah,Service Advisor PI,B 4115 SVT,"35,682"
"Sep 25, 2025, 09:20",WO-144501082331044372,SPAREPART,87eede8f-1064-4c4e-912d-9319aa96d5b0,Brake Pad H3 FR / RR H3,"26,000",0,2,0,0,2,0,NOT_COVERED,APPLIED,GEN-F0130-001-N-NE,"1,075",REPO_MAINTENANCE,Pondok Indah,Service Advisor PI,B 4115 SVT,"35,682"
"Sep 25, 2025, 09:20",WO-144501082331044372,SPAREPART,ed2d7066-5b3b-40b2-af5d-da543675359a,Lubricant (REXCO 50) H3,"37,752",0,1,0,0,1,0,NOT_COVERED,APPLIED,GEN-K0080-001-N-NE,"1,747",REPO_MAINTENANCE,Pondok Indah,Service Advisor PI,B 4115 SVT,"35,682"
"Sep 25, 2025, 09:16",WO-144721171772890704,SPAREPART,87eede8f-1064-4c4e-912d-9319aa96d5b0,Brake Pad H3 FR / RR H3,"26,000",0,2,0,0,2,0,NEW_ONBOARDING,APPLIED,GEN-F0130-001-N-NE,"1,075",REGULAR,Pondok Indah,Muhammad Riduwan,B 4673 SWA,"25,661"
"Sep 25, 2025, 09:14",WO-144719661102030416,SPAREPART,87eede8f-1064-4c4e-912d-9319aa96d5b0,Brake Pad H3 FR / RR H3,"26,000",0,1,0,0,1,0,NOT_COVERED,APPLIED,GEN-F0130-001-N-NE,"1,075",REGULAR,Kembangan,Irawan,B 4552 SVT,"53,261"
"Sep 25, 2025, 09:13",WO-144719422244805140,SPAREPART,87eede8f-1064-4c4e-912d-9319aa96d5b0,Brake Pad H3 FR / RR H3,"26,000",0,1,0,0,1,0,NOT_COVERED,APPLIED,GEN-F0130-001-N-NE,"1,075",REGULAR,Kembangan,Irawan,B 3998 PWF,"27,767"
"Sep 25, 2025, 09:13",WO-144720827974179348,SPAREPART,87eede8f-1064-4c4e-912d-9319aa96d5b0,Brake Pad H3 FR / RR H3,"26,000",0,2,0,0,2,0,NEW_ONBOARDING,APPLIED,GEN-F0130-001-N-NE,"1,075",REGULAR,Pondok Indah,Muhammad Riduwan,B 4851 SVR,"45,747"
"Sep 25, 2025, 09:12",WO-144710356323818004,SPAREPART,0e0b97f2-dbdf-406c-9f9f-50593bec1724,Cable throttle holder H5,"5,129","41,000",1,0,0,1,"41,000",NOT_COVERED,APPLIED,H5A-E70160-001-N-NE,950,STORING,Pondok Indah,Eka Pitaloka,B 4905 SVN,"6,226"
"Sep 25, 2025, 09:10",WO-144497510965075536,SPAREPART,87eede8f-1064-4c4e-912d-9319aa96d5b0,Brake Pad H3 FR / RR H3,"26,000",0,1,0,0,1,0,NOT_COVERED,APPLIED,GEN-F0130-001-N-NE,"1,075",REPO_MAINTENANCE,Pondok Indah,Service Advisor PI,B 4755 SVP,"23,345"
"Sep 25, 2025, 09:10",WO-144497510965075536,SPAREPART,0e63dd11-3dfb-40f2-9820-7fc9cc0b12bc,Front fork bearings H3,"42,021",0,1,0,0,1,0,NOT_COVERED,APPLIED,GEN-F0100-001-F-NE,849,REPO_MAINTENANCE,Pondok Indah,Service Advisor PI,B 4755 SVP,"23,345"
"Sep 25, 2025, 09:10",WO-144720435454433812,SPAREPART,87eede8f-1064-4c4e-912d-9319aa96d5b0,Brake Pad H3 FR / RR H3,"26,000",0,2,0,0,2,0,NEW_ONBOARDING,APPLIED,GEN-F0130-001-N-NE,"1,075",REGULAR,Pondok Indah,Faiz Zaidan Alghifari Ramadhan,B 4744 SVP,"57,829"
"Sep 25, 2025, 09:08",WO-144620604157352468,SPAREPART,24f4995a-befd-4ad6-a490-c6318261742f,Cover Plat Nomer H3,"18,500","18,500",1,0,0,1,"18,500",NOT_COVERED,APPLIED,GEN-A0140-001-N-MA,"1,738",INTERNAL_SERVICE,Pondok Indah,Muhammad Renaldi Filriski,B 4116 SVP,"30,363"
"Sep 25, 2025, 09:06",WO-144588674397395476,SPAREPART,ec86c430-e74c-451d-8d93-6d47384acc17,Tire 90/90-12 H3 (KENDA) H3,"100,000",0,1,0,0,1,0,NEW_ONBOARDING,APPLIED,GEN-F0500-001-N-MA,"1,741",WALK_IN_MAINTENANCE,Pondok Indah,Nur Rokhim,B 3534 PWE,"28,296"
"Sep 25, 2025, 09:06",WO-144588674397395476,SPAREPART,d09f6b27-05e3-429e-8d59-5978689af06f,USB charging port H3,"12,627",0,1,0,0,1,0,NEW_ONBOARDING,APPLIED,H3A-E40010-001-N-NE,871,WALK_IN_MAINTENANCE,Pondok Indah,Nur Rokhim,B 3534 PWE,"28,296"
"Sep 25, 2025, 09:06",WO-144588674397395476,SPAREPART,87eede8f-1064-4c4e-912d-9319aa96d5b0,Brake Pad H3 FR / RR H3,"26,000",0,2,0,0,2,0,NEW_ONBOARDING,APPLIED,GEN-F0130-001-N-NE,"1,075",WALK_IN_MAINTENANCE,Pondok Indah,Nur Rokhim,B 3534 PWE,"28,296"
"Sep 25, 2025, 09:06",WO-144497627432509008,SPAREPART,87eede8f-1064-4c4e-912d-9319aa96d5b0,Brake Pad H3 FR / RR H3,"26,000",0,2,0,0,2,0,NOT_COVERED,APPLIED,GEN-F0130-001-N-NE,"1,075",REPO_MAINTENANCE,Pondok Indah,Service Advisor PI,B 4267 SWA,"3,423"
"Sep 25, 2025, 09:06",WO-144720076019359312,SPAREPART,87eede8f-1064-4c4e-912d-9319aa96d5b0,Brake Pad H3 FR / RR H3,"26,000",0,2,0,0,2,0,NEW_ONBOARDING,APPLIED,GEN-F0130-001-N-NE,"1,075",REGULAR,Pondok Indah,Muhammad Riduwan,B 4454 SVV,"23,768"
"Sep 25, 2025, 09:06",WO-144720076019359312,SPAREPART,ec86c430-e74c-451d-8d93-6d47384acc17,Tire 90/90-12 H3 (KENDA) H3,"135,796",0,1,0,0,1,0,NEW_ONBOARDING,APPLIED,GEN-F0500-001-N-MA,"1,741",REGULAR,Pondok Indah,Muhammad Riduwan,B 4454 SVV,"23,768"
"Sep 25, 2025, 09:05",WO-144710934886111764,SPAREPART,9ae448db-156e-4e8b-8980-6f520521c921,Speed control handle cable H3,"16,169","49,000",1,0,0,1,"49,000",NOT_COVERED,APPLIED,H3A-E70090-001-N-BL,857,STORING,Pondok Indah,Eka Pitaloka,B 4612 SVT,"42,157"
"Sep 25, 2025, 09:02",WO-144719686603397652,SPAREPART,87eede8f-1064-4c4e-912d-9319aa96d5b0,Brake Pad H3 FR / RR H3,"26,000",0,2,0,0,2,0,NEW_ONBOARDING,APPLIED,GEN-F0130-001-N-NE,"1,075",REGULAR,Pondok Indah,Faiz Zaidan Alghifari Ramadhan,B 4738 SVO,"39,273"
"Sep 25, 2025, 00:54",WO-144631961007184404,SPAREPART,9ae448db-156e-4e8b-8980-6f520521c921,Speed control handle cable H3,"16,169",0,1,0,0,1,0,NOT_COVERED,APPLIED,H3A-E70090-001-N-BL,857,STORING,Pondok Indah,Naufal Rabbani,B 4021 SVT,"41,147"
"Sep 24, 2025, 22:12",WO-144609023231023636,SPAREPART,fa116921-3f09-44e1-b709-86b1780d9253,Brake Pad Kit H5 -1-01 (Canvas Rem) H5,"39,500",0,1,0,0,1,0,NOT_COVERED,APPLIED,GEN-F1130-001-F-NE,"1,758",STORING,Pondok Indah,Service Advisor PI,B 4577 SVL,"2,412"
"Sep 24, 2025, 22:12",WO-144609023231023636,SPAREPART,79e0bbc0-0b87-4142-8e3f-0b3ccdc86641,Brake Pad Kit H5 -2-01 (Canvas Rem) H5,"28,500",0,1,0,0,1,0,NOT_COVERED,APPLIED,GEN-F1140-001-R-NE,"1,759",STORING,Pondok Indah,Service Advisor PI,B 4577 SVL,"2,412"
"Sep 24, 2025, 21:31",WO-143879183884358588,SPAREPART,ec86c430-e74c-451d-8d93-6d47384acc17,Tire 90/90-12 H3 (KENDA) H3,"135,796",0,1,0,0,1,0,NOT_COVERED,APPLIED,GEN-F0500-001-N-MA,"1,741",STORING,Pondok Indah,Naufal Rabbani,B 4136 SVV,"259,347"
"Sep 24, 2025, 21:31",WO-143879183884358588,SPAREPART,87eede8f-1064-4c4e-912d-9319aa96d5b0,Brake Pad H3 FR / RR H3,"26,000",0,2,0,0,2,0,NOT_COVERED,APPLIED,GEN-F0130-001-N-NE,"1,075",STORING,Pondok Indah,Naufal Rabbani,B 4136 SVV,"259,347"
"Sep 24, 2025, 21:24",WO-144649534956395028,SPAREPART,a9442c3f-e76f-43c3-a77d-5d3b82215487,rear license plate H5,"16,882","16,882",1,0,0,1,"16,882",NOT_COVERED,APPLIED,H5A-F0850-001-N-NE,990,INTERNAL_SERVICE,Bekasi,Affani,B 4675 SVN,"47,350"
"Sep 24, 2025, 21:23",WO-144649339417943632,SPAREPART,5be76264-7073-480b-908b-72393aa5966c,Main cable H5,"100,000","100,000",1,0,0,1,"100,000",NOT_COVERED,APPLIED,H5A-E30050-001-N-NE,961,INTERNAL_SERVICE,Bekasi,Affani,B 4208 SVO,"56,051"
"Sep 24, 2025, 18:15",WO-144630400273112656,SPAREPART,87eede8f-1064-4c4e-912d-9319aa96d5b0,Brake Pad H3 FR / RR H3,"26,000","26,000",2,0,0,2,"52,000",NOT_COVERED,APPLIED,GEN-F0130-001-N-NE,"1,075",REPO_MAINTENANCE,Depok,rizki nuriman,B 4447 SVR,"42,000"
"Sep 24, 2025, 17:33",WO-144466676170120784,SPAREPART,87eede8f-1064-4c4e-912d-9319aa96d5b0,Brake Pad H3 FR / RR H3,"26,000",0,2,0,0,2,0,NOT_COVERED,APPLIED,GEN-F0130-001-N-NE,"1,075",STORING,Pondok Indah,Naufal Rabbani,B 4128 SWB,"23,232"
"Sep 24, 2025, 17:12",WO-144490260976393808,SPAREPART,87eede8f-1064-4c4e-912d-9319aa96d5b0,Brake Pad H3 FR / RR H3,"26,000",0,1,0,0,1,0,NOT_COVERED,APPLIED,GEN-F0130-001-N-NE,"1,075",REPO_MAINTENANCE,Pondok Indah,Service Advisor PI,B 4328 SVP,"52,591"
"Sep 24, 2025, 17:12",WO-144490260976393808,SPAREPART,ec86c430-e74c-451d-8d93-6d47384acc17,Tire 90/90-12 H3 (KENDA) H3,"100,000",0,1,0,0,1,0,NOT_COVERED,APPLIED,GEN-F0500-001-N-MA,"1,741",REPO_MAINTENANCE,Pondok Indah,Service Advisor PI,B 4328 SVP,"52,591"
"Sep 24, 2025, 17:02",WO-144571783431870996,SPAREPART,87eede8f-1064-4c4e-912d-9319aa96d5b0,Brake Pad H3 FR / RR H3,"26,000","26,000",1,0,0,1,"26,000",NOT_COVERED,APPLIED,GEN-F0130-001-N-NE,"1,075",INTERNAL_SERVICE,Bekasi,Affani,B 4332 SVP,"41,067"
"Sep 24, 2025, 16:55",WO-144615965273905684,SPAREPART,87eede8f-1064-4c4e-912d-9319aa96d5b0,Brake Pad H3 FR / RR H3,"26,000",0,1,0,0,1,0,NOT_COVERED,APPLIED,GEN-F0130-001-N-NE,"1,075",WALK_IN_MAINTENANCE,Pondok Indah,Eka Pitaloka,B 4586 SVP,"42,554"
"Sep 24, 2025, 16:53",WO-143719734582449084,SPAREPART,ec86c430-e74c-451d-8d93-6d47384acc17,Tire 90/90-12 H3 (KENDA) H3,"100,000",0,2,0,0,2,0,NOT_COVERED,APPLIED,GEN-F0500-001-N-MA,"1,741",STORING,Pondok Indah,Naufal Rabbani,B 4358 SVP,"44,886"
"Sep 24, 2025, 16:53",WO-143719734582449084,SPAREPART,87eede8f-1064-4c4e-912d-9319aa96d5b0,Brake Pad H3 FR / RR H3,"26,000",0,2,0,0,2,0,NOT_COVERED,APPLIED,GEN-F0130-001-N-NE,"1,075",STORING,Pondok Indah,Naufal Rabbani,B 4358 SVP,"44,886"
"Sep 24, 2025, 16:53",WO-143719734582449084,SPAREPART,9ae448db-156e-4e8b-8980-6f520521c921,Speed control handle cable H3,"16,169",0,1,0,0,1,0,NOT_COVERED,APPLIED,H3A-E70090-001-N-BL,857,STORING,Pondok Indah,Naufal Rabbani,B 4358 SVP,"44,886"
"Sep 24, 2025, 16:53",WO-143719734582449084,SPAREPART,0e63dd11-3dfb-40f2-9820-7fc9cc0b12bc,Front fork bearings H3,"42,021",0,1,0,0,1,0,NOT_COVERED,APPLIED,GEN-F0100-001-F-NE,849,STORING,Pondok Indah,Naufal Rabbani,B 4358 SVP,"44,886"
"Sep 24, 2025, 16:48",WO-144611675239111188,SPAREPART,fa116921-3f09-44e1-b709-86b1780d9253,Brake Pad Kit H5 -1-01 (Canvas Rem) H5,"39,500",0,1,0,0,1,0,NOT_COVERED,APPLIED,GEN-F1130-001-F-NE,"1,758",REGULAR,Pondok Indah,Service Advisor PI,B 4082 SVO,"42,884"
"Sep 24, 2025, 16:48",WO-144611675239111188,SPAREPART,79e0bbc0-0b87-4142-8e3f-0b3ccdc86641,Brake Pad Kit H5 -2-01 (Canvas Rem) H5,"28,500",0,1,0,0,1,0,NOT_COVERED,APPLIED,GEN-F1140-001-R-NE,"1,759",REGULAR,Pondok Indah,Service Advisor PI,B 4082 SVO,"42,884"
"Sep 24, 2025, 16:45",WO-144366528203087440,SPAREPART,0e63dd11-3dfb-40f2-9820-7fc9cc0b12bc,Front fork bearings H3,"42,021",0,1,0,0,1,0,NOT_COVERED,APPLIED,GEN-F0100-001-F-NE,849,REPO_MAINTENANCE,Pondok Indah,Service Advisor PI,B 4310 SWA,"23,456"
"Sep 24, 2025, 16:45",WO-144366528203087440,SPAREPART,ec86c430-e74c-451d-8d93-6d47384acc17,Tire 90/90-12 H3 (KENDA) H3,"100,000",0,1,0,0,1,0,NOT_COVERED,APPLIED,GEN-F0500-001-N-MA,"1,741",REPO_MAINTENANCE,Pondok Indah,Service Advisor PI,B 4310 SWA,"23,456"
"Sep 24, 2025, 16:45",WO-144366528203087440,SPAREPART,87eede8f-1064-4c4e-912d-9319aa96d5b0,Brake Pad H3 FR / RR H3,"26,000",0,2,0,0,2,0,NOT_COVERED,APPLIED,GEN-F0130-001-N-NE,"1,075",REPO_MAINTENANCE,Pondok Indah,Service Advisor PI,B 4310 SWA,"23,456"
"Sep 24, 2025, 16:43",WO-144353536245784144,SPAREPART,ec86c430-e74c-451d-8d93-6d47384acc17,Tire 90/90-12 H3 (KENDA) H3,"100,000",0,2,0,0,2,0,NOT_COVERED,APPLIED,GEN-F0500-001-N-MA,"1,741",REPO_MAINTENANCE,Pondok Indah,Service Advisor PI,B 3564 PWE,"31,439"
"Sep 24, 2025, 16:43",WO-144353536245784144,SPAREPART,4f61b5b1-5307-4fb7-b626-d5a1c1cabd30,Lock plate cable H3,"8,096",0,1,0,0,1,0,NOT_COVERED,APPLIED,H3A-F0400-001-N-NE,856,REPO_MAINTENANCE,Pondok Indah,Service Advisor PI,B 3564 PWE,"31,439"
"Sep 24, 2025, 16:43",WO-144353536245784144,SPAREPART,87eede8f-1064-4c4e-912d-9319aa96d5b0,Brake Pad H3 FR / RR H3,"26,000",0,2,0,0,2,0,NOT_COVERED,APPLIED,GEN-F0130-001-N-NE,"1,075",REPO_MAINTENANCE,Pondok Indah,Service Advisor PI,B 3564 PWE,"31,439"
"Sep 24, 2025, 16:34",WO-144497403943213588,SPAREPART,87eede8f-1064-4c4e-912d-9319aa96d5b0,Brake Pad H3 FR / RR H3,"26,000",0,1,0,0,1,0,NEW_ONBOARDING,APPLIED,GEN-F0130-001-N-NE,"1,075",REPO_MAINTENANCE,Pondok Indah,Nur Rokhim,B 4871 SVS,"34,234"
"Sep 24, 2025, 16:34",WO-144497403943213588,SPAREPART,c52ca52a-85ef-43ad-8637-a9a65142da16,Rear disc brake disc H3,"26,519",0,1,0,0,1,0,NEW_ONBOARDING,APPLIED,GEN-F0190-001-R-NE,854,REPO_MAINTENANCE,Pondok Indah,Nur Rokhim,B 4871 SVS,"34,234"
"Sep 24, 2025, 16:34",WO-144497403943213588,SPAREPART,ec86c430-e74c-451d-8d93-6d47384acc17,Tire 90/90-12 H3 (KENDA) H3,"100,000",0,1,0,0,1,0,NEW_ONBOARDING,APPLIED,GEN-F0500-001-N-MA,"1,741",REPO_MAINTENANCE,Pondok Indah,Nur Rokhim,B 4871 SVS,"34,234"
"Sep 24, 2025, 16:20",WO-144615282407660052,SPAREPART,87eede8f-1064-4c4e-912d-9319aa96d5b0,Brake Pad H3 FR / RR H3,"26,000",0,1,0,0,1,0,NOT_COVERED,APPLIED,GEN-F0130-001-N-NE,"1,075",WALK_IN_MAINTENANCE,Pondok Indah,Eka Pitaloka,B 3462 PWE,"31,905"
"Sep 24, 2025, 16:20",WO-144615282407660052,SPAREPART,ec86c430-e74c-451d-8d93-6d47384acc17,Tire 90/90-12 H3 (KENDA) H3,"100,000",0,1,0,0,1,0,NOT_COVERED,APPLIED,GEN-F0500-001-N-MA,"1,741",WALK_IN_MAINTENANCE,Pondok Indah,Eka Pitaloka,B 3462 PWE,"31,905"
"Sep 24, 2025, 16:16",WO-144618356782161488,SPAREPART,87eede8f-1064-4c4e-912d-9319aa96d5b0,Brake Pad H3 FR / RR H3,"26,000",0,1,0,0,1,0,NOT_COVERED,APPLIED,GEN-F0130-001-N-NE,"1,075",STORING,Pondok Indah,Service Advisor PI,B 4545 SVT,"43,456"
"Sep 24, 2025, 16:09",WO-144617595985746452,SPAREPART,87eede8f-1064-4c4e-912d-9319aa96d5b0,Brake Pad H3 FR / RR H3,"26,000",0,2,0,0,2,0,PREVIOUS_SERVICE,APPLIED,GEN-F0130-001-N-NE,"1,075",REGULAR,Depok,Arif Purnomo,B 4360 SVP,"48,119"
"Sep 24, 2025, 15:57",WO-144611156789583440,SPAREPART,87eede8f-1064-4c4e-912d-9319aa96d5b0,Brake Pad H3 FR / RR H3,"26,000",0,1,0,0,1,0,NOT_COVERED,APPLIED,GEN-F0130-001-N-NE,"1,075",REGULAR,Pondok Indah,Eka Pitaloka,B 4824 SVT,"43,881"
"Sep 24, 2025, 15:49",WO-144370218049756752,SPAREPART,6f887a0a-e2ae-4556-afe9-b554bb26559f,Headlight H3,"100,000",0,1,0,0,1,0,NOT_COVERED,APPLIED,H3A-E60030-001-N-NE,821,REPO_MAINTENANCE,Pondok Indah,Service Advisor PI,B 4554 SVR,"54,534"
"Sep 24, 2025, 15:49",WO-144370218049756752,SPAREPART,ec86c430-e74c-451d-8d93-6d47384acc17,Tire 90/90-12 H3 (KENDA) H3,"100,000",0,1,0,0,1,0,NOT_COVERED,APPLIED,GEN-F0500-001-N-MA,"1,741",REPO_MAINTENANCE,Pondok Indah,Service Advisor PI,B 4554 SVR,"54,534"
"Sep 24, 2025, 15:49",WO-144370218049756752,SPAREPART,c52ca52a-85ef-43ad-8637-a9a65142da16,Rear disc brake disc H3,"26,519",0,1,0,0,1,0,NOT_COVERED,APPLIED,GEN-F0190-001-R-NE,854,REPO_MAINTENANCE,Pondok Indah,Service Advisor PI,B 4554 SVR,"54,534"
"Sep 24, 2025, 15:49",WO-144370218049756752,SPAREPART,0e63dd11-3dfb-40f2-9820-7fc9cc0b12bc,Front fork bearings H3,"42,021",0,1,0,0,1,0,NOT_COVERED,APPLIED,GEN-F0100-001-F-NE,849,REPO_MAINTENANCE,Pondok Indah,Service Advisor PI,B 4554 SVR,"54,534"
"Sep 24, 2025, 15:49",WO-144370218049756752,SPAREPART,87eede8f-1064-4c4e-912d-9319aa96d5b0,Brake Pad H3 FR / RR H3,"26,000",0,2,0,0,2,0,NOT_COVERED,APPLIED,GEN-F0130-001-N-NE,"1,075",REPO_MAINTENANCE,Pondok Indah,Service Advisor PI,B 4554 SVR,"54,534"
"Sep 24, 2025, 15:49",WO-144370218049756752,SPAREPART,b9d1544b-4822-4e87-8c8a-ad3eccb9bf75,Rear mirror H3,"26,000",0,1,0,0,1,0,NOT_COVERED,APPLIED,GEN-A0050-001-R-NE,859,REPO_MAINTENANCE,Pondok Indah,Service Advisor PI,B 4554 SVR,"54,534"
"Sep 24, 2025, 15:46",WO-144614007507016212,SPAREPART,0e0b97f2-dbdf-406c-9f9f-50593bec1724,Cable throttle holder H5,"5,129","41,000",1,0,0,1,"41,000",NOT_COVERED,APPLIED,H5A-E70160-001-N-NE,950,STORING,Pondok Indah,Eka Pitaloka,B 5160 SVL,"34,345"
"Sep 24, 2025, 15:41",WO-144500417332534864,SPAREPART,87eede8f-1064-4c4e-912d-9319aa96d5b0,Brake Pad H3 FR / RR H3,"26,000",0,1,0,0,1,0,NOT_COVERED,APPLIED,GEN-F0130-001-N-NE,"1,075",REPO_MAINTENANCE,Pondok Indah,Tommy Septian,B 4418 SVT,"23,564"
"Sep 24, 2025, 15:35",WO-144614380883959376,SPAREPART,1ac25aee-ff64-497d-a915-e4617a1892ae,Bearing Nachi 6201 H3,"13,967","13,967",2,0,0,2,"27,934",NOT_COVERED,APPLIED,GEN-F0060-001-F-NE,"1,735",INTERNAL_SERVICE,Bekasi,Affani,B 4767 SVP,"322,394"
"Sep 24, 2025, 15:32",WO-144613144772237844,SPAREPART,87eede8f-1064-4c4e-912d-9319aa96d5b0,Brake Pad H3 FR / RR H3,"26,000",0,1,0,0,1,0,NOT_COVERED,APPLIED,GEN-F0130-001-N-NE,"1,075",REGULAR,Kembangan,Irawan,B 4225 SVP,"50,575"
"Sep 24, 2025, 15:19",WO-144612695763607120,SPAREPART,87eede8f-1064-4c4e-912d-9319aa96d5b0,Brake Pad H3 FR / RR H3,"26,000",0,2,0,0,2,0,NEW_ONBOARDING,APPLIED,GEN-F0130-001-N-NE,"1,075",REGULAR,Pondok Indah,Muhammad Riduwan,B 4901 SVT,"50,832"
"Sep 24, 2025, 15:13",WO-144612152701902416,SPAREPART,87eede8f-1064-4c4e-912d-9319aa96d5b0,Brake Pad H3 FR / RR H3,"26,000",0,2,0,0,2,0,NEW_ONBOARDING,APPLIED,GEN-F0130-001-N-NE,"1,075",REGULAR,Pondok Indah,Faiz Zaidan Alghifari Ramadhan,B 4406 SVT,"44,723"
"Sep 24, 2025, 15:13",WO-144612024440085012,SPAREPART,87eede8f-1064-4c4e-912d-9319aa96d5b0,Brake Pad H3 FR / RR H3,"26,000",0,2,0,0,2,0,NOT_COVERED,APPLIED,GEN-F0130-001-N-NE,"1,075",REGULAR,Bekasi,Service Advisor Bekasi,B 4817 SVT,"423,300"
"Sep 24, 2025, 15:06",WO-144498789875472916,SPAREPART,87eede8f-1064-4c4e-912d-9319aa96d5b0,Brake Pad H3 FR / RR H3,"26,000",0,2,0,0,2,0,NEW_ONBOARDING,APPLIED,GEN-F0130-001-N-NE,"1,075",REPO_MAINTENANCE,Pondok Indah,Nur Rokhim,B 4563 SVP,"34,245"
"Sep 24, 2025, 15:02",WO-144610990258937424,SPAREPART,87eede8f-1064-4c4e-912d-9319aa96d5b0,Brake Pad H3 FR / RR H3,"26,000","26,000",2,0,0,2,"52,000",NOT_COVERED,APPLIED,GEN-F0130-001-N-NE,"1,075",INTERNAL_SERVICE,Depok,Andika Tempati,B 4496 SVR,"62,277"
"Sep 24, 2025, 14:43",WO-144446714571414036,SPAREPART,87eede8f-1064-4c4e-912d-9319aa96d5b0,Brake Pad H3 FR / RR H3,"26,000","26,000",2,0,0,2,"52,000",NOT_COVERED,APPLIED,GEN-F0130-001-N-NE,"1,075",INTERNAL_SERVICE,Pondok Indah,Farel Wahyudyansyah,B 4669 SVT,"44,852"
"Sep 24, 2025, 14:43",WO-144446714571414036,SPAREPART,849a10fd-aa14-4894-927f-c8045f2bc1f9,Front disc brake assembly without logo H3,"100,000","100,000",1,0,0,1,"100,000",NOT_COVERED,APPLIED,H3A-F0120-001-F-NE,850,INTERNAL_SERVICE,Pondok Indah,Farel Wahyudyansyah,B 4669 SVT,"44,852"
"Sep 24, 2025, 14:40",WO-144608606652750356,SPAREPART,87eede8f-1064-4c4e-912d-9319aa96d5b0,Brake Pad H3 FR / RR H3,"26,000",0,2,0,0,2,0,PREVIOUS_SERVICE,APPLIED,GEN-F0130-001-N-NE,"1,075",REPO_MAINTENANCE,Depok,Andika Tempati,B 4602 SVO,"32,658"
"Sep 24, 2025, 14:35",WO-144589367447411220,SPAREPART,87eede8f-1064-4c4e-912d-9319aa96d5b0,Brake Pad H3 FR / RR H3,"26,000",0,2,0,0,2,0,NOT_COVERED,APPLIED,GEN-F0130-001-N-NE,"1,075",REPO_MAINTENANCE,Pondok Indah,Service Advisor PI,B 5271 BWJ,"28,704"
"Sep 24, 2025, 14:35",WO-144589367447411220,SPAREPART,ec86c430-e74c-451d-8d93-6d47384acc17,Tire 90/90-12 H3 (KENDA) H3,"100,000",0,1,0,0,1,0,NOT_COVERED,APPLIED,GEN-F0500-001-N-MA,"1,741",REPO_MAINTENANCE,Pondok Indah,Service Advisor PI,B 5271 BWJ,"28,704"
"Sep 24, 2025, 14:32",WO-144497249425055312,SPAREPART,87eede8f-1064-4c4e-912d-9319aa96d5b0,Brake Pad H3 FR / RR H3,"26,000",0,2,0,0,2,0,NEW_ONBOARDING,APPLIED,GEN-F0130-001-N-NE,"1,075",REPO_MAINTENANCE,Pondok Indah,Nur Rokhim,B 4028 SWB,"2,345"
"Sep 24, 2025, 14:29",WO-144584068279851540,SPAREPART,fa116921-3f09-44e1-b709-86b1780d9253,Brake Pad Kit H5 -1-01 (Canvas Rem) H5,"39,500",0,1,0,0,1,0,NOT_COVERED,APPLIED,GEN-F1130-001-F-NE,"1,758",WALK_IN_MAINTENANCE,Kembangan,Irawan,B 4399 SVL,"58,698"
"Sep 24, 2025, 14:28",WO-144584267257634384,SPAREPART,043e40c3-c4bb-46b3-beb0-9df5c34b5175,Throttle H5,"16,882",0,1,0,0,1,0,NOT_COVERED,APPLIED,H5A-F1070-001-N-NE,949,WALK_IN_MAINTENANCE,Kembangan,Irawan,B 4902 SVN,"79,310"
"Sep 24, 2025, 14:28",WO-144584267257634384,SPAREPART,f4d5b5d2-b179-40ff-8580-5da9da3f02b9,Central throttle switch (Lynk & co) H5,"38,916",0,1,0,0,1,0,NOT_COVERED,APPLIED,H5A-E70100-001-N-BL,948,WALK_IN_MAINTENANCE,Kembangan,Irawan,B 4902 SVN,"79,310"
"Sep 24, 2025, 14:28",WO-144607610052565524,SPAREPART,ec86c430-e74c-451d-8d93-6d47384acc17,Tire 90/90-12 H3 (KENDA) H3,"135,796",0,1,0,0,1,0,NEW_ONBOARDING,APPLIED,GEN-F0500-001-N-MA,"1,741",REGULAR,Pondok Indah,Muhamad Chaerudin,B 4759 SVT,"32,509"
"Sep 24, 2025, 14:28",WO-144607610052565524,SPAREPART,87eede8f-1064-4c4e-912d-9319aa96d5b0,Brake Pad H3 FR / RR H3,"26,000",0,2,0,0,2,0,NEW_ONBOARDING,APPLIED,GEN-F0130-001-N-NE,"1,075",REGULAR,Pondok Indah,Muhamad Chaerudin,B 4759 SVT,"32,509"
"Sep 24, 2025, 14:24",WO-144603584779017808,SPAREPART,d09f6b27-05e3-429e-8d59-5978689af06f,USB charging port H3,"12,627",0,1,0,0,1,0,NOT_COVERED,APPLIED,H3A-E40010-001-N-NE,871,STORING,Pondok Indah,Service Advisor PI,B 4395 SVT,"30,376"
"Sep 24, 2025, 14:22",WO-144583210158807572,SPAREPART,87eede8f-1064-4c4e-912d-9319aa96d5b0,Brake Pad H3 FR / RR H3,"26,000",0,2,0,0,2,0,PREVIOUS_SERVICE,APPLIED,GEN-F0130-001-N-NE,"1,075",WALK_IN_MAINTENANCE,Depok,Andika Tempati,B 4027 SVT,"35,857"
"Sep 24, 2025, 14:22",WO-144600639119318608,SPAREPART,87eede8f-1064-4c4e-912d-9319aa96d5b0,Brake Pad H3 FR / RR H3,"26,000",0,2,0,0,2,0,NOT_COVERED,APPLIED,GEN-F0130-001-N-NE,"1,075",STORING,Pondok Indah,Eka Pitaloka,B 4278 SVP,"49,834"
"Sep 24, 2025, 14:21",WO-144606942839463504,SPAREPART,ec86c430-e74c-451d-8d93-6d47384acc17,Tire 90/90-12 H3 (KENDA) H3,"100,000","100,000",1,0,0,1,"100,000",NOT_COVERED,APPLIED,GEN-F0500-001-N-MA,"1,741",REGULAR,Bekasi,Service Advisor Bekasi,B 3676 PWE,"428,109"
"Sep 24, 2025, 14:21",WO-144606942839463504,SPAREPART,87eede8f-1064-4c4e-912d-9319aa96d5b0,Brake Pad H3 FR / RR H3,"26,000",0,1,0,0,1,0,NOT_COVERED,APPLIED,GEN-F0130-001-N-NE,"1,075",REGULAR,Bekasi,Service Advisor Bekasi,B 3676 PWE,"428,109"
"Sep 24, 2025, 14:20",WO-144606714954537492,SPAREPART,fa116921-3f09-44e1-b709-86b1780d9253,Brake Pad Kit H5 -1-01 (Canvas Rem) H5,"39,500","39,500",1,0,0,1,"39,500",NOT_COVERED,APPLIED,GEN-F1130-001-F-NE,"1,758",WALK_IN_MAINTENANCE,Bekasi,Affani,B 5191 SVL,"25,006"
"Sep 24, 2025, 14:17",WO-144605968871741972,SPAREPART,87eede8f-1064-4c4e-912d-9319aa96d5b0,Brake Pad H3 FR / RR H3,"26,000",0,1,0,0,1,0,NOT_COVERED,APPLIED,GEN-F0130-001-N-NE,"1,075",REGULAR,Bekasi,Service Advisor Bekasi,B 4383 SVT,"538,497"
"Sep 24, 2025, 14:16",WO-144606227509303828,SPAREPART,87eede8f-1064-4c4e-912d-9319aa96d5b0,Brake Pad H3 FR / RR H3,"26,000",0,2,0,0,2,0,NEW_ONBOARDING,APPLIED,GEN-F0130-001-N-NE,"1,075",REGULAR,Pondok Indah,Muhammad Riduwan,B 4863 SVT,"31,783"
"Sep 24, 2025, 14:15",WO-144278719610010055,SPAREPART,ec86c430-e74c-451d-8d93-6d47384acc17,Tire 90/90-12 H3 (KENDA) H3,"135,796",0,1,0,0,1,0,NEW_ONBOARDING,APPLIED,GEN-F0500-001-N-MA,"1,741",STORING,Pondok Indah,Naufal Rabbani,B 4821 SWC,"9,304"
"Sep 24, 2025, 14:13",WO-143354128913930973,SPAREPART,87eede8f-1064-4c4e-912d-9319aa96d5b0,Brake Pad H3 FR / RR H3,"26,000",0,2,0,0,2,0,NEW_ONBOARDING,APPLIED,GEN-F0130-001-N-NE,"1,075",WALK_IN_MAINTENANCE,Pondok Indah,Nur Rokhim,B 4559 SVP,"31,821"
"Sep 24, 2025, 14:13",WO-143354128913930973,SPAREPART,ec86c430-e74c-451d-8d93-6d47384acc17,Tire 90/90-12 H3 (KENDA) H3,"100,000",0,1,0,0,1,0,NEW_ONBOARDING,APPLIED,GEN-F0500-001-N-MA,"1,741",WALK_IN_MAINTENANCE,Pondok Indah,Nur Rokhim,B 4559 SVP,"31,821"
"Sep 24, 2025, 14:09",WO-144604689810349648,SPAREPART,87eede8f-1064-4c4e-912d-9319aa96d5b0,Brake Pad H3 FR / RR H3,"26,000",0,2,0,0,2,0,NOT_COVERED,APPLIED,GEN-F0130-001-N-NE,"1,075",REGULAR,Kembangan,Irawan,B 4225 SWA,"22,281"
"Sep 24, 2025, 13:58",WO-144578741329222164,SPAREPART,c52ca52a-85ef-43ad-8637-a9a65142da16,Rear disc brake disc H3,"26,519","80,000",1,0,0,1,"80,000",NOT_COVERED,APPLIED,GEN-F0190-001-R-NE,854,REGULAR,Pondok Indah,Service Advisor PI,B 4756 SVP,"55,632"
"Sep 24, 2025, 13:58",WO-144578741329222164,SPAREPART,ec86c430-e74c-451d-8d93-6d47384acc17,Tire 90/90-12 H3 (KENDA) H3,"100,000","100,000",1,0,0,1,"100,000",NOT_COVERED,APPLIED,GEN-F0500-001-N-MA,"1,741",REGULAR,Pondok Indah,Service Advisor PI,B 4756 SVP,"55,632"
"Sep 24, 2025, 13:58",WO-144604477024919120,SPAREPART,ec86c430-e74c-451d-8d93-6d47384acc17,Tire 90/90-12 H3 (KENDA) H3,"100,000",0,1,0,0,1,0,NEW_ONBOARDING,APPLIED,GEN-F0500-001-N-MA,"1,741",REGULAR,Bekasi,Affani,B 3596 PWE,"359,993"
"Sep 24, 2025, 13:58",WO-144604477024919120,SPAREPART,87eede8f-1064-4c4e-912d-9319aa96d5b0,Brake Pad H3 FR / RR H3,"26,000",0,1,0,0,1,0,NEW_ONBOARDING,APPLIED,GEN-F0130-001-N-NE,"1,075",REGULAR,Bekasi,Affani,B 3596 PWE,"359,993"
"Sep 24, 2025, 13:57",WO-144603191336525392,SPAREPART,87eede8f-1064-4c4e-912d-9319aa96d5b0,Brake Pad H3 FR / RR H3,"26,000",0,2,0,0,2,0,NOT_COVERED,APPLIED,GEN-F0130-001-N-NE,"1,075",REGULAR,Kembangan,Irawan,B 3636 PWE,"29,129"
"Sep 24, 2025, 13:56",WO-144603760721680916,SPAREPART,87eede8f-1064-4c4e-912d-9319aa96d5b0,Brake Pad H3 FR / RR H3,"26,000",0,2,0,0,2,0,NEW_ONBOARDING,APPLIED,GEN-F0130-001-N-NE,"1,075",REGULAR,Pondok Indah,Faiz Zaidan Alghifari Ramadhan,B 4436 SVR,"35,729"
"Sep 24, 2025, 13:56",WO-144603760721680916,SPAREPART,d625acb9-40c7-43a1-9f20-99489c41ef5f,Front disc brake disc H3,"56,580",0,1,0,0,1,0,NEW_ONBOARDING,APPLIED,GEN-F0140-001-F-NE,853,REGULAR,Pondok Indah,Faiz Zaidan Alghifari Ramadhan,B 4436 SVR,"35,729"
"Sep 24, 2025, 13:55",WO-144576156899761744,SPAREPART,87eede8f-1064-4c4e-912d-9319aa96d5b0,Brake Pad H3 FR / RR H3,"26,000",0,1,0,0,1,0,NOT_COVERED,APPLIED,GEN-F0130-001-N-NE,"1,075",WALK_IN_MAINTENANCE,Pondok Indah,Service Advisor PI,B 4674 SVR,"71,238"
"Sep 24, 2025, 13:46",WO-144078343816395207,SPAREPART,87eede8f-1064-4c4e-912d-9319aa96d5b0,Brake Pad H3 FR / RR H3,"26,000",0,2,0,0,2,0,NOT_COVERED,APPLIED,GEN-F0130-001-N-NE,"1,075",REPO_MAINTENANCE,Pondok Indah,Service Advisor PI,B 4839 SVS,0
"Sep 24, 2025, 13:45",WO-144077725173316704,SPAREPART,87eede8f-1064-4c4e-912d-9319aa96d5b0,Brake Pad H3 FR / RR H3,"26,000",0,1,0,0,1,0,NOT_COVERED,APPLIED,GEN-F0130-001-N-NE,"1,075",REPO_MAINTENANCE,Pondok Indah,Service Advisor PI,B 3700 PWE,0
"Sep 24, 2025, 13:45",WO-144077725173316704,SPAREPART,c52ca52a-85ef-43ad-8637-a9a65142da16,Rear disc brake disc H3,"26,519",0,1,0,0,1,0,NOT_COVERED,APPLIED,GEN-F0190-001-R-NE,854,REPO_MAINTENANCE,Pondok Indah,Service Advisor PI,B 3700 PWE,0
"Sep 24, 2025, 13:45",WO-144603261364624976,SPAREPART,87eede8f-1064-4c4e-912d-9319aa96d5b0,Brake Pad H3 FR / RR H3,"26,000",0,2,0,0,2,0,NEW_ONBOARDING,APPLIED,GEN-F0130-001-N-NE,"1,075",REGULAR,Pondok Indah,Eka Pitaloka,B 4110 SVT,"44,774"
"Sep 24, 2025, 13:45",WO-144603261364624976,SPAREPART,c52ca52a-85ef-43ad-8637-a9a65142da16,Rear disc brake disc H3,"26,519","80,000",1,0,0,1,"80,000",NOT_COVERED,APPLIED,GEN-F0190-001-R-NE,854,REGULAR,Pondok Indah,Eka Pitaloka,B 4110 SVT,"44,774"
"Sep 24, 2025, 13:43",WO-144603098139090512,SPAREPART,87eede8f-1064-4c4e-912d-9319aa96d5b0,Brake Pad H3 FR / RR H3,"26,000",0,2,0,0,2,0,NOT_COVERED,APPLIED,GEN-F0130-001-N-NE,"1,075",REGULAR,Bekasi,Service Advisor Bekasi,B 4462 SVP,"431,211"
"Sep 24, 2025, 13:42",WO-144602996385275472,SPAREPART,87eede8f-1064-4c4e-912d-9319aa96d5b0,Brake Pad H3 FR / RR H3,"26,000",0,2,0,0,2,0,NEW_ONBOARDING,APPLIED,GEN-F0130-001-N-NE,"1,075",REGULAR,Pondok Indah,Muhammad Riduwan,B 4155 SVT,"89,734"
"Sep 24, 2025, 13:41",WO-144602873878044240,SPAREPART,87eede8f-1064-4c4e-912d-9319aa96d5b0,Brake Pad H3 FR / RR H3,"26,000",0,2,0,0,2,0,NOT_COVERED,APPLIED,GEN-F0130-001-N-NE,"1,075",REGULAR,Bekasi,Service Advisor Bekasi,B 4710 SVT,"326,833"
"Sep 24, 2025, 13:39",WO-144602668457811536,SPAREPART,87eede8f-1064-4c4e-912d-9319aa96d5b0,Brake Pad H3 FR / RR H3,"26,000",0,2,0,0,2,0,NEW_ONBOARDING,APPLIED,GEN-F0130-001-N-NE,"1,075",REGULAR,Pondok Indah,Muhammad Riduwan,B 5296 BWJ,"33,266"
"Sep 24, 2025, 13:36",WO-144602411497970196,SPAREPART,87eede8f-1064-4c4e-912d-9319aa96d5b0,Brake Pad H3 FR / RR H3,"26,000",0,2,0,0,2,0,NEW_ONBOARDING,APPLIED,GEN-F0130-001-N-NE,"1,075",REGULAR,Pondok Indah,Muhamad Chaerudin,B 4593 SVT,"40,298"
"Sep 24, 2025, 13:32",WO-143316467436286005,SPAREPART,0e63dd11-3dfb-40f2-9820-7fc9cc0b12bc,Front fork bearings H3,"42,021",0,1,0,0,1,0,NOT_COVERED,APPLIED,GEN-F0100-001-F-NE,849,WALK_IN_MAINTENANCE,Pondok Indah,Service Advisor PI,B 4150 SVT,"2,345"
"Sep 24, 2025, 13:32",WO-143316467436286005,SPAREPART,87eede8f-1064-4c4e-912d-9319aa96d5b0,Brake Pad H3 FR / RR H3,"26,000",0,1,0,0,1,0,NOT_COVERED,APPLIED,GEN-F0130-001-N-NE,"1,075",WALK_IN_MAINTENANCE,Pondok Indah,Service Advisor PI,B 4150 SVT,"2,345"
"Sep 24, 2025, 13:32",WO-144601838807702036,SPAREPART,87eede8f-1064-4c4e-912d-9319aa96d5b0,Brake Pad H3 FR / RR H3,"26,000",0,2,0,0,2,0,NEW_ONBOARDING,APPLIED,GEN-F0130-001-N-NE,"1,075",REGULAR,Pondok Indah,Muhammad Riduwan,B 4275 SVT,"28,736"
"Sep 24, 2025, 13:32",WO-144601838807702036,SPAREPART,9ae448db-156e-4e8b-8980-6f520521c921,Speed control handle cable H3,"16,169",0,1,0,0,1,0,NEW_ONBOARDING,APPLIED,H3A-E70090-001-N-BL,857,REGULAR,Pondok Indah,Muhammad Riduwan,B 4275 SVT,"28,736"
"Sep 24, 2025, 13:27",WO-144600707520028240,SPAREPART,87eede8f-1064-4c4e-912d-9319aa96d5b0,Brake Pad H3 FR / RR H3,"26,000",0,1,0,0,1,0,NOT_COVERED,APPLIED,GEN-F0130-001-N-NE,"1,075",REGULAR,Kembangan,Irawan,B 4375 SWA,"84,823"
"Sep 24, 2025, 13:26",WO-144601444929003088,SPAREPART,87eede8f-1064-4c4e-912d-9319aa96d5b0,Brake Pad H3 FR / RR H3,"26,000",0,2,0,0,2,0,NEW_ONBOARDING,APPLIED,GEN-F0130-001-N-NE,"1,075",REGULAR,Pondok Indah,Muhamad Chaerudin,B 4695 SWC,"13,305"
"Sep 24, 2025, 13:24",WO-144589423432982096,SPAREPART,fa116921-3f09-44e1-b709-86b1780d9253,Brake Pad Kit H5 -1-01 (Canvas Rem) H5,"39,500",0,1,0,0,1,0,NOT_COVERED,APPLIED,GEN-F1130-001-F-NE,"1,758",REGULAR,Pondok Indah,Eka Pitaloka,B 4049 SVO,"92,473"
"Sep 24, 2025, 13:24",WO-144589423432982096,SPAREPART,79e0bbc0-0b87-4142-8e3f-0b3ccdc86641,Brake Pad Kit H5 -2-01 (Canvas Rem) H5,"28,500",0,1,0,0,1,0,NOT_COVERED,APPLIED,GEN-F1140-001-R-NE,"1,759",REGULAR,Pondok Indah,Eka Pitaloka,B 4049 SVO,"92,473"
"Sep 24, 2025, 13:22",WO-144566434586974740,SPAREPART,ec86c430-e74c-451d-8d93-6d47384acc17,Tire 90/90-12 H3 (KENDA) H3,"100,000",0,1,0,0,1,0,NOT_COVERED,APPLIED,GEN-F0500-001-N-MA,"1,741",STORING,Pondok Indah,Eka Pitaloka,B 4497 SWA,"16,835"
"Sep 24, 2025, 13:19",WO-144368028925057556,SPAREPART,87eede8f-1064-4c4e-912d-9319aa96d5b0,Brake Pad H3 FR / RR H3,"26,000",0,1,0,0,1,0,NOT_COVERED,APPLIED,GEN-F0130-001-N-NE,"1,075",REPO_MAINTENANCE,Pondok Indah,Service Advisor PI,B 4496 SVL,"28,696"
"Sep 24, 2025, 13:19",WO-144368028925057556,SPAREPART,0e0b97f2-dbdf-406c-9f9f-50593bec1724,Cable throttle holder H5,"5,129",0,1,0,0,1,0,NOT_COVERED,APPLIED,H5A-E70160-001-N-NE,950,REPO_MAINTENANCE,Pondok Indah,Service Advisor PI,B 4496 SVL,"28,696"
"Sep 24, 2025, 13:07",WO-144568147322624532,SPAREPART,9ae448db-156e-4e8b-8980-6f520521c921,Speed control handle cable H3,"16,169","16,169",1,0,0,1,"16,169",NOT_COVERED,APPLIED,H3A-E70090-001-N-BL,857,STORING,Pondok Indah,Ahmad Agus Sudiro Parhusnan Marzuki,B 4405 SVV,"32,168"
"Sep 24, 2025, 12:08",WO-143302964763695837,SPAREPART,87eede8f-1064-4c4e-912d-9319aa96d5b0,Brake Pad H3 FR / RR H3,"26,000",0,1,0,0,1,0,NOT_COVERED,APPLIED,GEN-F0130-001-N-NE,"1,075",REPO_MAINTENANCE,Pondok Indah,Service Advisor PI,B 4075 SVP,"39,311"
"Sep 24, 2025, 12:08",WO-143302964763695837,SPAREPART,849a10fd-aa14-4894-927f-c8045f2bc1f9,Front disc brake assembly without logo H3,"100,000",0,1,0,0,1,0,NOT_COVERED,APPLIED,H3A-F0120-001-F-NE,850,REPO_MAINTENANCE,Pondok Indah,Service Advisor PI,B 4075 SVP,"39,311"
"Sep 24, 2025, 11:57",WO-144589148974504468,SPAREPART,87eede8f-1064-4c4e-912d-9319aa96d5b0,Brake Pad H3 FR / RR H3,"26,000",0,1,0,0,1,0,NOT_COVERED,APPLIED,GEN-F0130-001-N-NE,"1,075",REGULAR,Bekasi,Service Advisor Bekasi,B 4821 SVS,"477,832"
"Sep 24, 2025, 11:55",WO-144588408797288980,SPAREPART,87eede8f-1064-4c4e-912d-9319aa96d5b0,Brake Pad H3 FR / RR H3,"26,000",0,2,0,0,2,0,NOT_COVERED,APPLIED,GEN-F0130-001-N-NE,"1,075",REGULAR,Kembangan,Irawan,B 4523 SWA,"16,367"
"Sep 24, 2025, 11:55",WO-144592216034138644,SPAREPART,87eede8f-1064-4c4e-912d-9319aa96d5b0,Brake Pad H3 FR / RR H3,"26,000",0,2,0,0,2,0,NEW_ONBOARDING,APPLIED,GEN-F0130-001-N-NE,"1,075",REGULAR,Pondok Indah,Muhamad Chaerudin,B 4772 SVT,"46,477"
"Sep 24, 2025, 11:46",WO-144586423129889300,SPAREPART,87eede8f-1064-4c4e-912d-9319aa96d5b0,Brake Pad H3 FR / RR H3,"26,000",0,2,0,0,2,0,NOT_COVERED,APPLIED,GEN-F0130-001-N-NE,"1,075",REGULAR,Pondok Indah,Eka Pitaloka,B 4785 SVR,"52,255"
"Sep 24, 2025, 11:44",WO-144582027079866900,SPAREPART,3cb2a551-8898-476b-a8a5-0a016d76e96b,The rear disc brake assembly has no logo H3,"100,000",0,1,0,0,1,0,NOT_COVERED,APPLIED,H3A-F0220-001-R-NE,851,REGULAR,Pondok Indah,Service Advisor PI,B 4362 SVR,"43,152"
"Sep 24, 2025, 11:36",WO-144586797312138832,SPAREPART,87eede8f-1064-4c4e-912d-9319aa96d5b0,Brake Pad H3 FR / RR H3,"26,000",0,2,0,0,2,0,NOT_COVERED,APPLIED,GEN-F0130-001-N-NE,"1,075",REGULAR,Kembangan,Irawan,B 4424 SVR,"56,966"
"Sep 24, 2025, 11:32",WO-144585516992454224,SPAREPART,64cde6f9-4cf9-4026-88c7-51d71c6d8351,Capricorn five switches (Headlight always on) H5,"24,173",0,1,0,0,1,0,NOT_COVERED,APPLIED,H5A-E60170-001-N-NE,951,REGULAR,Kembangan,Irawan,B 5070 SVL,"78,506"
"Sep 24, 2025, 11:30",WO-144065141338569824,SPAREPART,c52ca52a-85ef-43ad-8637-a9a65142da16,Rear disc brake disc H3,"26,519",0,1,0,0,1,0,NOT_COVERED,APPLIED,GEN-F0190-001-R-NE,854,REPO_MAINTENANCE,Pondok Indah,Service Advisor PI,B 4404 SVT,"37,677"
"Sep 24, 2025, 11:30",WO-144065141338569824,SPAREPART,1ac25aee-ff64-497d-a915-e4617a1892ae,Bearing Nachi 6201 H3,"13,967",0,1,0,0,1,0,NOT_COVERED,APPLIED,GEN-F0060-001-F-NE,"1,735",REPO_MAINTENANCE,Pondok Indah,Service Advisor PI,B 4404 SVT,"37,677"
"Sep 24, 2025, 11:30",WO-144065141338569824,SPAREPART,ec86c430-e74c-451d-8d93-6d47384acc17,Tire 90/90-12 H3 (KENDA) H3,"100,000",0,1,0,0,1,0,NOT_COVERED,APPLIED,GEN-F0500-001-N-MA,"1,741",REPO_MAINTENANCE,Pondok Indah,Service Advisor PI,B 4404 SVT,"37,677"
"Sep 24, 2025, 11:30",WO-144065141338569824,SPAREPART,d09f6b27-05e3-429e-8d59-5978689af06f,USB charging port H3,"12,627",0,1,0,0,1,0,NOT_COVERED,APPLIED,H3A-E40010-001-N-NE,871,REPO_MAINTENANCE,Pondok Indah,Service Advisor PI,B 4404 SVT,"37,677"
"Sep 24, 2025, 11:30",WO-144065141338569824,SPAREPART,d625acb9-40c7-43a1-9f20-99489c41ef5f,Front disc brake disc H3,"56,580",0,1,0,0,1,0,NOT_COVERED,APPLIED,GEN-F0140-001-F-NE,853,REPO_MAINTENANCE,Pondok Indah,Service Advisor PI,B 4404 SVT,"37,677"
"Sep 24, 2025, 11:30",WO-144065141338569824,SPAREPART,e690e2c0-63af-4657-8428-91e226c44d8b,Horn H3,"11,983",0,1,0,0,1,0,NOT_COVERED,APPLIED,H3A-E60040-001-N-NE,872,REPO_MAINTENANCE,Pondok Indah,Service Advisor PI,B 4404 SVT,"37,677"
"Sep 24, 2025, 11:30",WO-144065141338569824,SPAREPART,3cb2a551-8898-476b-a8a5-0a016d76e96b,The rear disc brake assembly has no logo H3,"100,000",0,1,0,0,1,0,NOT_COVERED,APPLIED,H3A-F0220-001-R-NE,851,REPO_MAINTENANCE,Pondok Indah,Service Advisor PI,B 4404 SVT,"37,677"
"Sep 24, 2025, 11:30",WO-144065141338569824,SPAREPART,87eede8f-1064-4c4e-912d-9319aa96d5b0,Brake Pad H3 FR / RR H3,"26,000",0,1,0,0,1,0,NOT_COVERED,APPLIED,GEN-F0130-001-N-NE,"1,075",REPO_MAINTENANCE,Pondok Indah,Service Advisor PI,B 4404 SVT,"37,677"
"Sep 24, 2025, 11:28",WO-144305786493884948,SPAREPART,999f14b8-db39-41e5-a31a-b5e0b7e8d909,Tires (far star) H5,"100,000",0,1,0,0,1,0,NOT_COVERED,APPLIED,GEN-F1090-001-N-NE,982,REGULAR,Pondok Indah,Service Advisor PI,B 4164 SVO,"4,334"
"Sep 24, 2025, 11:28",WO-144305786493884948,SPAREPART,79e0bbc0-0b87-4142-8e3f-0b3ccdc86641,Brake Pad Kit H5 -2-01 (Canvas Rem) H5,"28,500",0,1,0,0,1,0,NOT_COVERED,APPLIED,GEN-F1140-001-R-NE,"1,759",REGULAR,Pondok Indah,Service Advisor PI,B 4164 SVO,"4,334"
"Sep 24, 2025, 11:28",WO-144305786493884948,SPAREPART,7429bc57-bb65-4afc-9756-811a1cb9a922,"Wires, Motor 4# ham with ears (+ backing bracket state) ham H5",0,0,1,0,0,1,0,NOT_COVERED,APPLIED,H5A-E20040-001-N-NE,957,REGULAR,Pondok Indah,Service Advisor PI,B 4164 SVO,"4,334"
"Sep 24, 2025, 11:28",WO-144305786493884948,SPAREPART,fa116921-3f09-44e1-b709-86b1780d9253,Brake Pad Kit H5 -1-01 (Canvas Rem) H5,"39,500",0,1,0,0,1,0,NOT_COVERED,APPLIED,GEN-F1130-001-F-NE,"1,758",REGULAR,Pondok Indah,Service Advisor PI,B 4164 SVO,"4,334"
"Sep 24, 2025, 11:26",WO-144492361785826896,SPAREPART,fa116921-3f09-44e1-b709-86b1780d9253,Brake Pad Kit H5 -1-01 (Canvas Rem) H5,"39,500","39,500",1,0,0,1,"39,500",NOT_COVERED,APPLIED,GEN-F1130-001-F-NE,"1,758",INTERNAL_SERVICE,Pondok Indah,Nur Rokhim,B 4055 SVO,"6,981"
"Sep 24, 2025, 11:26",WO-144492361785826896,SPAREPART,79e0bbc0-0b87-4142-8e3f-0b3ccdc86641,Brake Pad Kit H5 -2-01 (Canvas Rem) H5,"28,500","28,500",1,0,0,1,"28,500",NOT_COVERED,APPLIED,GEN-F1140-001-R-NE,"1,759",INTERNAL_SERVICE,Pondok Indah,Nur Rokhim,B 4055 SVO,"6,981"
"Sep 24, 2025, 11:26",WO-143880626573966432,SPAREPART,79e0bbc0-0b87-4142-8e3f-0b3ccdc86641,Brake Pad Kit H5 -2-01 (Canvas Rem) H5,"28,500",0,1,0,0,1,0,NOT_COVERED,APPLIED,GEN-F1140-001-R-NE,"1,759",REPO_MAINTENANCE,Pondok Indah,Service Advisor PI,B 5068 SVL,"38,714"
"Sep 24, 2025, 11:26",WO-143880626573966432,SPAREPART,fa116921-3f09-44e1-b709-86b1780d9253,Brake Pad Kit H5 -1-01 (Canvas Rem) H5,"39,500",0,1,0,0,1,0,NOT_COVERED,APPLIED,GEN-F1130-001-F-NE,"1,758",REPO_MAINTENANCE,Pondok Indah,Service Advisor PI,B 5068 SVL,"38,714"
"Sep 24, 2025, 11:25",WO-144587350356285972,SPAREPART,87eede8f-1064-4c4e-912d-9319aa96d5b0,Brake Pad H3 FR / RR H3,"26,000","26,000",1,0,0,1,"26,000",NOT_COVERED,APPLIED,GEN-F0130-001-N-NE,"1,075",REGULAR,Depok,Arif Purnomo,B 4535 SVT,"52,542"
"Sep 24, 2025, 11:24",WO-144589072050969108,SPAREPART,5075f880-8de8-488e-9bca-4db3d05c3583,Brake pad Front H1 - Fr H1,"26,000",0,1,0,0,1,0,NOT_COVERED,APPLIED,GEN-F1280-001-N-NE,"1,789",REGULAR,Pondok Indah,Eka Pitaloka,B 4480 SWD,"4,442"
"Sep 24, 2025, 11:24",WO-144588910503157328,SPAREPART,5075f880-8de8-488e-9bca-4db3d05c3583,Brake pad Front H1 - Fr H1,"26,000",0,1,0,0,1,0,NOT_COVERED,APPLIED,GEN-F1280-001-N-NE,"1,789",STORING,Pondok Indah,Service Advisor PI,B 4626 SWD,"3,904"
"Sep 24, 2025, 11:23",WO-143863841808192444,SPAREPART,87eede8f-1064-4c4e-912d-9319aa96d5b0,Brake Pad H3 FR / RR H3,"26,000",0,1,0,0,1,0,NOT_COVERED,APPLIED,GEN-F0130-001-N-NE,"1,075",WALK_IN_MAINTENANCE,Pondok Indah,Service Advisor PI,B 4455 SWA,"17,619"
"Sep 24, 2025, 11:23",WO-143863841808192444,SPAREPART,ec86c430-e74c-451d-8d93-6d47384acc17,Tire 90/90-12 H3 (KENDA) H3,"100,000",0,1,0,0,1,0,NOT_COVERED,APPLIED,GEN-F0500-001-N-MA,"1,741",WALK_IN_MAINTENANCE,Pondok Indah,Service Advisor PI,B 4455 SWA,"17,619"
"Sep 24, 2025, 11:23",WO-143863841808192444,SPAREPART,c52ca52a-85ef-43ad-8637-a9a65142da16,Rear disc brake disc H3,"26,519",0,1,0,0,1,0,NOT_COVERED,APPLIED,GEN-F0190-001-R-NE,854,WALK_IN_MAINTENANCE,Pondok Indah,Service Advisor PI,B 4455 SWA,"17,619"
"Sep 24, 2025, 11:23",WO-143863841808192444,SPAREPART,1ac25aee-ff64-497d-a915-e4617a1892ae,Bearing Nachi 6201 H3,"13,967",0,1,0,0,1,0,NOT_COVERED,APPLIED,GEN-F0060-001-F-NE,"1,735",WALK_IN_MAINTENANCE,Pondok Indah,Service Advisor PI,B 4455 SWA,"17,619"
"Sep 24, 2025, 11:22",WO-144481909194382928,SPAREPART,87eede8f-1064-4c4e-912d-9319aa96d5b0,Brake Pad H3 FR / RR H3,"26,000",0,1,0,0,1,0,NOT_COVERED,APPLIED,GEN-F0130-001-N-NE,"1,075",STORING,Pondok Indah,Naufal Rabbani,B 4554 SVT,"43,528"
"Sep 24, 2025, 11:22",WO-144469035197685328,SPAREPART,64cde6f9-4cf9-4026-88c7-51d71c6d8351,Capricorn five switches (Headlight always on) H5,"24,173",0,1,0,0,1,0,NOT_COVERED,APPLIED,H5A-E60170-001-N-NE,951,WALK_IN_MAINTENANCE,Kembangan,Irawan,B 5109 SVL,"79,867"
"Sep 24, 2025, 11:21",WO-143707463374345148,SPAREPART,87eede8f-1064-4c4e-912d-9319aa96d5b0,Brake Pad H3 FR / RR H3,"26,000",0,1,0,0,1,0,NOT_COVERED,APPLIED,GEN-F0130-001-N-NE,"1,075",WALK_IN_MAINTENANCE,Pondok Indah,Service Advisor PI,B 4131 SVO,"69,239"
"Sep 24, 2025, 11:21",WO-143707463374345148,SPAREPART,1ac25aee-ff64-497d-a915-e4617a1892ae,Bearing Nachi 6201 H3,"13,967",0,1,0,0,1,0,NOT_COVERED,APPLIED,GEN-F0060-001-F-NE,"1,735",WALK_IN_MAINTENANCE,Pondok Indah,Service Advisor PI,B 4131 SVO,"69,239"
"Sep 24, 2025, 11:21",WO-144585886661631568,SPAREPART,87eede8f-1064-4c4e-912d-9319aa96d5b0,Brake Pad H3 FR / RR H3,"26,000",0,2,0,0,2,0,NOT_COVERED,APPLIED,GEN-F0130-001-N-NE,"1,075",REGULAR,Kembangan,Irawan,B 4082 SWB,"13,225"
"Sep 24, 2025, 11:19",WO-143472954536106717,SPAREPART,0e63dd11-3dfb-40f2-9820-7fc9cc0b12bc,Front fork bearings H3,"42,021",0,1,0,0,1,0,NOT_COVERED,APPLIED,GEN-F0100-001-F-NE,849,REPO_MAINTENANCE,Pondok Indah,Service Advisor PI,B 4403 SVR,"63,216"
"Sep 24, 2025, 11:19",WO-143472954536106717,SPAREPART,f254f829-8173-472e-b0ef-11f788620af5,Lock plate H3,"36,846",0,1,0,0,1,0,NOT_COVERED,APPLIED,H3A-F0410-001-N-NE,858,REPO_MAINTENANCE,Pondok Indah,Service Advisor PI,B 4403 SVR,"63,216"
"Sep 24, 2025, 11:19",WO-144506474813480528,SPAREPART,1ac25aee-ff64-497d-a915-e4617a1892ae,Bearing Nachi 6201 H3,"13,967",0,1,0,0,1,0,NOT_COVERED,APPLIED,GEN-F0060-001-F-NE,"1,735",REPO_MAINTENANCE,Pondok Indah,Service Advisor PI,B 4794 SVP,"23,456"
"Sep 24, 2025, 11:19",WO-144506474813480528,SPAREPART,87eede8f-1064-4c4e-912d-9319aa96d5b0,Brake Pad H3 FR / RR H3,"26,000",0,1,0,0,1,0,NOT_COVERED,APPLIED,GEN-F0130-001-N-NE,"1,075",REPO_MAINTENANCE,Pondok Indah,Service Advisor PI,B 4794 SVP,"23,456"
"Sep 24, 2025, 11:19",WO-144506474813480528,SPAREPART,ec86c430-e74c-451d-8d93-6d47384acc17,Tire 90/90-12 H3 (KENDA) H3,"100,000",0,1,0,0,1,0,NOT_COVERED,APPLIED,GEN-F0500-001-N-MA,"1,741",REPO_MAINTENANCE,Pondok Indah,Service Advisor PI,B 4794 SVP,"23,456"
"Sep 24, 2025, 11:19",WO-144506474813480528,SPAREPART,0e63dd11-3dfb-40f2-9820-7fc9cc0b12bc,Front fork bearings H3,"42,021",0,1,0,0,1,0,NOT_COVERED,APPLIED,GEN-F0100-001-F-NE,849,REPO_MAINTENANCE,Pondok Indah,Service Advisor PI,B 4794 SVP,"23,456"
"Sep 24, 2025, 11:19",WO-144588464279542292,SPAREPART,fa116921-3f09-44e1-b709-86b1780d9253,Brake Pad Kit H5 -1-01 (Canvas Rem) H5,"39,500",0,1,0,0,1,0,NEW_ONBOARDING,APPLIED,GEN-F1130-001-F-NE,"1,758",REGULAR,Pondok Indah,Faiz Zaidan Alghifari Ramadhan,B 4818 SVN,"53,431"
"Sep 24, 2025, 11:19",WO-144588464279542292,SPAREPART,79e0bbc0-0b87-4142-8e3f-0b3ccdc86641,Brake Pad Kit H5 -2-01 (Canvas Rem) H5,"28,500",0,1,0,0,1,0,NEW_ONBOARDING,APPLIED,GEN-F1140-001-R-NE,"1,759",REGULAR,Pondok Indah,Faiz Zaidan Alghifari Ramadhan,B 4818 SVN,"53,431"
"Sep 24, 2025, 11:17",WO-143440794542469173,SPAREPART,8ce4250a-b0be-4d3c-97ca-b3dda84a0b6d,Bearing Nachi 6004 H5,"17,980",0,1,0,0,1,0,NOT_COVERED,APPLIED,GEN-F0580-001-R-NE,"1,760",WALK_IN_MAINTENANCE,Pondok Indah,Service Advisor PI,B 5052 SVL,"53,544"
"Sep 24, 2025, 11:16",WO-144586410010107472,SPAREPART,a8ecb0d4-1cf0-465a-99cc-7f4d7ead94aa,Side stand H3,"9,706","9,706",1,0,0,1,"9,706",NOT_COVERED,APPLIED,H3A-A0080-001-N-BL,831,INTERNAL_SERVICE,Pondok Indah,Noval Labid,B 4080 SVT,"3,245"
"Sep 24, 2025, 11:16",WO-144586410010107472,SPAREPART,87eede8f-1064-4c4e-912d-9319aa96d5b0,Brake Pad H3 FR / RR H3,"26,000","26,000",2,0,0,2,"52,000",NOT_COVERED,APPLIED,GEN-F0130-001-N-NE,"1,075",INTERNAL_SERVICE,Pondok Indah,Noval Labid,B 4080 SVT,"3,245"
"Sep 24, 2025, 11:16",WO-144586410010107472,SPAREPART,0e63dd11-3dfb-40f2-9820-7fc9cc0b12bc,Front fork bearings H3,"42,021","42,021",1,0,0,1,"42,021",NOT_COVERED,APPLIED,GEN-F0100-001-F-NE,849,INTERNAL_SERVICE,Pondok Indah,Noval Labid,B 4080 SVT,"3,245"
"Sep 24, 2025, 11:16",WO-144586410010107472,SPAREPART,1ac25aee-ff64-497d-a915-e4617a1892ae,Bearing Nachi 6201 H3,"13,967","13,967",1,0,0,1,"13,967",NOT_COVERED,APPLIED,GEN-F0060-001-F-NE,"1,735",INTERNAL_SERVICE,Pondok Indah,Noval Labid,B 4080 SVT,"3,245"
"Sep 24, 2025, 11:16",WO-144586410010107472,SPAREPART,39480043-3109-4561-9129-6deba2de1b03,Falt fork H3,"100,000","100,000",1,0,0,1,"100,000",NOT_COVERED,APPLIED,H3A-F0380-001-N-NE,835,INTERNAL_SERVICE,Pondok Indah,Noval Labid,B 4080 SVT,"3,245"
"Sep 24, 2025, 11:06",WO-144587281670364752,SPAREPART,87eede8f-1064-4c4e-912d-9319aa96d5b0,Brake Pad H3 FR / RR H3,"26,000",0,1,0,0,1,0,NOT_COVERED,APPLIED,GEN-F0130-001-N-NE,"1,075",REGULAR,Bekasi,Service Advisor Bekasi,B 4889 SVS,"425,930"
"Sep 24, 2025, 11:06",WO-144587074572409364,SPAREPART,87eede8f-1064-4c4e-912d-9319aa96d5b0,Brake Pad H3 FR / RR H3,"26,000",0,2,0,0,2,0,NEW_ONBOARDING,APPLIED,GEN-F0130-001-N-NE,"1,075",REGULAR,Pondok Indah,Muhammad Riduwan,B 4816 SVR,"67,989"
"Sep 24, 2025, 11:04",WO-144584326279880272,SPAREPART,87eede8f-1064-4c4e-912d-9319aa96d5b0,Brake Pad H3 FR / RR H3,"26,000",0,1,0,0,1,0,NOT_COVERED,APPLIED,GEN-F0130-001-N-NE,"1,075",REGULAR,Kembangan,Irawan,B 4140 SVV,"37,283"
"Sep 24, 2025, 11:02",WO-144586648162688592,SPAREPART,999f14b8-db39-41e5-a31a-b5e0b7e8d909,Tires (far star) H5,"100,000","100,000",1,0,0,1,"100,000",NOT_COVERED,APPLIED,GEN-F1090-001-N-NE,982,INTERNAL_SERVICE,Depok,Arif Purnomo,B 5020 SVL,"8,765"
"Sep 24, 2025, 11:02",WO-144586648162688592,SPAREPART,79e0bbc0-0b87-4142-8e3f-0b3ccdc86641,Brake Pad Kit H5 -2-01 (Canvas Rem) H5,"28,500","28,500",1,0,0,1,"28,500",NOT_COVERED,APPLIED,GEN-F1140-001-R-NE,"1,759",INTERNAL_SERVICE,Depok,Arif Purnomo,B 5020 SVL,"8,765"
"Sep 24, 2025, 11:02",WO-144586648162688592,SPAREPART,fa116921-3f09-44e1-b709-86b1780d9253,Brake Pad Kit H5 -1-01 (Canvas Rem) H5,"39,500","39,500",1,0,0,1,"39,500",NOT_COVERED,APPLIED,GEN-F1130-001-F-NE,"1,758",INTERNAL_SERVICE,Depok,Arif Purnomo,B 5020 SVL,"8,765"
"Sep 24, 2025, 10:58",WO-144586423129889300,SPAREPART,c52ca52a-85ef-43ad-8637-a9a65142da16,Rear disc brake disc H3,"26,519","80,000",1,0,0,1,"80,000",NOT_COVERED,APPLIED,GEN-F0190-001-R-NE,854,REGULAR,Pondok Indah,Eka Pitaloka,B 4785 SVR,"52,255"
"Sep 24, 2025, 10:57",WO-144585282413419028,SPAREPART,fa116921-3f09-44e1-b709-86b1780d9253,Brake Pad Kit H5 -1-01 (Canvas Rem) H5,"39,500","39,500",1,0,0,1,"39,500",NOT_COVERED,APPLIED,GEN-F1130-001-F-NE,"1,758",WALK_IN_MAINTENANCE,Bekasi,Affani,B 5191 SVL,"25,006"
"Sep 24, 2025, 10:56",WO-144471471383666256,SPAREPART,87eede8f-1064-4c4e-912d-9319aa96d5b0,Brake Pad H3 FR / RR H3,"26,000",0,1,0,0,1,0,NOT_COVERED,APPLIED,GEN-F0130-001-N-NE,"1,075",WALK_IN_MAINTENANCE,Pondok Indah,Service Advisor PI,B 4804 SVN,"2,799"
"Sep 24, 2025, 10:56",WO-144471471383666256,SPAREPART,999f14b8-db39-41e5-a31a-b5e0b7e8d909,Tires (far star) H5,"100,000",0,1,0,0,1,0,NOT_COVERED,APPLIED,GEN-F1090-001-N-NE,982,WALK_IN_MAINTENANCE,Pondok Indah,Service Advisor PI,B 4804 SVN,"2,799"
"Sep 24, 2025, 10:55",WO-144584140690315796,SPAREPART,9ae448db-156e-4e8b-8980-6f520521c921,Speed control handle cable H3,"16,169","49,000",1,0,0,1,"49,000",NOT_COVERED,APPLIED,H3A-E70090-001-N-BL,857,STORING,Pondok Indah,Eka Pitaloka,B 4738 SVP,"67,164"
"Sep 24, 2025, 10:51",WO-144585705719355924,SPAREPART,87eede8f-1064-4c4e-912d-9319aa96d5b0,Brake Pad H3 FR / RR H3,"26,000",0,2,0,0,2,0,NEW_ONBOARDING,APPLIED,GEN-F0130-001-N-NE,"1,075",REGULAR,Pondok Indah,Muhammad Riduwan,B 3558 PWE,"36,874"
"Sep 24, 2025, 10:45",WO-144352504681880084,SPAREPART,100f831b-2f8a-450d-b561-f652c2f6d14c,Smart lock (GO PLUS) H5,"100,000",0,1,0,0,1,0,NOT_COVERED,APPLIED,H5A-E70130-001-N-NE,944,REPO_MAINTENANCE,Pondok Indah,Service Advisor PI,B 4962 SVN,"23,456"
"Sep 24, 2025, 10:45",WO-144352504681880084,SPAREPART,fa116921-3f09-44e1-b709-86b1780d9253,Brake Pad Kit H5 -1-01 (Canvas Rem) H5,"39,500",0,1,0,0,1,0,NOT_COVERED,APPLIED,GEN-F1130-001-F-NE,"1,758",REPO_MAINTENANCE,Pondok Indah,Service Advisor PI,B 4962 SVN,"23,456"
"Sep 24, 2025, 10:45",WO-144352504681880084,SPAREPART,79e0bbc0-0b87-4142-8e3f-0b3ccdc86641,Brake Pad Kit H5 -2-01 (Canvas Rem) H5,"28,500",0,1,0,0,1,0,NOT_COVERED,APPLIED,GEN-F1140-001-R-NE,"1,759",REPO_MAINTENANCE,Pondok Indah,Service Advisor PI,B 4962 SVN,"23,456"
"Sep 24, 2025, 10:45",WO-144352504681880084,SPAREPART,37dc324d-ba63-404f-b663-747c4a4566a1,disc Brake H5,"70,000",0,2,0,0,2,0,NOT_COVERED,APPLIED,GEN-F1120-001-R-NE,"1,761",REPO_MAINTENANCE,Pondok Indah,Service Advisor PI,B 4962 SVN,"23,456"
"Sep 24, 2025, 10:37",WO-144581528880438864,SPAREPART,87eede8f-1064-4c4e-912d-9319aa96d5b0,Brake Pad H3 FR / RR H3,"26,000",0,2,0,0,2,0,NOT_COVERED,APPLIED,GEN-F0130-001-N-NE,"1,075",REGULAR,Kembangan,Irawan,B 4758 SWC,"101,216"
"Sep 24, 2025, 10:12",WO-144581706718928464,SPAREPART,ec86c430-e74c-451d-8d93-6d47384acc17,Tire 90/90-12 H3 (KENDA) H3,"100,000","100,000",1,0,0,1,"100,000",NOT_COVERED,APPLIED,GEN-F0500-001-N-MA,"1,741",REGULAR,Bekasi,Service Advisor Bekasi,B 4246 SVP,"434,289"
"Sep 24, 2025, 10:12",WO-144581706718928464,SPAREPART,87eede8f-1064-4c4e-912d-9319aa96d5b0,Brake Pad H3 FR / RR H3,"26,000",0,1,0,0,1,0,NOT_COVERED,APPLIED,GEN-F0130-001-N-NE,"1,075",REGULAR,Bekasi,Service Advisor Bekasi,B 4246 SVP,"434,289"
"Sep 24, 2025, 10:12",WO-144581706718928464,SPAREPART,1ac25aee-ff64-497d-a915-e4617a1892ae,Bearing Nachi 6201 H3,"13,967","13,500",2,0,0,2,"27,000",NOT_COVERED,APPLIED,GEN-F0060-001-F-NE,"1,735",REGULAR,Bekasi,Service Advisor Bekasi,B 4246 SVP,"434,289"
"Sep 24, 2025, 10:09",WO-144579485784627732,SPAREPART,87eede8f-1064-4c4e-912d-9319aa96d5b0,Brake Pad H3 FR / RR H3,"26,000",0,1,0,0,1,0,NOT_COVERED,APPLIED,GEN-F0130-001-N-NE,"1,075",REGULAR,Kembangan,Irawan,B 4197 SVP,"69,462"
"Sep 24, 2025, 10:08",WO-143319548471341109,SPAREPART,ec86c430-e74c-451d-8d93-6d47384acc17,Tire 90/90-12 H3 (KENDA) H3,"100,000",0,1,0,0,1,0,NOT_COVERED,APPLIED,GEN-F0500-001-N-MA,"1,741",WALK_IN_MAINTENANCE,Pondok Indah,Service Advisor PI,B 4416 SVR,"2,435"
"Sep 24, 2025, 10:08",WO-143319548471341109,SPAREPART,87eede8f-1064-4c4e-912d-9319aa96d5b0,Brake Pad H3 FR / RR H3,"26,000",0,1,0,0,1,0,NOT_COVERED,APPLIED,GEN-F0130-001-N-NE,"1,075",WALK_IN_MAINTENANCE,Pondok Indah,Service Advisor PI,B 4416 SVR,"2,435"
"Sep 24, 2025, 10:08",WO-143319548471341109,SPAREPART,c52ca52a-85ef-43ad-8637-a9a65142da16,Rear disc brake disc H3,"26,519",0,1,0,0,1,0,NOT_COVERED,APPLIED,GEN-F0190-001-R-NE,854,WALK_IN_MAINTENANCE,Pondok Indah,Service Advisor PI,B 4416 SVR,"2,435"
"Sep 24, 2025, 10:04",WO-144566106709843536,SPAREPART,ec86c430-e74c-451d-8d93-6d47384acc17,Tire 90/90-12 H3 (KENDA) H3,"100,000",0,1,0,0,1,0,NOT_COVERED,APPLIED,GEN-F0500-001-N-MA,"1,741",STORING,Pondok Indah,Naufal Rabbani,B 4524 SVP,"24,332"
"Sep 24, 2025, 10:04",WO-143276580947423285,SPAREPART,8ce4250a-b0be-4d3c-97ca-b3dda84a0b6d,Bearing Nachi 6004 H5,"17,980",0,1,0,0,1,0,NOT_COVERED,APPLIED,GEN-F0580-001-R-NE,"1,760",REPO_MAINTENANCE,Pondok Indah,Service Advisor PI,B 4567 SVL,"2,453"
"Sep 24, 2025, 10:04",WO-143276580947423285,SPAREPART,100f831b-2f8a-450d-b561-f652c2f6d14c,Smart lock (GO PLUS) H5,"100,000",0,1,0,0,1,0,NOT_COVERED,APPLIED,H5A-E70130-001-N-NE,944,REPO_MAINTENANCE,Pondok Indah,Service Advisor PI,B 4567 SVL,"2,453"
"Sep 24, 2025, 10:04",WO-143276580947423285,SPAREPART,37dc324d-ba63-404f-b663-747c4a4566a1,disc Brake H5,"70,000",0,1,0,0,1,0,NOT_COVERED,APPLIED,GEN-F1120-001-R-NE,"1,761",REPO_MAINTENANCE,Pondok Indah,Service Advisor PI,B 4567 SVL,"2,453"
"Sep 24, 2025, 10:03",WO-144580912082869840,SPAREPART,9ae448db-156e-4e8b-8980-6f520521c921,Speed control handle cable H3,"16,169","49,000",1,0,0,1,"49,000",NOT_COVERED,APPLIED,H3A-E70090-001-N-BL,857,STORING,Pondok Indah,Eka Pitaloka,B 3939 PWF,"568,647"
"Sep 24, 2025, 10:02",WO-144348947039672852,SPAREPART,1ac25aee-ff64-497d-a915-e4617a1892ae,Bearing Nachi 6201 H3,"13,967",0,1,0,0,1,0,NOT_COVERED,APPLIED,GEN-F0060-001-F-NE,"1,735",REPO_MAINTENANCE,Pondok Indah,Service Advisor PI,B 3850 PWF,"28,236"
"Sep 24, 2025, 10:02",WO-144348947039672852,SPAREPART,ec86c430-e74c-451d-8d93-6d47384acc17,Tire 90/90-12 H3 (KENDA) H3,"100,000",0,1,0,0,1,0,NOT_COVERED,APPLIED,GEN-F0500-001-N-MA,"1,741",REPO_MAINTENANCE,Pondok Indah,Service Advisor PI,B 3850 PWF,"28,236"
"Sep 24, 2025, 10:02",WO-144348947039672852,SPAREPART,87eede8f-1064-4c4e-912d-9319aa96d5b0,Brake Pad H3 FR / RR H3,"26,000",0,1,0,0,1,0,NOT_COVERED,APPLIED,GEN-F0130-001-N-NE,"1,075",REPO_MAINTENANCE,Pondok Indah,Service Advisor PI,B 3850 PWF,"28,236"
"Sep 24, 2025, 10:01",WO-144580744377818704,SPAREPART,5075f880-8de8-488e-9bca-4db3d05c3583,Brake pad Front H1 - Fr H1,"26,000",0,1,0,0,1,0,NEW_ONBOARDING,APPLIED,GEN-F1280-001-N-NE,"1,789",REGULAR,Pondok Indah,Faiz Zaidan Alghifari Ramadhan,B 4634 SWB,"6,476"
"Sep 24, 2025, 09:56",WO-144580134458907156,SPAREPART,87eede8f-1064-4c4e-912d-9319aa96d5b0,Brake Pad H3 FR / RR H3,"26,000",0,2,0,0,2,0,NEW_ONBOARDING,APPLIED,GEN-F0130-001-N-NE,"1,075",REGULAR,Pondok Indah,Service Advisor PI,B 4871 SVT,"32,873"
"Sep 24, 2025, 09:55",WO-144569163216608848,SPAREPART,87eede8f-1064-4c4e-912d-9319aa96d5b0,Brake Pad H3 FR / RR H3,"26,000",0,1,0,0,1,0,NOT_COVERED,APPLIED,GEN-F0130-001-N-NE,"1,075",STORING,Pondok Indah,Eka Pitaloka,B 4067 SVT,"34,595"
"Sep 24, 2025, 09:49",WO-144487727683886672,SPAREPART,fa116921-3f09-44e1-b709-86b1780d9253,Brake Pad Kit H5 -1-01 (Canvas Rem) H5,"39,500",0,1,0,0,1,0,NOT_COVERED,APPLIED,GEN-F1130-001-F-NE,"1,758",REPO_MAINTENANCE,Pondok Indah,Service Advisor PI,B 4688 SVN,"32,016"
"Sep 24, 2025, 09:49",WO-144487727683886672,SPAREPART,79e0bbc0-0b87-4142-8e3f-0b3ccdc86641,Brake Pad Kit H5 -2-01 (Canvas Rem) H5,"28,500",0,1,0,0,1,0,NOT_COVERED,APPLIED,GEN-F1140-001-R-NE,"1,759",REPO_MAINTENANCE,Pondok Indah,Service Advisor PI,B 4688 SVN,"32,016"
"Sep 24, 2025, 09:48",WO-144579391043690064,SPAREPART,fa116921-3f09-44e1-b709-86b1780d9253,Brake Pad Kit H5 -1-01 (Canvas Rem) H5,"39,500",0,1,0,0,1,0,NOT_COVERED,APPLIED,GEN-F1130-001-F-NE,"1,758",REGULAR,Bekasi,Service Advisor Bekasi,B 4901 SVN,"60,476"
"Sep 24, 2025, 09:48",WO-144579391043690064,SPAREPART,79e0bbc0-0b87-4142-8e3f-0b3ccdc86641,Brake Pad Kit H5 -2-01 (Canvas Rem) H5,"28,500",0,1,0,0,1,0,NOT_COVERED,APPLIED,GEN-F1140-001-R-NE,"1,759",REGULAR,Bekasi,Service Advisor Bekasi,B 4901 SVN,"60,476"
"Sep 24, 2025, 09:45",WO-144577220776582736,SPAREPART,87eede8f-1064-4c4e-912d-9319aa96d5b0,Brake Pad H3 FR / RR H3,"26,000",0,2,0,0,2,0,NOT_COVERED,APPLIED,GEN-F0130-001-N-NE,"1,075",REGULAR,Kembangan,Irawan,B 3836 PWF,"20,805"
"Sep 24, 2025, 09:41",WO-144576510580251156,SPAREPART,5075f880-8de8-488e-9bca-4db3d05c3583,Brake pad Front H1 - Fr H1,"26,000",0,1,0,0,1,0,NOT_COVERED,APPLIED,GEN-F1280-001-N-NE,"1,789",REGULAR,Pondok Indah,Service Advisor PI,B 4609 SWD,"4,528"
"Sep 24, 2025, 09:37",WO-144578319533235792,SPAREPART,87eede8f-1064-4c4e-912d-9319aa96d5b0,Brake Pad H3 FR / RR H3,"26,000",0,2,0,0,2,0,NEW_ONBOARDING,APPLIED,GEN-F0130-001-N-NE,"1,075",REGULAR,Pondok Indah,Muhamad Chaerudin,B 4265 SWB,"22,326"
"Sep 24, 2025, 09:37",WO-144578319533235792,SPAREPART,ec86c430-e74c-451d-8d93-6d47384acc17,Tire 90/90-12 H3 (KENDA) H3,"135,796",0,1,0,0,1,0,NEW_ONBOARDING,APPLIED,GEN-F0500-001-N-MA,"1,741",REGULAR,Pondok Indah,Muhamad Chaerudin,B 4265 SWB,"22,326"
"Sep 24, 2025, 09:35",WO-144575781710880336,SPAREPART,87eede8f-1064-4c4e-912d-9319aa96d5b0,Brake Pad H3 FR / RR H3,"26,000",0,1,0,0,1,0,NOT_COVERED,APPLIED,GEN-F0130-001-N-NE,"1,075",STORING,Pondok Indah,Eka Pitaloka,B 3570 PWE,"23,921"
"Sep 24, 2025, 09:28",WO-144575381909823056,SPAREPART,87eede8f-1064-4c4e-912d-9319aa96d5b0,Brake Pad H3 FR / RR H3,"26,000",0,2,0,0,2,0,NEW_ONBOARDING,APPLIED,GEN-F0130-001-N-NE,"1,075",REGULAR,Pondok Indah,Faiz Zaidan Alghifari Ramadhan,B 4276 SVT,"21,087"
"Sep 24, 2025, 09:27",WO-144577260052044308,SPAREPART,87eede8f-1064-4c4e-912d-9319aa96d5b0,Brake Pad H3 FR / RR H3,"26,000",0,1,0,0,1,0,NOT_COVERED,APPLIED,GEN-F0130-001-N-NE,"1,075",REGULAR,Bekasi,Service Advisor Bekasi,B 4122 SVP,"458,985"
"Sep 24, 2025, 09:24",WO-144576998981786132,SPAREPART,87eede8f-1064-4c4e-912d-9319aa96d5b0,Brake Pad H3 FR / RR H3,"26,000",0,2,0,0,2,0,NEW_ONBOARDING,APPLIED,GEN-F0130-001-N-NE,"1,075",REGULAR,Pondok Indah,Faiz Zaidan Alghifari Ramadhan,B 4791 SVR,"54,550"
"Sep 24, 2025, 09:23",WO-144418805756484116,SPAREPART,9ae448db-156e-4e8b-8980-6f520521c921,Speed control handle cable H3,"16,169","49,000",1,0,0,1,"49,000",NOT_COVERED,APPLIED,H3A-E70090-001-N-BL,857,STORING,Pondok Indah,Service Advisor PI,B 4415 SVT,"47,406"
"Sep 24, 2025, 09:16",WO-144576158392933968,SPAREPART,87eede8f-1064-4c4e-912d-9319aa96d5b0,Brake Pad H3 FR / RR H3,"26,000",0,1,0,0,1,0,NOT_COVERED,APPLIED,GEN-F0130-001-N-NE,"1,075",REGULAR,Bekasi,Service Advisor Bekasi,B 4841 SVS,"307,717"
"Sep 24, 2025, 09:16",WO-144576158392933968,SPAREPART,ec86c430-e74c-451d-8d93-6d47384acc17,Tire 90/90-12 H3 (KENDA) H3,"100,000","100,000",1,0,0,1,"100,000",NOT_COVERED,APPLIED,GEN-F0500-001-N-MA,"1,741",REGULAR,Bekasi,Service Advisor Bekasi,B 4841 SVS,"307,717"
"Sep 24, 2025, 09:15",WO-144576074473298452,SPAREPART,87eede8f-1064-4c4e-912d-9319aa96d5b0,Brake Pad H3 FR / RR H3,"26,000",0,2,0,0,2,0,NEW_ONBOARDING,APPLIED,GEN-F0130-001-N-NE,"1,075",REGULAR,Pondok Indah,Muhammad Riduwan,B 3803 PWF,"39,371"
"Sep 24, 2025, 09:11",WO-144575720121719316,SPAREPART,87eede8f-1064-4c4e-912d-9319aa96d5b0,Brake Pad H3 FR / RR H3,"26,000",0,2,0,0,2,0,NEW_ONBOARDING,APPLIED,GEN-F0130-001-N-NE,"1,075",REGULAR,Pondok Indah,Muhamad Chaerudin,B 4102 SWA,"13,930"
"Sep 24, 2025, 09:08",WO-144312034698222100,SPAREPART,87eede8f-1064-4c4e-912d-9319aa96d5b0,Brake Pad H3 FR / RR H3,"26,000",0,2,0,0,2,0,NEW_ONBOARDING,APPLIED,GEN-F0130-001-N-NE,"1,075",REGULAR,Pondok Indah,Service Advisor PI,B 4731 SVP,"66,024"
"Sep 24, 2025, 08:24",WO-144567010431359508,SPAREPART,c52ca52a-85ef-43ad-8637-a9a65142da16,Rear disc brake disc H3,"26,519",0,1,0,0,1,0,NOT_COVERED,APPLIED,GEN-F0190-001-R-NE,854,STORING,Pondok Indah,Naufal Rabbani,B 4223 SVT,50
"Sep 24, 2025, 07:38",WO-144564441671818832,SPAREPART,ec86c430-e74c-451d-8d93-6d47384acc17,Tire 90/90-12 H3 (KENDA) H3,"100,000",0,1,0,0,1,0,NOT_COVERED,APPLIED,GEN-F0500-001-N-MA,"1,741",STORING,Pondok Indah,Naufal Rabbani,B 4546 SVR,"61,212"
"Sep 23, 2025, 23:39",WO-144509704897322576,SPAREPART,9ae448db-156e-4e8b-8980-6f520521c921,Speed control handle cable H3,"16,169",0,1,0,0,1,0,NOT_COVERED,APPLIED,H3A-E70090-001-N-BL,857,STORING,Pondok Indah,Naufal Rabbani,B 4717 SVO,"43,445"
"Sep 23, 2025, 22:20",WO-144473798719068692,SPAREPART,9ae448db-156e-4e8b-8980-6f520521c921,Speed control handle cable H3,"16,169",0,1,0,0,1,0,NOT_COVERED,APPLIED,H3A-E70090-001-N-BL,857,STORING,Pondok Indah,Naufal Rabbani,B 3625 PWE,"52,094"
"Sep 23, 2025, 22:07",WO-144508453384116756,SPAREPART,fa116921-3f09-44e1-b709-86b1780d9253,Brake Pad Kit H5 -1-01 (Canvas Rem) H5,"39,500",0,1,0,0,1,0,NOT_COVERED,APPLIED,GEN-F1130-001-F-NE,"1,758",STORING,Pondok Indah,Eka Pitaloka,B 5180 SVL,"54,356"
"Sep 23, 2025, 22:07",WO-144508453384116756,SPAREPART,79e0bbc0-0b87-4142-8e3f-0b3ccdc86641,Brake Pad Kit H5 -2-01 (Canvas Rem) H5,"28,500",0,1,0,0,1,0,NOT_COVERED,APPLIED,GEN-F1140-001-R-NE,"1,759",STORING,Pondok Indah,Eka Pitaloka,B 5180 SVL,"54,356"
"Sep 23, 2025, 21:28",WO-144504227908049428,SPAREPART,9ae448db-156e-4e8b-8980-6f520521c921,Speed control handle cable H3,"16,169",0,1,0,0,1,0,NOT_COVERED,APPLIED,H3A-E70090-001-N-BL,857,STORING,Pondok Indah,Naufal Rabbani,B 4221 SVT,"43,345"
"Sep 23, 2025, 19:57",WO-144491263566044752,SPAREPART,d09f6b27-05e3-429e-8d59-5978689af06f,USB charging port H3,"12,627",0,1,0,0,1,0,NOT_COVERED,APPLIED,H3A-E40010-001-N-NE,871,STORING,Pondok Indah,Service Advisor PI,B 4375 SVR,"35,220"
"Sep 23, 2025, 19:57",WO-144491263566044752,SPAREPART,87eede8f-1064-4c4e-912d-9319aa96d5b0,Brake Pad H3 FR / RR H3,"26,000",0,1,0,0,1,0,NOT_COVERED,APPLIED,GEN-F0130-001-N-NE,"1,075",STORING,Pondok Indah,Service Advisor PI,B 4375 SVR,"35,220"
"Sep 23, 2025, 19:41",WO-144472818812213780,SPAREPART,ec86c430-e74c-451d-8d93-6d47384acc17,Tire 90/90-12 H3 (KENDA) H3,"100,000",0,1,0,0,1,0,NOT_COVERED,APPLIED,GEN-F0500-001-N-MA,"1,741",REPO_MAINTENANCE,Pondok Indah,Service Advisor PI,B 4048 SVT,"37,735"
"Sep 23, 2025, 19:41",WO-144472818812213780,SPAREPART,87eede8f-1064-4c4e-912d-9319aa96d5b0,Brake Pad H3 FR / RR H3,"26,000",0,2,0,0,2,0,NOT_COVERED,APPLIED,GEN-F0130-001-N-NE,"1,075",REPO_MAINTENANCE,Pondok Indah,Service Advisor PI,B 4048 SVT,"37,735"
"Sep 23, 2025, 19:41",WO-144472818812213780,SPAREPART,0e63dd11-3dfb-40f2-9820-7fc9cc0b12bc,Front fork bearings H3,"42,021",0,1,0,0,1,0,NOT_COVERED,APPLIED,GEN-F0100-001-F-NE,849,REPO_MAINTENANCE,Pondok Indah,Service Advisor PI,B 4048 SVT,"37,735"
"Sep 23, 2025, 19:18",WO-144484027586338384,SPAREPART,1ac25aee-ff64-497d-a915-e4617a1892ae,Bearing Nachi 6201 H3,"13,967",0,2,0,0,2,0,NOT_COVERED,APPLIED,GEN-F0060-001-F-NE,"1,735",STORING,Pondok Indah,Naufal Rabbani,B 4336 SVP,"37,489"
"Sep 23, 2025, 19:18",WO-144484027586338384,SPAREPART,87eede8f-1064-4c4e-912d-9319aa96d5b0,Brake Pad H3 FR / RR H3,"26,000",0,2,0,0,2,0,NOT_COVERED,APPLIED,GEN-F0130-001-N-NE,"1,075",STORING,Pondok Indah,Naufal Rabbani,B 4336 SVP,"37,489"
"Sep 23, 2025, 19:09",WO-144315168094968340,SPAREPART,fa116921-3f09-44e1-b709-86b1780d9253,Brake Pad Kit H5 -1-01 (Canvas Rem) H5,"39,500",0,1,0,0,1,0,NOT_COVERED,APPLIED,GEN-F1130-001-F-NE,"1,758",WALK_IN_MAINTENANCE,Pondok Indah,Service Advisor PI,B 4495 SVL,"37,411"
"Sep 23, 2025, 19:09",WO-144315168094968340,SPAREPART,79e0bbc0-0b87-4142-8e3f-0b3ccdc86641,Brake Pad Kit H5 -2-01 (Canvas Rem) H5,"28,500",0,1,0,0,1,0,NOT_COVERED,APPLIED,GEN-F1140-001-R-NE,"1,759",WALK_IN_MAINTENANCE,Pondok Indah,Service Advisor PI,B 4495 SVL,"37,411"
"Sep 23, 2025, 18:53",WO-144489257866649168,SPAREPART,fa116921-3f09-44e1-b709-86b1780d9253,Brake Pad Kit H5 -1-01 (Canvas Rem) H5,"39,500","39,500",1,0,0,1,"39,500",NOT_COVERED,APPLIED,GEN-F1130-001-F-NE,"1,758",INTERNAL_SERVICE,Pondok Indah,Muhammad Haikal Alfaidz,B 5380 SVL,"23,168"
"Sep 23, 2025, 18:53",WO-144489257866649168,SPAREPART,37dc324d-ba63-404f-b663-747c4a4566a1,disc Brake H5,"70,000","70,000",1,0,0,1,"70,000",NOT_COVERED,APPLIED,GEN-F1120-001-R-NE,"1,761",INTERNAL_SERVICE,Pondok Indah,Muhammad Haikal Alfaidz,B 5380 SVL,"23,168"
"Sep 23, 2025, 18:53",WO-144489257866649168,SPAREPART,79e0bbc0-0b87-4142-8e3f-0b3ccdc86641,Brake Pad Kit H5 -2-01 (Canvas Rem) H5,"28,500","28,500",1,0,0,1,"28,500",NOT_COVERED,APPLIED,GEN-F1140-001-R-NE,"1,759",INTERNAL_SERVICE,Pondok Indah,Muhammad Haikal Alfaidz,B 5380 SVL,"23,168"
"Sep 23, 2025, 18:49",WO-144486421661506068,SPAREPART,87eede8f-1064-4c4e-912d-9319aa96d5b0,Brake Pad H3 FR / RR H3,"26,000",0,2,0,0,2,0,NOT_COVERED,APPLIED,GEN-F0130-001-N-NE,"1,075",REPO_MAINTENANCE,Pondok Indah,Service Advisor PI,B 4490 SWA,"7,541"
"Sep 23, 2025, 18:49",WO-144486421661506068,SPAREPART,0e63dd11-3dfb-40f2-9820-7fc9cc0b12bc,Front fork bearings H3,"42,021",0,1,0,0,1,0,NOT_COVERED,APPLIED,GEN-F0100-001-F-NE,849,REPO_MAINTENANCE,Pondok Indah,Service Advisor PI,B 4490 SWA,"7,541"
"Sep 23, 2025, 18:49",WO-144486421661506068,SPAREPART,d09f6b27-05e3-429e-8d59-5978689af06f,USB charging port H3,"12,627",0,1,0,0,1,0,NOT_COVERED,APPLIED,H3A-E40010-001-N-NE,871,REPO_MAINTENANCE,Pondok Indah,Service Advisor PI,B 4490 SWA,"7,541"
"Sep 23, 2025, 17:55",WO-144458037950701136,SPAREPART,ec86c430-e74c-451d-8d93-6d47384acc17,Tire 90/90-12 H3 (KENDA) H3,"100,000",0,2,0,0,2,0,NOT_COVERED,APPLIED,GEN-F0500-001-N-MA,"1,741",STORING,Pondok Indah,Naufal Rabbani,B 4586 SVO,242
"Sep 23, 2025, 17:38",WO-144479668530076180,SPAREPART,87eede8f-1064-4c4e-912d-9319aa96d5b0,Brake Pad H3 FR / RR H3,"26,000",0,1,0,0,1,0,NOT_COVERED,APPLIED,GEN-F0130-001-N-NE,"1,075",STORING,Pondok Indah,Eka Pitaloka,B 4299 SVT,"46,880"
"Sep 23, 2025, 17:20",WO-144366266260412948,SPAREPART,a1e28b04-f677-4714-8188-f032b8a4eb05,Bearing Nachi 6205 H5,"20,068",0,1,0,0,1,0,NEW_ONBOARDING,APPLIED,GEN-F0250-002-N-NE,"1,756",REPO_MAINTENANCE,Pondok Indah,Muhammad Riduwan,B 5118 SVL,"23,466"
"Sep 23, 2025, 17:20",WO-144366266260412948,SPAREPART,79e0bbc0-0b87-4142-8e3f-0b3ccdc86641,Brake Pad Kit H5 -2-01 (Canvas Rem) H5,"28,500",0,1,0,0,1,0,NEW_ONBOARDING,APPLIED,GEN-F1140-001-R-NE,"1,759",REPO_MAINTENANCE,Pondok Indah,Muhammad Riduwan,B 5118 SVL,"23,466"
"Sep 23, 2025, 17:17",WO-144445023847472720,SPAREPART,87eede8f-1064-4c4e-912d-9319aa96d5b0,Brake Pad H3 FR / RR H3,"26,000","26,000",1,0,0,1,"26,000",NOT_COVERED,APPLIED,GEN-F0130-001-N-NE,"1,075",INTERNAL_SERVICE,Pondok Indah,Muhammad Riduwan,B 4416 SVR,"46,559"
"Sep 23, 2025, 17:13",WO-144475722193329744,SPAREPART,87eede8f-1064-4c4e-912d-9319aa96d5b0,Brake Pad H3 FR / RR H3,"26,000",0,2,0,0,2,0,NEW_ONBOARDING,APPLIED,GEN-F0130-001-N-NE,"1,075",WALK_IN_MAINTENANCE,Pondok Indah,Nur Rokhim,B 4118 SVP,"32,096"
"Sep 23, 2025, 17:07",WO-144477864023055952,SPAREPART,d09f6b27-05e3-429e-8d59-5978689af06f,USB charging port H3,"12,627",0,1,0,0,1,0,NOT_COVERED,APPLIED,H3A-E40010-001-N-NE,871,STORING,Pondok Indah,Naufal Rabbani,B 3519 PWE,"38,600"
"Sep 23, 2025, 17:00",WO-144426721850972692,SPAREPART,87eede8f-1064-4c4e-912d-9319aa96d5b0,Brake Pad H3 FR / RR H3,"26,000",0,2,0,0,2,0,NOT_COVERED,APPLIED,GEN-F0130-001-N-NE,"1,075",STORING,Pondok Indah,Service Advisor PI,B 4518 SVP,"51,236"
"Sep 23, 2025, 16:54",WO-144475509709888020,SPAREPART,87eede8f-1064-4c4e-912d-9319aa96d5b0,Brake Pad H3 FR / RR H3,"26,000",0,1,0,0,1,0,NOT_COVERED,APPLIED,GEN-F0130-001-N-NE,"1,075",REPO_MAINTENANCE,Kembangan,Irawan,B 4222 SWA,"28,009"
"Sep 23, 2025, 16:54",WO-144475509709888020,SPAREPART,24f4995a-befd-4ad6-a490-c6318261742f,Cover Plat Nomer H3,"18,500",0,1,0,0,1,0,NOT_COVERED,APPLIED,GEN-A0140-001-N-MA,"1,738",REPO_MAINTENANCE,Kembangan,Irawan,B 4222 SWA,"28,009"
"Sep 23, 2025, 16:47",WO-144465181219510804,SPAREPART,0e63dd11-3dfb-40f2-9820-7fc9cc0b12bc,Front fork bearings H3,"42,021",0,1,0,0,1,0,NOT_COVERED,APPLIED,GEN-F0100-001-F-NE,849,WALK_IN_MAINTENANCE,Kembangan,Irawan,B 4289 SVP,"30,098"
"Sep 23, 2025, 16:47",WO-144465181219510804,SPAREPART,e0402ad2-4c70-44c0-b2a2-8bccaf20ce7b,Steering rack assembly 6.42±0.04kg H3,"100,000",0,1,0,0,1,0,NOT_COVERED,APPLIED,H3A-F0070-001-N-NE,845,WALK_IN_MAINTENANCE,Kembangan,Irawan,B 4289 SVP,"30,098"
"Sep 23, 2025, 16:47",WO-144465181219510804,SPAREPART,87eede8f-1064-4c4e-912d-9319aa96d5b0,Brake Pad H3 FR / RR H3,"26,000",0,2,0,0,2,0,NOT_COVERED,APPLIED,GEN-F0130-001-N-NE,"1,075",WALK_IN_MAINTENANCE,Kembangan,Irawan,B 4289 SVP,"30,098"
"Sep 23, 2025, 16:46",WO-144458037950701136,SPAREPART,87eede8f-1064-4c4e-912d-9319aa96d5b0,Brake Pad H3 FR / RR H3,"26,000",0,2,0,0,2,0,NEW_ONBOARDING,APPLIED,GEN-F0130-001-N-NE,"1,075",STORING,Pondok Indah,Naufal Rabbani,B 4586 SVO,242
"Sep 23, 2025, 16:43",WO-144472829650296400,SPAREPART,ec86c430-e74c-451d-8d93-6d47384acc17,Tire 90/90-12 H3 (KENDA) H3,"100,000","100,000",1,0,0,1,"100,000",NOT_COVERED,APPLIED,GEN-F0500-001-N-MA,"1,741",WALK_IN_MAINTENANCE,Bekasi,Service Advisor Bekasi,B 4497 SVT,"41,585"
"Sep 23, 2025, 16:43",WO-144472829650296400,SPAREPART,87eede8f-1064-4c4e-912d-9319aa96d5b0,Brake Pad H3 FR / RR H3,"26,000",0,2,0,0,2,0,NOT_COVERED,APPLIED,GEN-F0130-001-N-NE,"1,075",WALK_IN_MAINTENANCE,Bekasi,Service Advisor Bekasi,B 4497 SVT,"41,585"
"Sep 23, 2025, 16:40",WO-144464231981407824,SPAREPART,9ae448db-156e-4e8b-8980-6f520521c921,Speed control handle cable H3,"16,169","16,169",1,0,0,1,"16,169",NOT_COVERED,APPLIED,H3A-E70090-001-N-BL,857,REGULAR,Pondok Indah,Faris Abdurrahan,B 4380 SVT,"33,674"
"Sep 23, 2025, 16:39",WO-144366409034521108,SPAREPART,ec86c430-e74c-451d-8d93-6d47384acc17,Tire 90/90-12 H3 (KENDA) H3,"100,000",0,1,0,0,1,0,NEW_ONBOARDING,APPLIED,GEN-F0500-001-N-MA,"1,741",REPO_MAINTENANCE,Pondok Indah,Nur Rokhim,B 4384 SWA,"43,438"
"Sep 23, 2025, 16:39",WO-144366409034521108,SPAREPART,87eede8f-1064-4c4e-912d-9319aa96d5b0,Brake Pad H3 FR / RR H3,"26,000",0,1,0,0,1,0,NEW_ONBOARDING,APPLIED,GEN-F0130-001-N-NE,"1,075",REPO_MAINTENANCE,Pondok Indah,Nur Rokhim,B 4384 SWA,"43,438"
"Sep 23, 2025, 16:28",WO-144465772817701396,SPAREPART,c52ca52a-85ef-43ad-8637-a9a65142da16,Rear disc brake disc H3,"26,519",0,1,0,0,1,0,NOT_COVERED,APPLIED,GEN-F0190-001-R-NE,854,REGULAR,Pondok Indah,Eka Pitaloka,B 4427 SVR,"33,009"
"Sep 23, 2025, 16:10",WO-144472830237497876,SPAREPART,c52ca52a-85ef-43ad-8637-a9a65142da16,Rear disc brake disc H3,"26,519",0,1,0,0,1,0,NOT_COVERED,APPLIED,GEN-F0190-001-R-NE,854,REGULAR,Kembangan,Irawan,B 4819 SVR,"49,969"
"Sep 23, 2025, 16:10",WO-144472830237497876,SPAREPART,87eede8f-1064-4c4e-912d-9319aa96d5b0,Brake Pad H3 FR / RR H3,"26,000",0,1,0,0,1,0,NOT_COVERED,APPLIED,GEN-F0130-001-N-NE,"1,075",REGULAR,Kembangan,Irawan,B 4819 SVR,"49,969"
"Sep 23, 2025, 16:03",WO-144470756842036816,SPAREPART,fa116921-3f09-44e1-b709-86b1780d9253,Brake Pad Kit H5 -1-01 (Canvas Rem) H5,"39,500",0,1,0,0,1,0,NOT_COVERED,APPLIED,GEN-F1130-001-F-NE,"1,758",REGULAR,Bekasi,Service Advisor Bekasi,B 5121 SVL,250
"Sep 23, 2025, 16:02",WO-144468421118024212,SPAREPART,ec86c430-e74c-451d-8d93-6d47384acc17,Tire 90/90-12 H3 (KENDA) H3,"135,796","135,796",1,0,0,1,"135,796",NOT_COVERED,APPLIED,GEN-F0500-001-N-MA,"1,741",STORING,Pondok Indah,Dani Setiawan,B 4009 SWD,"4,009"
"Sep 23, 2025, 15:52",WO-144470488188477008,SPAREPART,87eede8f-1064-4c4e-912d-9319aa96d5b0,Brake Pad H3 FR / RR H3,"26,000",0,1,0,0,1,0,NOT_COVERED,APPLIED,GEN-F0130-001-N-NE,"1,075",REGULAR,Kembangan,Irawan,B 4819 SVR,"4,994"
"Sep 23, 2025, 15:47",WO-144464026930273872,SPAREPART,fa116921-3f09-44e1-b709-86b1780d9253,Brake Pad Kit H5 -1-01 (Canvas Rem) H5,"39,500",0,1,0,0,1,0,NOT_COVERED,APPLIED,GEN-F1130-001-F-NE,"1,758",REGULAR,Bekasi,Service Advisor Bekasi,B 4939 SVN,"50,217"
"Sep 23, 2025, 15:47",WO-144464026930273872,SPAREPART,64cde6f9-4cf9-4026-88c7-51d71c6d8351,Capricorn five switches (Headlight always on) H5,"24,173",0,1,0,0,1,0,NOT_COVERED,APPLIED,H5A-E60170-001-N-NE,951,REGULAR,Bekasi,Service Advisor Bekasi,B 4939 SVN,"50,217"
"Sep 23, 2025, 15:47",WO-144464026930273872,SPAREPART,79e0bbc0-0b87-4142-8e3f-0b3ccdc86641,Brake Pad Kit H5 -2-01 (Canvas Rem) H5,"28,500",0,1,0,0,1,0,NOT_COVERED,APPLIED,GEN-F1140-001-R-NE,"1,759",REGULAR,Bekasi,Service Advisor Bekasi,B 4939 SVN,"50,217"
"Sep 23, 2025, 15:47",WO-144464026930273872,SPAREPART,37dc324d-ba63-404f-b663-747c4a4566a1,disc Brake H5,"70,000",0,1,0,0,1,0,NOT_COVERED,APPLIED,GEN-F1120-001-R-NE,"1,761",REGULAR,Bekasi,Service Advisor Bekasi,B 4939 SVN,"50,217"
"Sep 23, 2025, 15:47",WO-144370372802797136,SPAREPART,87eede8f-1064-4c4e-912d-9319aa96d5b0,Brake Pad H3 FR / RR H3,"26,000",0,2,0,0,2,0,NOT_COVERED,APPLIED,GEN-F0130-001-N-NE,"1,075",REPO_MAINTENANCE,Pondok Indah,Service Advisor PI,B 4572 SVT,"54,334"
"Sep 23, 2025, 15:44",WO-144470170511892048,SPAREPART,87eede8f-1064-4c4e-912d-9319aa96d5b0,Brake Pad H3 FR / RR H3,"26,000",0,2,0,0,2,0,NOT_COVERED,APPLIED,GEN-F0130-001-N-NE,"1,075",REPO_MAINTENANCE,Bekasi,Service Advisor Bekasi,B 4095 SVT,"563,748"
"Sep 23, 2025, 15:44",WO-144470170511892048,SPAREPART,0e63dd11-3dfb-40f2-9820-7fc9cc0b12bc,Front fork bearings H3,"42,021","100,000",1,0,0,1,"100,000",NOT_COVERED,APPLIED,GEN-F0100-001-F-NE,849,REPO_MAINTENANCE,Bekasi,Service Advisor Bekasi,B 4095 SVT,"563,748"
"Sep 23, 2025, 15:44",WO-144470170511892048,SPAREPART,e0402ad2-4c70-44c0-b2a2-8bccaf20ce7b,Steering rack assembly 6.42±0.04kg H3,"100,000","100,000",1,0,0,1,"100,000",NOT_COVERED,APPLIED,H3A-F0070-001-N-NE,845,REPO_MAINTENANCE,Bekasi,Service Advisor Bekasi,B 4095 SVT,"563,748"
"Sep 23, 2025, 15:44",WO-144470170511892048,SPAREPART,24f4995a-befd-4ad6-a490-c6318261742f,Cover Plat Nomer H3,"18,500","25,000",1,0,0,1,"25,000",NOT_COVERED,APPLIED,GEN-A0140-001-N-MA,"1,738",REPO_MAINTENANCE,Bekasi,Service Advisor Bekasi,B 4095 SVT,"563,748"
"Sep 23, 2025, 15:41",WO-144454977903942164,SPAREPART,1ac25aee-ff64-497d-a915-e4617a1892ae,Bearing Nachi 6201 H3,"13,967",0,2,0,0,2,0,NOT_COVERED,APPLIED,GEN-F0060-001-F-NE,"1,735",REGULAR,Pondok Indah,Eka Pitaloka,B 5535 SVL,"65,031"
"Sep 23, 2025, 15:27",WO-144436454632741396,SPAREPART,87eede8f-1064-4c4e-912d-9319aa96d5b0,Brake Pad H3 FR / RR H3,"26,000",0,2,0,0,2,0,NOT_COVERED,APPLIED,GEN-F0130-001-N-NE,"1,075",WALK_IN_MAINTENANCE,Pondok Indah,Eka Pitaloka,B 4332 SVP,"41,045"
"Sep 23, 2025, 15:21",WO-144351198743387728,SPAREPART,87eede8f-1064-4c4e-912d-9319aa96d5b0,Brake Pad H3 FR / RR H3,"26,000",0,2,0,0,2,0,NEW_ONBOARDING,APPLIED,GEN-F0130-001-N-NE,"1,075",REPO_MAINTENANCE,Pondok Indah,Nur Rokhim,B 3583 PWE,"30,889"
"Sep 23, 2025, 15:21",WO-144351198743387728,SPAREPART,18749550-126c-431c-a00c-fdd1bafa5068,Right handle bar H3,"16,813",0,1,0,0,1,0,NEW_ONBOARDING,APPLIED,H3A-B0300-001-R-MA,869,REPO_MAINTENANCE,Pondok Indah,Nur Rokhim,B 3583 PWE,"30,889"
"Sep 23, 2025, 15:02",WO-144465763690895892,SPAREPART,a8261683-77ce-4c3a-969e-8c7de608fd1b,Flasher H3,"7,912","7,912",1,0,0,1,"7,912",NOT_COVERED,APPLIED,H3A-E50010-001-N-NE,874,REGULAR,Bekasi,Affani,B 4691 SVR,"12,223"
"Sep 23, 2025, 15:02",WO-144465763690895892,SPAREPART,d09f6b27-05e3-429e-8d59-5978689af06f,USB charging port H3,"12,627","12,627",1,0,0,1,"12,627",NOT_COVERED,APPLIED,H3A-E40010-001-N-NE,871,REGULAR,Bekasi,Affani,B 4691 SVR,"12,223"
"Sep 23, 2025, 14:55",WO-144465346642860564,SPAREPART,ec86c430-e74c-451d-8d93-6d47384acc17,Tire 90/90-12 H3 (KENDA) H3,"100,000","100,000",1,0,0,1,"100,000",NOT_COVERED,APPLIED,GEN-F0500-001-N-MA,"1,741",STORING,Pondok Indah,Faris Abdurrahan,B 3711 PWE,"36,769"
"Sep 23, 2025, 14:55",WO-144465346642860564,SPAREPART,87eede8f-1064-4c4e-912d-9319aa96d5b0,Brake Pad H3 FR / RR H3,"26,000",0,2,0,0,2,0,NEW_ONBOARDING,APPLIED,GEN-F0130-001-N-NE,"1,075",STORING,Pondok Indah,Faris Abdurrahan,B 3711 PWE,"36,769"
"Sep 23, 2025, 14:52",WO-144318775833943632,SPAREPART,1ac25aee-ff64-497d-a915-e4617a1892ae,Bearing Nachi 6201 H3,"13,967",0,2,0,0,2,0,NOT_COVERED,APPLIED,GEN-F0060-001-F-NE,"1,735",WALK_IN_MAINTENANCE,Pondok Indah,Service Advisor PI,B 5217 BWJ,"22,819"
"Sep 23, 2025, 14:52",WO-144318775833943632,SPAREPART,87eede8f-1064-4c4e-912d-9319aa96d5b0,Brake Pad H3 FR / RR H3,"26,000",0,2,0,0,2,0,NOT_COVERED,APPLIED,GEN-F0130-001-N-NE,"1,075",WALK_IN_MAINTENANCE,Pondok Indah,Service Advisor PI,B 5217 BWJ,"22,819"
"Sep 23, 2025, 14:52",WO-144318775833943632,SPAREPART,ec86c430-e74c-451d-8d93-6d47384acc17,Tire 90/90-12 H3 (KENDA) H3,"100,000",0,1,0,0,1,0,NOT_COVERED,APPLIED,GEN-F0500-001-N-MA,"1,741",WALK_IN_MAINTENANCE,Pondok Indah,Service Advisor PI,B 5217 BWJ,"22,819"
"Sep 23, 2025, 14:50",WO-144438644915068496,SPAREPART,fa116921-3f09-44e1-b709-86b1780d9253,Brake Pad Kit H5 -1-01 (Canvas Rem) H5,"39,500",0,1,0,0,1,0,NOT_COVERED,APPLIED,GEN-F1130-001-F-NE,"1,758",REGULAR,Pondok Indah,Eka Pitaloka,B 4677 SVN,"21,344"
"Sep 23, 2025, 14:47",WO-144464231981407824,SPAREPART,87eede8f-1064-4c4e-912d-9319aa96d5b0,Brake Pad H3 FR / RR H3,"26,000",0,2,0,0,2,0,NEW_ONBOARDING,APPLIED,GEN-F0130-001-N-NE,"1,075",REGULAR,Pondok Indah,Faris Abdurrahan,B 4380 SVT,"33,674"
"Sep 23, 2025, 14:38",WO-144463680027777556,SPAREPART,5075f880-8de8-488e-9bca-4db3d05c3583,Brake pad Front H1 - Fr H1,"26,000",0,1,0,0,1,0,PREVIOUS_SERVICE,APPLIED,GEN-F1280-001-N-NE,"1,789",REGULAR,Pondok Indah,Muhamad Chaerudin,B 4447 SWD,"4,028"
"Sep 23, 2025, 14:35",WO-144457458801204816,SPAREPART,87eede8f-1064-4c4e-912d-9319aa96d5b0,Brake Pad H3 FR / RR H3,"26,000",0,1,0,0,1,0,NOT_COVERED,APPLIED,GEN-F0130-001-N-NE,"1,075",WALK_IN_MAINTENANCE,Kembangan,Irawan,B 5295 BWJ,"32,110"
"Sep 23, 2025, 14:33",WO-144321451497905744,SPAREPART,c52ca52a-85ef-43ad-8637-a9a65142da16,Rear disc brake disc H3,"26,519",0,1,0,0,1,0,NOT_COVERED,APPLIED,GEN-F0190-001-R-NE,854,REGULAR,Pondok Indah,Service Advisor PI,B 4709 SVT,"42,824"
"Sep 23, 2025, 14:33",WO-144321451497905744,SPAREPART,87eede8f-1064-4c4e-912d-9319aa96d5b0,Brake Pad H3 FR / RR H3,"26,000",0,1,0,0,1,0,NOT_COVERED,APPLIED,GEN-F0130-001-N-NE,"1,075",REGULAR,Pondok Indah,Service Advisor PI,B 4709 SVT,"42,824"
"Sep 23, 2025, 14:33",WO-144321451497905744,SPAREPART,ec86c430-e74c-451d-8d93-6d47384acc17,Tire 90/90-12 H3 (KENDA) H3,"100,000",0,1,0,0,1,0,NOT_COVERED,APPLIED,GEN-F0500-001-N-MA,"1,741",REGULAR,Pondok Indah,Service Advisor PI,B 4709 SVT,"42,824"
"Sep 23, 2025, 14:28",WO-144462677354241616,SPAREPART,87eede8f-1064-4c4e-912d-9319aa96d5b0,Brake Pad H3 FR / RR H3,"26,000",0,2,0,0,2,0,NEW_ONBOARDING,APPLIED,GEN-F0130-001-N-NE,"1,075",REGULAR,Pondok Indah,Faiz Zaidan Alghifari Ramadhan,B 3544 PWE,"38,272"
"Sep 23, 2025, 14:25",WO-144457377750473236,SPAREPART,87eede8f-1064-4c4e-912d-9319aa96d5b0,Brake Pad H3 FR / RR H3,"26,000",0,2,0,0,2,0,NOT_COVERED,APPLIED,GEN-F0130-001-N-NE,"1,075",WALK_IN_MAINTENANCE,Kembangan,Irawan,B 3742 PWE,"24,021"
"Sep 23, 2025, 14:24",WO-144460893499972116,SPAREPART,64cde6f9-4cf9-4026-88c7-51d71c6d8351,Capricorn five switches (Headlight always on) H5,"24,173",0,1,0,0,1,0,NOT_COVERED,APPLIED,H5A-E60170-001-N-NE,951,WALK_IN_MAINTENANCE,Kembangan,Irawan,B 4585 SVL,"71,646"
"Sep 23, 2025, 14:05",WO-144458617251192400,SPAREPART,87eede8f-1064-4c4e-912d-9319aa96d5b0,Brake Pad H3 FR / RR H3,"26,000",0,2,0,0,2,0,NOT_COVERED,APPLIED,GEN-F0130-001-N-NE,"1,075",REGULAR,Kembangan,Irawan,B 4473 SVT,"43,996"
"Sep 23, 2025, 14:02",WO-144460089921657364,SPAREPART,fa116921-3f09-44e1-b709-86b1780d9253,Brake Pad Kit H5 -1-01 (Canvas Rem) H5,"39,500",0,1,0,0,1,0,NEW_ONBOARDING,APPLIED,GEN-F1130-001-F-NE,"1,758",REGULAR,Pondok Indah,Faiz Zaidan Alghifari Ramadhan,B 5230 SVL,"90,360"
"Sep 23, 2025, 14:02",WO-144460089921657364,SPAREPART,79e0bbc0-0b87-4142-8e3f-0b3ccdc86641,Brake Pad Kit H5 -2-01 (Canvas Rem) H5,"28,500",0,1,0,0,1,0,NEW_ONBOARDING,APPLIED,GEN-F1140-001-R-NE,"1,759",REGULAR,Pondok Indah,Faiz Zaidan Alghifari Ramadhan,B 5230 SVL,"90,360"
"Sep 23, 2025, 13:57",WO-144446194578382416,SPAREPART,d566efa4-3df6-4bac-853f-18967408c853,Converter (With lead-out) H5,"48,185",0,1,0,0,1,0,NOT_COVERED,APPLIED,H5A-E50050-001-N-NE,955,STORING,Pondok Indah,Eka Pitaloka,B 4207 SVO,"3,242"
"Sep 23, 2025, 13:46",WO-144456579574422036,SPAREPART,fa116921-3f09-44e1-b709-86b1780d9253,Brake Pad Kit H5 -1-01 (Canvas Rem) H5,"39,500",0,1,0,0,1,0,NOT_COVERED,APPLIED,GEN-F1130-001-F-NE,"1,758",REGULAR,Kembangan,Irawan,B 4401 SVL,"6,207"
"Sep 23, 2025, 13:46",WO-144456579574422036,SPAREPART,79e0bbc0-0b87-4142-8e3f-0b3ccdc86641,Brake Pad Kit H5 -2-01 (Canvas Rem) H5,"28,500",0,1,0,0,1,0,NOT_COVERED,APPLIED,GEN-F1140-001-R-NE,"1,759",REGULAR,Kembangan,Irawan,B 4401 SVL,"6,207"
"Sep 23, 2025, 13:46",WO-144458333095485008,SPAREPART,d09f6b27-05e3-429e-8d59-5978689af06f,USB charging port H3,"12,627",0,1,0,0,1,0,NEW_ONBOARDING,APPLIED,H3A-E40010-001-N-NE,871,REGULAR,Pondok Indah,Muhammad Haikal Alfaidz,B 4451 SVV,"22,867"
"Sep 23, 2025, 13:41",WO-144457403402837584,SPAREPART,87eede8f-1064-4c4e-912d-9319aa96d5b0,Brake Pad H3 FR / RR H3,"26,000",0,1,0,0,1,0,NOT_COVERED,APPLIED,GEN-F0130-001-N-NE,"1,075",REGULAR,Kembangan,Irawan,B 4629 SWA,"17,128"
"Sep 23, 2025, 13:41",WO-144457245495680592,SPAREPART,87eede8f-1064-4c4e-912d-9319aa96d5b0,Brake Pad H3 FR / RR H3,"26,000",0,1,0,0,1,0,NOT_COVERED,APPLIED,GEN-F0130-001-N-NE,"1,075",REGULAR,Kembangan,Irawan,B 4031 SWB,"16,787"
"Sep 23, 2025, 13:40",WO-144316858164600400,SPAREPART,11409fb3-6031-43ba-bf50-6fb52f24b60c,Reverse switch H5,"6,785",0,1,0,0,1,0,NOT_COVERED,APPLIED,H5A-E70120-001-N-NE,952,WALK_IN_MAINTENANCE,Pondok Indah,Eka Pitaloka,B 4814 SVN,"43,354"
"Sep 23, 2025, 13:40",WO-144316858164600400,SPAREPART,87eede8f-1064-4c4e-912d-9319aa96d5b0,Brake Pad H3 FR / RR H3,"26,000",0,2,0,0,2,0,NOT_COVERED,APPLIED,GEN-F0130-001-N-NE,"1,075",WALK_IN_MAINTENANCE,Pondok Indah,Eka Pitaloka,B 4814 SVN,"43,354"
"Sep 23, 2025, 13:35",WO-144455415957051924,SPAREPART,999f14b8-db39-41e5-a31a-b5e0b7e8d909,Tires (far star) H5,"151,682",0,1,0,0,1,0,NEW_ONBOARDING,APPLIED,GEN-F1090-001-N-NE,982,STORING,Pondok Indah,Muhammad Riduwan,B 4506 SWE,"4,506"
"Sep 23, 2025, 13:34",WO-144457137567850064,SPAREPART,d09f6b27-05e3-429e-8d59-5978689af06f,USB charging port H3,"12,627","38,000",1,0,0,1,"38,000",NOT_COVERED,APPLIED,H3A-E40010-001-N-NE,871,REGULAR,Pondok Indah,Eka Pitaloka,B 4451 SWA,"8,092"
"Sep 23, 2025, 13:33",WO-144320261087321680,SPAREPART,79e0bbc0-0b87-4142-8e3f-0b3ccdc86641,Brake Pad Kit H5 -2-01 (Canvas Rem) H5,"28,500",0,1,0,0,1,0,NOT_COVERED,APPLIED,GEN-F1140-001-R-NE,"1,759",WALK_IN_MAINTENANCE,Pondok Indah,Eka Pitaloka,B 5352 SVL,"30,678"
"Sep 23, 2025, 13:33",WO-144320261087321680,SPAREPART,fa116921-3f09-44e1-b709-86b1780d9253,Brake Pad Kit H5 -1-01 (Canvas Rem) H5,"39,500",0,1,0,0,1,0,NOT_COVERED,APPLIED,GEN-F1130-001-F-NE,"1,758",WALK_IN_MAINTENANCE,Pondok Indah,Eka Pitaloka,B 5352 SVL,"30,678"
"Sep 23, 2025, 13:33",WO-144320261087321680,SPAREPART,7429bc57-bb65-4afc-9756-811a1cb9a922,"Wires, Motor 4# ham with ears (+ backing bracket state) ham H5",0,0,1,0,0,1,0,NOT_COVERED,APPLIED,H5A-E20040-001-N-NE,957,WALK_IN_MAINTENANCE,Pondok Indah,Eka Pitaloka,B 5352 SVL,"30,678"
"Sep 23, 2025, 13:33",WO-144320261087321680,SPAREPART,64cde6f9-4cf9-4026-88c7-51d71c6d8351,Capricorn five switches (Headlight always on) H5,"24,173",0,1,0,0,1,0,NOT_COVERED,APPLIED,H5A-E60170-001-N-NE,951,WALK_IN_MAINTENANCE,Pondok Indah,Eka Pitaloka,B 5352 SVL,"30,678"
"Sep 23, 2025, 13:33",WO-144320261087321680,SPAREPART,a1e28b04-f677-4714-8188-f032b8a4eb05,Bearing Nachi 6205 H5,"20,068",0,1,0,0,1,0,NOT_COVERED,APPLIED,GEN-F0250-002-N-NE,"1,756",WALK_IN_MAINTENANCE,Pondok Indah,Eka Pitaloka,B 5352 SVL,"30,678"
"Sep 23, 2025, 13:31",WO-144454684789201428,SPAREPART,87eede8f-1064-4c4e-912d-9319aa96d5b0,Brake Pad H3 FR / RR H3,"26,000",0,2,0,0,2,0,NOT_COVERED,APPLIED,GEN-F0130-001-N-NE,"1,075",REGULAR,Kembangan,Irawan,B 4508 SVP,"69,079"
"Sep 23, 2025, 13:31",WO-144454684789201428,SPAREPART,ec86c430-e74c-451d-8d93-6d47384acc17,Tire 90/90-12 H3 (KENDA) H3,"100,000",0,1,0,0,1,0,NOT_COVERED,APPLIED,GEN-F0500-001-N-MA,"1,741",REGULAR,Kembangan,Irawan,B 4508 SVP,"69,079"
"Sep 23, 2025, 13:30",WO-144435378340781648,SPAREPART,fa116921-3f09-44e1-b709-86b1780d9253,Brake Pad Kit H5 -1-01 (Canvas Rem) H5,"39,500",0,1,0,0,1,0,NOT_COVERED,APPLIED,GEN-F1130-001-F-NE,"1,758",REGULAR,Pondok Indah,Eka Pitaloka,B 5251 SVL,"33,948"
"Sep 23, 2025, 13:30",WO-144435378340781648,SPAREPART,79e0bbc0-0b87-4142-8e3f-0b3ccdc86641,Brake Pad Kit H5 -2-01 (Canvas Rem) H5,"28,500",0,1,0,0,1,0,NOT_COVERED,APPLIED,GEN-F1140-001-R-NE,"1,759",REGULAR,Pondok Indah,Eka Pitaloka,B 5251 SVL,"33,948"
"Sep 23, 2025, 13:30",WO-144371097595304468,SPAREPART,79e0bbc0-0b87-4142-8e3f-0b3ccdc86641,Brake Pad Kit H5 -2-01 (Canvas Rem) H5,"28,500",0,1,0,0,1,0,NEW_ONBOARDING,APPLIED,GEN-F1140-001-R-NE,"1,759",REPO_MAINTENANCE,Pondok Indah,Nur Rokhim,B 4878 SVN,"82,698"
"Sep 23, 2025, 13:30",WO-144371097595304468,SPAREPART,97f7f144-3d69-427e-8218-29374555387e,Bearing Nachi 6301 H5,"14,200",0,1,0,0,1,0,NEW_ONBOARDING,APPLIED,GEN-F0570-003-R-NE,"1,762",REPO_MAINTENANCE,Pondok Indah,Nur Rokhim,B 4878 SVN,"82,698"
"Sep 23, 2025, 13:30",WO-144371097595304468,SPAREPART,fa116921-3f09-44e1-b709-86b1780d9253,Brake Pad Kit H5 -1-01 (Canvas Rem) H5,"39,500",0,1,0,0,1,0,NEW_ONBOARDING,APPLIED,GEN-F1130-001-F-NE,"1,758",REPO_MAINTENANCE,Pondok Indah,Nur Rokhim,B 4878 SVN,"82,698"
"Sep 23, 2025, 13:30",WO-144371097595304468,SPAREPART,37dc324d-ba63-404f-b663-747c4a4566a1,disc Brake H5,"70,000",0,1,0,0,1,0,NEW_ONBOARDING,APPLIED,GEN-F1120-001-R-NE,"1,761",REPO_MAINTENANCE,Pondok Indah,Nur Rokhim,B 4878 SVN,"82,698"
"Sep 23, 2025, 13:30",WO-144371097595304468,SPAREPART,d817abf8-0b63-4932-8312-589963fffb97,Front and rear linkage disc assembly H5,"100,000",0,1,0,0,1,0,NEW_ONBOARDING,APPLIED,H5A-F2380-001-F-NE,975,REPO_MAINTENANCE,Pondok Indah,Nur Rokhim,B 4878 SVN,"82,698"
"Sep 23, 2025, 13:30",WO-144371097595304468,SPAREPART,d311e1d0-8de3-4e25-b676-66e6dc916895,Cover Jok Motor H5,0,0,1,0,0,1,0,NEW_ONBOARDING,APPLIED,H5A-A0300-001-N-NE,"1,766",REPO_MAINTENANCE,Pondok Indah,Nur Rokhim,B 4878 SVN,"82,698"
"Sep 23, 2025, 13:28",WO-144456649787072080,SPAREPART,d09f6b27-05e3-429e-8d59-5978689af06f,USB charging port H3,"12,627",0,1,0,0,1,0,NEW_ONBOARDING,APPLIED,H3A-E40010-001-N-NE,871,REGULAR,Pondok Indah,Faiz Zaidan Alghifari Ramadhan,B 4457 SVT,"28,500"
"Sep 23, 2025, 13:28",WO-144456649787072080,SPAREPART,87eede8f-1064-4c4e-912d-9319aa96d5b0,Brake Pad H3 FR / RR H3,"26,000",0,1,0,0,1,0,NEW_ONBOARDING,APPLIED,GEN-F0130-001-N-NE,"1,075",REGULAR,Pondok Indah,Faiz Zaidan Alghifari Ramadhan,B 4457 SVT,"28,500"
"Sep 23, 2025, 13:26",WO-144456349743341136,SPAREPART,87eede8f-1064-4c4e-912d-9319aa96d5b0,Brake Pad H3 FR / RR H3,"26,000",0,2,0,0,2,0,NOT_COVERED,APPLIED,GEN-F0130-001-N-NE,"1,075",REGULAR,Bekasi,Service Advisor Bekasi,B 4203 SVT,"380,723"
"Sep 23, 2025, 13:24",WO-144455042714328656,SPAREPART,87eede8f-1064-4c4e-912d-9319aa96d5b0,Brake Pad H3 FR / RR H3,"26,000",0,2,0,0,2,0,NOT_COVERED,APPLIED,GEN-F0130-001-N-NE,"1,075",REGULAR,Kembangan,Irawan,B 4804 SVS,"52,073"
"Sep 23, 2025, 13:23",WO-144456012974283284,SPAREPART,ec86c430-e74c-451d-8d93-6d47384acc17,Tire 90/90-12 H3 (KENDA) H3,"100,000","100,000",1,0,0,1,"100,000",NOT_COVERED,APPLIED,GEN-F0500-001-N-MA,"1,741",REGULAR,Bekasi,Affani,B 4533 SVR,"2,756"
"Sep 23, 2025, 13:21",WO-144455967759687248,SPAREPART,5075f880-8de8-488e-9bca-4db3d05c3583,Brake pad Front H1 - Fr H1,"26,000",0,1,0,0,1,0,NOT_COVERED,APPLIED,GEN-F1280-001-N-NE,"1,789",REGULAR,Pondok Indah,Eka Pitaloka,B 4813 SWD,"1,200"
"Sep 23, 2025, 13:07",WO-144454403032637008,SPAREPART,87eede8f-1064-4c4e-912d-9319aa96d5b0,Brake Pad H3 FR / RR H3,"26,000",0,2,0,0,2,0,NEW_ONBOARDING,APPLIED,GEN-F0130-001-N-NE,"1,075",REGULAR,Pondok Indah,Eka Pitaloka,B 3679 PWE,"30,422"
"Sep 23, 2025, 13:07",WO-144454403032637008,SPAREPART,c52ca52a-85ef-43ad-8637-a9a65142da16,Rear disc brake disc H3,"26,519","80,000",1,0,0,1,"80,000",NOT_COVERED,APPLIED,GEN-F0190-001-R-NE,854,REGULAR,Pondok Indah,Eka Pitaloka,B 3679 PWE,"30,422"
"Sep 23, 2025, 13:07",WO-144454403032637008,SPAREPART,a8261683-77ce-4c3a-969e-8c7de608fd1b,Flasher H3,"7,912","13,000",1,0,0,1,"13,000",NOT_COVERED,APPLIED,H3A-E50010-001-N-NE,874,REGULAR,Pondok Indah,Eka Pitaloka,B 3679 PWE,"30,422"
"Sep 23, 2025, 13:04",WO-144453973066145360,SPAREPART,87eede8f-1064-4c4e-912d-9319aa96d5b0,Brake Pad H3 FR / RR H3,"26,000",0,1,0,0,1,0,NOT_COVERED,APPLIED,GEN-F0130-001-N-NE,"1,075",WALK_IN_MAINTENANCE,Depok,Aji Fadilah,B 4211 SVT,"45,589"
"Sep 23, 2025, 11:53",WO-144447066473519636,SPAREPART,ec86c430-e74c-451d-8d93-6d47384acc17,Tire 90/90-12 H3 (KENDA) H3,"100,000",0,1,0,0,1,0,NEW_ONBOARDING,APPLIED,GEN-F0500-001-N-MA,"1,741",REGULAR,Pondok Indah,Muhammad Riduwan,B 3723 WWB,"17,300"
"Sep 23, 2025, 11:49",WO-144446377601030676,SPAREPART,87eede8f-1064-4c4e-912d-9319aa96d5b0,Brake Pad H3 FR / RR H3,"26,000",0,2,0,0,2,0,NEW_ONBOARDING,APPLIED,GEN-F0130-001-N-NE,"1,075",REGULAR,Pondok Indah,Muhamad Chaerudin,B 4840 SVR,"52,706"
"Sep 23, 2025, 11:41",WO-144200550332791904,SPAREPART,87eede8f-1064-4c4e-912d-9319aa96d5b0,Brake Pad H3 FR / RR H3,"26,000",0,2,0,0,2,0,NOT_COVERED,APPLIED,GEN-F0130-001-N-NE,"1,075",REPO_MAINTENANCE,Pondok Indah,Eka Pitaloka,B 4152 SVT,"23,242"
"Sep 23, 2025, 11:39",WO-144445659452300880,SPAREPART,87eede8f-1064-4c4e-912d-9319aa96d5b0,Brake Pad H3 FR / RR H3,"26,000",0,2,0,0,2,0,NEW_ONBOARDING,APPLIED,GEN-F0130-001-N-NE,"1,075",REGULAR,Pondok Indah,Muhamad Chaerudin,B 3869 PWF,"30,131"
"Sep 23, 2025, 11:32",WO-144439078505437716,SPAREPART,1ac25aee-ff64-497d-a915-e4617a1892ae,Bearing Nachi 6201 H3,"13,967","27,000",1,0,0,1,"27,000",NOT_COVERED,APPLIED,GEN-F0060-001-F-NE,"1,735",STORING,Pondok Indah,Eka Pitaloka,B 4516 SWA,"13,459"
"Sep 23, 2025, 11:32",WO-144439078505437716,SPAREPART,87eede8f-1064-4c4e-912d-9319aa96d5b0,Brake Pad H3 FR / RR H3,"26,000",0,1,0,0,1,0,NEW_ONBOARDING,APPLIED,GEN-F0130-001-N-NE,"1,075",STORING,Pondok Indah,Eka Pitaloka,B 4516 SWA,"13,459"
"Sep 23, 2025, 11:30",WO-144444691692149268,SPAREPART,ec86c430-e74c-451d-8d93-6d47384acc17,Tire 90/90-12 H3 (KENDA) H3,"135,796",0,1,0,0,1,0,NEW_ONBOARDING,APPLIED,GEN-F0500-001-N-MA,"1,741",REGULAR,Pondok Indah,Muhamad Chaerudin,B 3805 PWG,"19,013"
"Sep 23, 2025, 11:28",WO-144443075157057104,SPAREPART,fa116921-3f09-44e1-b709-86b1780d9253,Brake Pad Kit H5 -1-01 (Canvas Rem) H5,"39,500",0,1,0,0,1,0,NOT_COVERED,APPLIED,GEN-F1130-001-F-NE,"1,758",REGULAR,Kembangan,Irawan,B 5274 SVL,"44,183"
"Sep 23, 2025, 11:28",WO-144443075157057104,SPAREPART,79e0bbc0-0b87-4142-8e3f-0b3ccdc86641,Brake Pad Kit H5 -2-01 (Canvas Rem) H5,"28,500",0,1,0,0,1,0,NOT_COVERED,APPLIED,GEN-F1140-001-R-NE,"1,759",REGULAR,Kembangan,Irawan,B 5274 SVL,"44,183"
"Sep 23, 2025, 11:26",WO-144444268788865556,SPAREPART,ec86c430-e74c-451d-8d93-6d47384acc17,Tire 90/90-12 H3 (KENDA) H3,"100,000","100,000",1,0,0,1,"100,000",NOT_COVERED,APPLIED,GEN-F0500-001-N-MA,"1,741",REGULAR,Bekasi,Affani,B 4062 SWB,"336,764"
"Sep 23, 2025, 11:12",WO-144442599774640660,SPAREPART,e52a6762-bb04-453f-90f6-dfeed6ec8877,Single stand power off switch H3,"20,838",0,1,0,0,1,0,NOT_COVERED,APPLIED,H3A-E70070-001-N-BL,873,REGULAR,Depok,Aji Fadilah,B 3468 PWG,"162,568"
"Sep 23, 2025, 11:12",WO-144442599774640660,SPAREPART,d09f6b27-05e3-429e-8d59-5978689af06f,USB charging port H3,"12,627",0,1,0,0,1,0,NOT_COVERED,APPLIED,H3A-E40010-001-N-NE,871,REGULAR,Depok,Aji Fadilah,B 3468 PWG,"162,568"
"Sep 23, 2025, 11:12",WO-144442599774640660,SPAREPART,87eede8f-1064-4c4e-912d-9319aa96d5b0,Brake Pad H3 FR / RR H3,"26,000",0,1,0,0,1,0,NOT_COVERED,APPLIED,GEN-F0130-001-N-NE,"1,075",REGULAR,Depok,Aji Fadilah,B 3468 PWG,"162,568"
"Sep 23, 2025, 11:08",WO-144064912027581536,SPAREPART,c52ca52a-85ef-43ad-8637-a9a65142da16,Rear disc brake disc H3,"26,519",0,1,0,0,1,0,NOT_COVERED,APPLIED,GEN-F0190-001-R-NE,854,REPO_MAINTENANCE,Pondok Indah,Eka Pitaloka,B 4374 SVT,"41,557"
"Sep 23, 2025, 11:08",WO-144064912027581536,SPAREPART,ec86c430-e74c-451d-8d93-6d47384acc17,Tire 90/90-12 H3 (KENDA) H3,"100,000",0,1,0,0,1,0,NOT_COVERED,APPLIED,GEN-F0500-001-N-MA,"1,741",REPO_MAINTENANCE,Pondok Indah,Eka Pitaloka,B 4374 SVT,"41,557"
"Sep 23, 2025, 11:08",WO-144064912027581536,SPAREPART,87eede8f-1064-4c4e-912d-9319aa96d5b0,Brake Pad H3 FR / RR H3,"26,000",0,2,0,0,2,0,NOT_COVERED,APPLIED,GEN-F0130-001-N-NE,"1,075",REPO_MAINTENANCE,Pondok Indah,Eka Pitaloka,B 4374 SVT,"41,557"
"Sep 23, 2025, 11:08",WO-144064912027581536,SPAREPART,5c1fd9ac-88d6-4eac-9e2d-0cc440871101,Hook H3,"9,568",0,1,0,0,1,0,NOT_COVERED,APPLIED,H3A-B0460-001-N-MA,795,REPO_MAINTENANCE,Pondok Indah,Eka Pitaloka,B 4374 SVT,"41,557"
"Sep 23, 2025, 11:01",WO-144329240572090900,SPAREPART,ec86c430-e74c-451d-8d93-6d47384acc17,Tire 90/90-12 H3 (KENDA) H3,"100,000",0,1,0,0,1,0,NOT_COVERED,APPLIED,GEN-F0500-001-N-MA,"1,741",REPO_MAINTENANCE,Pondok Indah,Eka Pitaloka,B 4394 SVT,"29,625"
"Sep 23, 2025, 11:01",WO-144329240572090900,SPAREPART,0e63dd11-3dfb-40f2-9820-7fc9cc0b12bc,Front fork bearings H3,"42,021",0,1,0,0,1,0,NOT_COVERED,APPLIED,GEN-F0100-001-F-NE,849,REPO_MAINTENANCE,Pondok Indah,Eka Pitaloka,B 4394 SVT,"29,625"
"Sep 23, 2025, 11:01",WO-144329240572090900,SPAREPART,87eede8f-1064-4c4e-912d-9319aa96d5b0,Brake Pad H3 FR / RR H3,"26,000",0,2,0,0,2,0,NOT_COVERED,APPLIED,GEN-F0130-001-N-NE,"1,075",REPO_MAINTENANCE,Pondok Indah,Eka Pitaloka,B 4394 SVT,"29,625"
"Sep 23, 2025, 11:01",WO-144438237883030036,SPAREPART,87eede8f-1064-4c4e-912d-9319aa96d5b0,Brake Pad H3 FR / RR H3,"26,000",0,2,0,0,2,0,NOT_COVERED,APPLIED,GEN-F0130-001-N-NE,"1,075",WALK_IN_MAINTENANCE,Kembangan,Irawan,B 4678 SVT,"413,059"
"Sep 23, 2025, 11:00",WO-144440246417775124,SPAREPART,87eede8f-1064-4c4e-912d-9319aa96d5b0,Brake Pad H3 FR / RR H3,"26,000",0,1,0,0,1,0,NOT_COVERED,APPLIED,GEN-F0130-001-N-NE,"1,075",WALK_IN_MAINTENANCE,Kembangan,Irawan,B 4818 SVP,"413,059"
"Sep 23, 2025, 10:56",WO-144435175286135316,SPAREPART,ec86c430-e74c-451d-8d93-6d47384acc17,Tire 90/90-12 H3 (KENDA) H3,"100,000","100,000",1,0,0,1,"100,000",NOT_COVERED,APPLIED,GEN-F0500-001-N-MA,"1,741",REGULAR,Kembangan,Irawan,B 4103 SVT,"44,952"
"Sep 23, 2025, 10:56",WO-144435175286135316,SPAREPART,0e63dd11-3dfb-40f2-9820-7fc9cc0b12bc,Front fork bearings H3,"42,021","100,000",1,0,0,1,"100,000",NOT_COVERED,APPLIED,GEN-F0100-001-F-NE,849,REGULAR,Kembangan,Irawan,B 4103 SVT,"44,952"
"Sep 23, 2025, 10:50",WO-144437991576721940,SPAREPART,87eede8f-1064-4c4e-912d-9319aa96d5b0,Brake Pad H3 FR / RR H3,"26,000",0,2,0,0,2,0,NOT_COVERED,APPLIED,GEN-F0130-001-N-NE,"1,075",REGULAR,Kembangan,Irawan,B 4385 SVR,"53,972"
"Sep 23, 2025, 10:40",WO-144439558400925264,SPAREPART,ec86c430-e74c-451d-8d93-6d47384acc17,Tire 90/90-12 H3 (KENDA) H3,"100,000","100,000",1,0,0,1,"100,000",NOT_COVERED,APPLIED,GEN-F0500-001-N-MA,"1,741",REGULAR,Pondok Indah,Muhammad Haikal Alfaidz,B 4434 SVR,"61,043"
"Sep 23, 2025, 10:40",WO-144439558400925264,SPAREPART,87eede8f-1064-4c4e-912d-9319aa96d5b0,Brake Pad H3 FR / RR H3,"26,000",0,2,0,0,2,0,NEW_ONBOARDING,APPLIED,GEN-F0130-001-N-NE,"1,075",REGULAR,Pondok Indah,Muhammad Haikal Alfaidz,B 4434 SVR,"61,043"
"Sep 23, 2025, 10:32",WO-144438644915068496,SPAREPART,ef497358-de41-434c-9d32-8aeb8e165def,Full set of steel bowls H5,"57,454",0,1,0,0,1,0,NEW_ONBOARDING,APPLIED,GEN-F0840-001-F-NE,981,REGULAR,Pondok Indah,Eka Pitaloka,B 4677 SVN,"21,344"
"Sep 23, 2025, 10:32",WO-144436140076719696,SPAREPART,87eede8f-1064-4c4e-912d-9319aa96d5b0,Brake Pad H3 FR / RR H3,"26,000",0,1,0,0,1,0,NOT_COVERED,APPLIED,GEN-F0130-001-N-NE,"1,075",REGULAR,Kembangan,Intan melina,B 4401 SWA,"20,793"
"Sep 23, 2025, 10:32",WO-144436140076719696,SPAREPART,7aa8d3dc-ff34-4db8-a769-0c1f747b124e,Air tape PVR 70 (10 mm) H5,"3,500","24,000",1,0,0,1,"24,000",NOT_COVERED,APPLIED,GEN-F0430-001-N-NE,"1,755",REGULAR,Kembangan,Intan melina,B 4401 SWA,"20,793"
"Sep 23, 2025, 10:30",WO-144431593736396368,SPAREPART,8ce4250a-b0be-4d3c-97ca-b3dda84a0b6d,Bearing Nachi 6004 H5,"17,980","27,000",1,0,0,1,"27,000",NOT_COVERED,APPLIED,GEN-F0580-001-R-NE,"1,760",REGULAR,Pondok Indah,Eka Pitaloka,B 4676 SVN,"65,292"
"Sep 23, 2025, 10:29",WO-144438376412502548,SPAREPART,6f887a0a-e2ae-4556-afe9-b554bb26559f,Headlight H3,"100,000",0,1,0,0,1,0,NOT_COVERED,APPLIED,H3A-E60030-001-N-NE,821,STORING,Pondok Indah,Eka Pitaloka,B 4812 SVS,"45,104"
"Sep 23, 2025, 10:27",WO-144435806495332884,SPAREPART,999f14b8-db39-41e5-a31a-b5e0b7e8d909,Tires (far star) H5,"100,000",0,1,0,0,1,0,NOT_COVERED,APPLIED,GEN-F1090-001-N-NE,982,STORING,Pondok Indah,Naufal Rabbani,B 4779 SVN,"24,242"
"Sep 23, 2025, 10:22",WO-144330596221476432,SPAREPART,87eede8f-1064-4c4e-912d-9319aa96d5b0,Brake Pad H3 FR / RR H3,"26,000",0,1,0,0,1,0,NOT_COVERED,APPLIED,GEN-F0130-001-N-NE,"1,075",REPO_MAINTENANCE,Pondok Indah,Eka Pitaloka,B 4575 SVR,"70,144"
"Sep 23, 2025, 10:22",WO-144330596221476432,SPAREPART,24f4995a-befd-4ad6-a490-c6318261742f,Cover Plat Nomer H3,"18,500",0,1,0,0,1,0,NOT_COVERED,APPLIED,GEN-A0140-001-N-MA,"1,738",REPO_MAINTENANCE,Pondok Indah,Eka Pitaloka,B 4575 SVR,"70,144"
"Sep 23, 2025, 10:22",WO-144330596221476432,SPAREPART,0cc0087d-f14d-4d60-8390-d8cf4acb7d7b,Seat cushion for Indonesia H3,"100,000",0,1,0,0,1,0,NOT_COVERED,APPLIED,H3A-F0480-001-N-MA,813,REPO_MAINTENANCE,Pondok Indah,Eka Pitaloka,B 4575 SVR,"70,144"
"Sep 23, 2025, 10:13",WO-144436423578114580,SPAREPART,87eede8f-1064-4c4e-912d-9319aa96d5b0,Brake Pad H3 FR / RR H3,"26,000",0,2,0,0,2,0,NEW_ONBOARDING,APPLIED,GEN-F0130-001-N-NE,"1,075",REGULAR,Pondok Indah,Faiz Zaidan Alghifari Ramadhan,B 4678 SVO,"45,427"
"Sep 23, 2025, 10:11",WO-144433642670677584,SPAREPART,87eede8f-1064-4c4e-912d-9319aa96d5b0,Brake Pad H3 FR / RR H3,"26,000",0,2,0,0,2,0,NOT_COVERED,APPLIED,GEN-F0130-001-N-NE,"1,075",WALK_IN_MAINTENANCE,Kembangan,Irawan,B 4752 SVO,"29,782"
"Sep 23, 2025, 10:11",WO-144433642670677584,SPAREPART,24f4995a-befd-4ad6-a490-c6318261742f,Cover Plat Nomer H3,"18,500",0,1,0,0,1,0,NOT_COVERED,APPLIED,GEN-A0140-001-N-MA,"1,738",WALK_IN_MAINTENANCE,Kembangan,Irawan,B 4752 SVO,"29,782"
"Sep 23, 2025, 09:54",WO-144434677690685972,SPAREPART,87eede8f-1064-4c4e-912d-9319aa96d5b0,Brake Pad H3 FR / RR H3,"26,000",0,2,0,0,2,0,NEW_ONBOARDING,APPLIED,GEN-F0130-001-N-NE,"1,075",REGULAR,Pondok Indah,Faiz Zaidan Alghifari Ramadhan,B 4263 SVT,"47,929"
"Sep 23, 2025, 09:53",WO-144205930735631456,SPAREPART,c52ca52a-85ef-43ad-8637-a9a65142da16,Rear disc brake disc H3,"26,519",0,1,0,0,1,0,NEW_ONBOARDING,APPLIED,GEN-F0190-001-R-NE,854,REPO_MAINTENANCE,Pondok Indah,Nur Rokhim,B 4175 SVT,"42,422"
"Sep 23, 2025, 09:53",WO-144205930735631456,SPAREPART,87eede8f-1064-4c4e-912d-9319aa96d5b0,Brake Pad H3 FR / RR H3,"26,000",0,2,0,0,2,0,NEW_ONBOARDING,APPLIED,GEN-F0130-001-N-NE,"1,075",REPO_MAINTENANCE,Pondok Indah,Nur Rokhim,B 4175 SVT,"42,422"
"Sep 23, 2025, 09:53",WO-144430760982501908,SPAREPART,fa116921-3f09-44e1-b709-86b1780d9253,Brake Pad Kit H5 -1-01 (Canvas Rem) H5,"39,500",0,1,0,0,1,0,NOT_COVERED,APPLIED,GEN-F1130-001-F-NE,"1,758",REGULAR,Pondok Indah,Eka Pitaloka,B 5237 SVL,"41,503"
"Sep 23, 2025, 09:51",WO-144423670176045588,SPAREPART,fa116921-3f09-44e1-b709-86b1780d9253,Brake Pad Kit H5 -1-01 (Canvas Rem) H5,"39,500",0,1,0,0,1,0,NOT_COVERED,APPLIED,GEN-F1130-001-F-NE,"1,758",STORING,Pondok Indah,Service Advisor PI,B 4877 SVN,"52,993"
"Sep 23, 2025, 09:51",WO-144423670176045588,SPAREPART,79e0bbc0-0b87-4142-8e3f-0b3ccdc86641,Brake Pad Kit H5 -2-01 (Canvas Rem) H5,"28,500",0,1,0,0,1,0,NOT_COVERED,APPLIED,GEN-F1140-001-R-NE,"1,759",STORING,Pondok Indah,Service Advisor PI,B 4877 SVN,"52,993"
"Sep 23, 2025, 09:51",WO-144423670176045588,SPAREPART,1ac25aee-ff64-497d-a915-e4617a1892ae,Bearing Nachi 6201 H3,"13,967","27,000",1,0,0,1,"27,000",NOT_COVERED,APPLIED,GEN-F0060-001-F-NE,"1,735",STORING,Pondok Indah,Service Advisor PI,B 4877 SVN,"52,993"
"Sep 23, 2025, 09:47",WO-144430850270845460,SPAREPART,87eede8f-1064-4c4e-912d-9319aa96d5b0,Brake Pad H3 FR / RR H3,"26,000",0,2,0,0,2,0,NOT_COVERED,APPLIED,GEN-F0130-001-N-NE,"1,075",REGULAR,Kembangan,Irawan,B 4661 SVT,"36,989"
"Sep 23, 2025, 09:41",WO-144433786552082000,SPAREPART,999f14b8-db39-41e5-a31a-b5e0b7e8d909,Tires (far star) H5,"100,000",0,1,0,0,1,0,NEW_ONBOARDING,APPLIED,GEN-F1090-001-N-NE,982,REGULAR,Pondok Indah,Service Advisor PI,B 5227 SVL,"63,232"
"Sep 23, 2025, 09:39",WO-144348016726269520,SPAREPART,ec86c430-e74c-451d-8d93-6d47384acc17,Tire 90/90-12 H3 (KENDA) H3,"100,000",0,1,0,0,1,0,NOT_COVERED,APPLIED,GEN-F0500-001-N-MA,"1,741",REPO_MAINTENANCE,Pondok Indah,Eka Pitaloka,B 4540 SVP,"20,985"
"Sep 23, 2025, 09:39",WO-144348016726269520,SPAREPART,87eede8f-1064-4c4e-912d-9319aa96d5b0,Brake Pad H3 FR / RR H3,"26,000",0,2,0,0,2,0,NOT_COVERED,APPLIED,GEN-F0130-001-N-NE,"1,075",REPO_MAINTENANCE,Pondok Indah,Eka Pitaloka,B 4540 SVP,"20,985"
"Sep 23, 2025, 09:36",WO-144433219683507792,SPAREPART,87eede8f-1064-4c4e-912d-9319aa96d5b0,Brake Pad H3 FR / RR H3,"26,000",0,2,0,0,2,0,NEW_ONBOARDING,APPLIED,GEN-F0130-001-N-NE,"1,075",REGULAR,Pondok Indah,Muhamad Chaerudin,B 3867 PWF,"45,398"
"Sep 23, 2025, 09:32",WO-144432869341682196,SPAREPART,87eede8f-1064-4c4e-912d-9319aa96d5b0,Brake Pad H3 FR / RR H3,"26,000",0,2,0,0,2,0,NOT_COVERED,APPLIED,GEN-F0130-001-N-NE,"1,075",REGULAR,Bekasi,Service Advisor Bekasi,B 4711 SVR,"356,058"
"Sep 23, 2025, 09:31",WO-144432611828193812,SPAREPART,87eede8f-1064-4c4e-912d-9319aa96d5b0,Brake Pad H3 FR / RR H3,"26,000",0,1,0,0,1,0,NEW_ONBOARDING,APPLIED,GEN-F0130-001-N-NE,"1,075",REGULAR,Pondok Indah,Eka Pitaloka,B 5209 BWJ,"35,244"
"Sep 23, 2025, 09:31",WO-144432611828193812,SPAREPART,e690e2c0-63af-4657-8428-91e226c44d8b,Horn H3,"11,983","36,000",1,0,0,1,"36,000",NOT_COVERED,APPLIED,H3A-E60040-001-N-NE,872,REGULAR,Pondok Indah,Eka Pitaloka,B 5209 BWJ,"35,244"
"Sep 23, 2025, 09:28",WO-144432475613978192,SPAREPART,87eede8f-1064-4c4e-912d-9319aa96d5b0,Brake Pad H3 FR / RR H3,"26,000",0,2,0,0,2,0,NOT_COVERED,APPLIED,GEN-F0130-001-N-NE,"1,075",REGULAR,Bekasi,Service Advisor Bekasi,B 3944 PWF,"396,519"
"Sep 23, 2025, 09:23",WO-144430211461570128,SPAREPART,fa116921-3f09-44e1-b709-86b1780d9253,Brake Pad Kit H5 -1-01 (Canvas Rem) H5,"39,500",0,1,0,0,1,0,NOT_COVERED,APPLIED,GEN-F1130-001-F-NE,"1,758",REGULAR,Kembangan,Irawan,B 4927 SVN,"37,014"
"Sep 23, 2025, 09:23",WO-144430211461570128,SPAREPART,79e0bbc0-0b87-4142-8e3f-0b3ccdc86641,Brake Pad Kit H5 -2-01 (Canvas Rem) H5,"28,500",0,1,0,0,1,0,NOT_COVERED,APPLIED,GEN-F1140-001-R-NE,"1,759",REGULAR,Kembangan,Irawan,B 4927 SVN,"37,014"
"Sep 23, 2025, 09:21",WO-144431593736396368,SPAREPART,79e0bbc0-0b87-4142-8e3f-0b3ccdc86641,Brake Pad Kit H5 -2-01 (Canvas Rem) H5,"28,500",0,1,0,0,1,0,NEW_ONBOARDING,APPLIED,GEN-F1140-001-R-NE,"1,759",REGULAR,Pondok Indah,Eka Pitaloka,B 4676 SVN,"65,292"
"Sep 23, 2025, 09:21",WO-144431593736396368,SPAREPART,fa116921-3f09-44e1-b709-86b1780d9253,Brake Pad Kit H5 -1-01 (Canvas Rem) H5,"39,500",0,1,0,0,1,0,NEW_ONBOARDING,APPLIED,GEN-F1130-001-F-NE,"1,758",REGULAR,Pondok Indah,Eka Pitaloka,B 4676 SVN,"65,292"
"Sep 23, 2025, 09:20",WO-144329934611963472,SPAREPART,999f14b8-db39-41e5-a31a-b5e0b7e8d909,Tires (far star) H5,"100,000",0,1,0,0,1,0,NOT_COVERED,APPLIED,GEN-F1090-001-N-NE,982,STORING,Pondok Indah,Eka Pitaloka,B 5227 SVL,"63,232"
"Sep 23, 2025, 09:06",WO-144430197855247952,SPAREPART,87eede8f-1064-4c4e-912d-9319aa96d5b0,Brake Pad H3 FR / RR H3,"26,000",0,2,0,0,2,0,NEW_ONBOARDING,APPLIED,GEN-F0130-001-N-NE,"1,075",REGULAR,Pondok Indah,Muhamad Chaerudin,B 3837 PWF,"38,273"
"Sep 23, 2025, 09:01",WO-144429697021794836,SPAREPART,fa116921-3f09-44e1-b709-86b1780d9253,Brake Pad Kit H5 -1-01 (Canvas Rem) H5,"39,500",0,1,0,0,1,0,NOT_COVERED,APPLIED,GEN-F1130-001-F-NE,"1,758",REGULAR,Bekasi,Service Advisor Bekasi,B 4050 SVO,"55,162"
"Sep 23, 2025, 09:01",WO-144429697021794836,SPAREPART,79e0bbc0-0b87-4142-8e3f-0b3ccdc86641,Brake Pad Kit H5 -2-01 (Canvas Rem) H5,"28,500",0,1,0,0,1,0,NOT_COVERED,APPLIED,GEN-F1140-001-R-NE,"1,759",REGULAR,Bekasi,Service Advisor Bekasi,B 4050 SVO,"55,162"
"Sep 23, 2025, 08:53",WO-144428937802439188,SPAREPART,87eede8f-1064-4c4e-912d-9319aa96d5b0,Brake Pad H3 FR / RR H3,"26,000",0,1,0,0,1,0,NOT_COVERED,APPLIED,GEN-F0130-001-N-NE,"1,075",REGULAR,Bekasi,Service Advisor Bekasi,B 4037 SWB,"286,831"
"Sep 22, 2025, 23:13",WO-144368295716346388,SPAREPART,ec86c430-e74c-451d-8d93-6d47384acc17,Tire 90/90-12 H3 (KENDA) H3,"100,000",0,1,0,0,1,0,NOT_COVERED,APPLIED,GEN-F0500-001-N-MA,"1,741",STORING,Pondok Indah,Naufal Rabbani,B 4361 SVR,"43,456"
"Sep 22, 2025, 23:13",WO-144368295716346388,SPAREPART,87eede8f-1064-4c4e-912d-9319aa96d5b0,Brake Pad H3 FR / RR H3,"26,000",0,2,0,0,2,0,NOT_COVERED,APPLIED,GEN-F0130-001-N-NE,"1,075",STORING,Pondok Indah,Naufal Rabbani,B 4361 SVR,"43,456"
"Sep 22, 2025, 22:22",WO-142877595296340701,SPAREPART,8ce4250a-b0be-4d3c-97ca-b3dda84a0b6d,Bearing Nachi 6004 H5,"17,980",0,1,0,0,1,0,NOT_COVERED,APPLIED,GEN-F0580-001-R-NE,"1,760",WALK_IN_MAINTENANCE,Pondok Indah,Service Advisor PI,B 4659 SVN,"51,545"
"Sep 22, 2025, 20:52",WO-144287999859907092,SPAREPART,87eede8f-1064-4c4e-912d-9319aa96d5b0,Brake Pad H3 FR / RR H3,"26,000",0,2,0,0,2,0,NOT_COVERED,APPLIED,GEN-F0130-001-N-NE,"1,075",STORING,Pondok Indah,Naufal Rabbani,B 4102 SVP,"23,323"
"Sep 22, 2025, 20:52",WO-144287999859907092,SPAREPART,ec86c430-e74c-451d-8d93-6d47384acc17,Tire 90/90-12 H3 (KENDA) H3,"100,000",0,2,0,0,2,0,NOT_COVERED,APPLIED,GEN-F0500-001-N-MA,"1,741",STORING,Pondok Indah,Naufal Rabbani,B 4102 SVP,"23,323"
"Sep 22, 2025, 20:41",WO-144311604664621588,SPAREPART,0e63dd11-3dfb-40f2-9820-7fc9cc0b12bc,Front fork bearings H3,"42,021",0,1,0,0,1,0,NOT_COVERED,APPLIED,GEN-F0100-001-F-NE,849,WALK_IN_MAINTENANCE,Pondok Indah,Eka Pitaloka,B 4301 SVP,"48,872"
"Sep 22, 2025, 20:41",WO-144311604664621588,SPAREPART,87eede8f-1064-4c4e-912d-9319aa96d5b0,Brake Pad H3 FR / RR H3,"26,000",0,2,0,0,2,0,NOT_COVERED,APPLIED,GEN-F0130-001-N-NE,"1,075",WALK_IN_MAINTENANCE,Pondok Indah,Eka Pitaloka,B 4301 SVP,"48,872"
"Sep 22, 2025, 20:41",WO-144311604664621588,SPAREPART,c52ca52a-85ef-43ad-8637-a9a65142da16,Rear disc brake disc H3,"26,519",0,1,0,0,1,0,NOT_COVERED,APPLIED,GEN-F0190-001-R-NE,854,WALK_IN_MAINTENANCE,Pondok Indah,Eka Pitaloka,B 4301 SVP,"48,872"
"Sep 22, 2025, 20:22",WO-144339814882236948,SPAREPART,87eede8f-1064-4c4e-912d-9319aa96d5b0,Brake Pad H3 FR / RR H3,"26,000","26,000",2,0,0,2,"52,000",NOT_COVERED,APPLIED,GEN-F0130-001-N-NE,"1,075",STORING,Pondok Indah,Faris Abdurrahan,B 4111 SVV,"37,707"
"Sep 22, 2025, 20:22",WO-144339814882236948,SPAREPART,ec86c430-e74c-451d-8d93-6d47384acc17,Tire 90/90-12 H3 (KENDA) H3,"135,796","135,796",1,0,0,1,"135,796",NOT_COVERED,APPLIED,GEN-F0500-001-N-MA,"1,741",STORING,Pondok Indah,Faris Abdurrahan,B 4111 SVV,"37,707"
"Sep 22, 2025, 20:18",WO-144351677263141396,SPAREPART,87eede8f-1064-4c4e-912d-9319aa96d5b0,Brake Pad H3 FR / RR H3,"26,000",0,1,0,0,1,0,NOT_COVERED,APPLIED,GEN-F0130-001-N-NE,"1,075",STORING,Pondok Indah,Eka Pitaloka,B 3557 PWE,"25,562"
"Sep 22, 2025, 20:03",WO-144331250365128272,SPAREPART,c52ca52a-85ef-43ad-8637-a9a65142da16,Rear disc brake disc H3,"26,519",0,1,0,0,1,0,NOT_COVERED,APPLIED,GEN-F0190-001-R-NE,854,WALK_IN_MAINTENANCE,Pondok Indah,Eka Pitaloka,B 3733 PWE,"26,293"
"Sep 22, 2025, 20:03",WO-144331250365128272,SPAREPART,87eede8f-1064-4c4e-912d-9319aa96d5b0,Brake Pad H3 FR / RR H3,"26,000",0,1,0,0,1,0,NOT_COVERED,APPLIED,GEN-F0130-001-N-NE,"1,075",WALK_IN_MAINTENANCE,Pondok Indah,Eka Pitaloka,B 3733 PWE,"26,293"
"Sep 22, 2025, 19:37",WO-144327709449804308,SPAREPART,ec86c430-e74c-451d-8d93-6d47384acc17,Tire 90/90-12 H3 (KENDA) H3,"100,000",0,1,0,0,1,0,NEW_ONBOARDING,APPLIED,GEN-F0500-001-N-MA,"1,741",WALK_IN_MAINTENANCE,Pondok Indah,Nur Rokhim,B 4684 SVP,"45,525"
"Sep 22, 2025, 19:37",WO-144327709449804308,SPAREPART,87eede8f-1064-4c4e-912d-9319aa96d5b0,Brake Pad H3 FR / RR H3,"26,000",0,1,0,0,1,0,NEW_ONBOARDING,APPLIED,GEN-F0130-001-N-NE,"1,075",WALK_IN_MAINTENANCE,Pondok Indah,Nur Rokhim,B 4684 SVP,"45,525"
"Sep 22, 2025, 19:37",WO-144327709449804308,SPAREPART,18749550-126c-431c-a00c-fdd1bafa5068,Right handle bar H3,"16,813",0,1,0,0,1,0,NEW_ONBOARDING,APPLIED,H3A-B0300-001-R-MA,869,WALK_IN_MAINTENANCE,Pondok Indah,Nur Rokhim,B 4684 SVP,"45,525"
"Sep 22, 2025, 19:34",WO-144071538876906592,SPAREPART,29ae4c69-46d5-4754-bf7e-f808ca55ebe7,Lock Set H3,"32,338","32,338",1,0,0,1,"32,338",NOT_COVERED,APPLIED,H3A-E70050-001-N-NE,865,STORING,Pondok Indah,Dani Setiawan,B 4734 SVP,0
"Sep 22, 2025, 19:09",WO-144206571977604192,SPAREPART,87eede8f-1064-4c4e-912d-9319aa96d5b0,Brake Pad H3 FR / RR H3,"26,000",0,1,0,0,1,0,NOT_COVERED,APPLIED,GEN-F0130-001-N-NE,"1,075",REPO_MAINTENANCE,Pondok Indah,Eka Pitaloka,B 3883 PWF,"2,324"
"Sep 22, 2025, 19:03",WO-144326082059852308,SPAREPART,fa116921-3f09-44e1-b709-86b1780d9253,Brake Pad Kit H5 -1-01 (Canvas Rem) H5,"39,500",0,1,0,0,1,0,NOT_COVERED,APPLIED,GEN-F1130-001-F-NE,"1,758",WALK_IN_MAINTENANCE,Pondok Indah,Eka Pitaloka,B 5358 SVL,"11,478"
"Sep 22, 2025, 19:03",WO-144326082059852308,SPAREPART,a1e28b04-f677-4714-8188-f032b8a4eb05,Bearing Nachi 6205 H5,"20,068",0,1,0,0,1,0,NOT_COVERED,APPLIED,GEN-F0250-002-N-NE,"1,756",WALK_IN_MAINTENANCE,Pondok Indah,Eka Pitaloka,B 5358 SVL,"11,478"
"Sep 22, 2025, 19:03",WO-144326082059852308,SPAREPART,79e0bbc0-0b87-4142-8e3f-0b3ccdc86641,Brake Pad Kit H5 -2-01 (Canvas Rem) H5,"28,500",0,1,0,0,1,0,NOT_COVERED,APPLIED,GEN-F1140-001-R-NE,"1,759",WALK_IN_MAINTENANCE,Pondok Indah,Eka Pitaloka,B 5358 SVL,"11,478"
"Sep 22, 2025, 19:01",WO-144207320795101639,SPAREPART,1ac25aee-ff64-497d-a915-e4617a1892ae,Bearing Nachi 6201 H3,"13,967",0,1,0,0,1,0,NOT_COVERED,APPLIED,GEN-F0060-001-F-NE,"1,735",REPO_MAINTENANCE,Pondok Indah,Eka Pitaloka,B 4448 SVT,"2,442"
"Sep 22, 2025, 19:01",WO-144207320795101639,SPAREPART,87eede8f-1064-4c4e-912d-9319aa96d5b0,Brake Pad H3 FR / RR H3,"26,000",0,1,0,0,1,0,NOT_COVERED,APPLIED,GEN-F0130-001-N-NE,"1,075",REPO_MAINTENANCE,Pondok Indah,Eka Pitaloka,B 4448 SVT,"2,442"
"Sep 22, 2025, 18:58",WO-144330770469641808,SPAREPART,87eede8f-1064-4c4e-912d-9319aa96d5b0,Brake Pad H3 FR / RR H3,"26,000",0,2,0,0,2,0,NOT_COVERED,APPLIED,GEN-F0130-001-N-NE,"1,075",WALK_IN_MAINTENANCE,Pondok Indah,Eka Pitaloka,B 4577 SWA,"3,796"
"Sep 22, 2025, 18:47",WO-144199881693641159,SPAREPART,1ac25aee-ff64-497d-a915-e4617a1892ae,Bearing Nachi 6201 H3,"13,967",0,2,0,0,2,0,NOT_COVERED,APPLIED,GEN-F0060-001-F-NE,"1,735",REPO_MAINTENANCE,Pondok Indah,Eka Pitaloka,B 4571 SVT,"43,432"
"Sep 22, 2025, 18:47",WO-144199881693641159,SPAREPART,d625acb9-40c7-43a1-9f20-99489c41ef5f,Front disc brake disc H3,"56,580",0,1,0,0,1,0,NOT_COVERED,APPLIED,GEN-F0140-001-F-NE,853,REPO_MAINTENANCE,Pondok Indah,Eka Pitaloka,B 4571 SVT,"43,432"
"Sep 22, 2025, 18:47",WO-144199881693641159,SPAREPART,a8ecb0d4-1cf0-465a-99cc-7f4d7ead94aa,Side stand H3,"9,706",0,1,0,0,1,0,NOT_COVERED,APPLIED,H3A-A0080-001-N-BL,831,REPO_MAINTENANCE,Pondok Indah,Eka Pitaloka,B 4571 SVT,"43,432"
"Sep 22, 2025, 18:47",WO-144199881693641159,SPAREPART,87eede8f-1064-4c4e-912d-9319aa96d5b0,Brake Pad H3 FR / RR H3,"26,000",0,2,0,0,2,0,NOT_COVERED,APPLIED,GEN-F0130-001-N-NE,"1,075",REPO_MAINTENANCE,Pondok Indah,Eka Pitaloka,B 4571 SVT,"43,432"
"Sep 22, 2025, 18:35",WO-144329826549915216,SPAREPART,0e63dd11-3dfb-40f2-9820-7fc9cc0b12bc,Front fork bearings H3,"42,021",0,1,0,0,1,0,NOT_COVERED,APPLIED,GEN-F0100-001-F-NE,849,REPO_MAINTENANCE,Pondok Indah,Eka Pitaloka,B 3970 PWF,"46,388"
"Sep 22, 2025, 18:35",WO-144329826549915216,SPAREPART,87eede8f-1064-4c4e-912d-9319aa96d5b0,Brake Pad H3 FR / RR H3,"26,000",0,2,0,0,2,0,NOT_COVERED,APPLIED,GEN-F0130-001-N-NE,"1,075",REPO_MAINTENANCE,Pondok Indah,Eka Pitaloka,B 3970 PWF,"46,388"
"Sep 22, 2025, 18:23",WO-144334859546943056,SPAREPART,5075f880-8de8-488e-9bca-4db3d05c3583,Brake pad Front H1 - Fr H1,"26,000",0,1,0,0,1,0,NOT_COVERED,APPLIED,GEN-F1280-001-N-NE,"1,789",STORING,Pondok Indah,Eka Pitaloka,B 4589 SWD,166
"Sep 22, 2025, 18:01",WO-144199348345944519,SPAREPART,d625acb9-40c7-43a1-9f20-99489c41ef5f,Front disc brake disc H3,"56,580",0,1,0,0,1,0,NOT_COVERED,APPLIED,GEN-F0140-001-F-NE,853,REPO_MAINTENANCE,Pondok Indah,Eka Pitaloka,B 3708 PWE,"37,444"
"Sep 22, 2025, 18:01",WO-144199348345944519,SPAREPART,87eede8f-1064-4c4e-912d-9319aa96d5b0,Brake Pad H3 FR / RR H3,"26,000",0,1,0,0,1,0,NOT_COVERED,APPLIED,GEN-F0130-001-N-NE,"1,075",REPO_MAINTENANCE,Pondok Indah,Eka Pitaloka,B 3708 PWE,"37,444"
"Sep 22, 2025, 18:01",WO-144199348345944519,SPAREPART,c52ca52a-85ef-43ad-8637-a9a65142da16,Rear disc brake disc H3,"26,519",0,1,0,0,1,0,NOT_COVERED,APPLIED,GEN-F0190-001-R-NE,854,REPO_MAINTENANCE,Pondok Indah,Eka Pitaloka,B 3708 PWE,"37,444"
"Sep 22, 2025, 17:50",WO-144337542676765204,SPAREPART,87eede8f-1064-4c4e-912d-9319aa96d5b0,Brake Pad H3 FR / RR H3,"26,000","26,000",1,0,0,1,"26,000",NOT_COVERED,APPLIED,GEN-F0130-001-N-NE,"1,075",STORING,Pondok Indah,Dani Setiawan,B 4601 SVV,"25,319"
"Sep 22, 2025, 17:26",WO-144328308916510288,SPAREPART,5075f880-8de8-488e-9bca-4db3d05c3583,Brake pad Front H1 - Fr H1,"26,000",0,1,0,0,1,0,NOT_COVERED,APPLIED,GEN-F1280-001-N-NE,"1,789",STORING,Pondok Indah,Service Advisor PI,B 4474 SWD,"2,323"
"Sep 22, 2025, 17:26",WO-144328308916510288,SPAREPART,35614d68-4fad-40b6-bd18-72b78e56029f,Aluminum wheel front H1,"100,000",0,1,0,0,1,0,NOT_COVERED,APPLIED,H1A-F1420-001-F-NE,"1,034",STORING,Pondok Indah,Service Advisor PI,B 4474 SWD,"2,323"
"Sep 22, 2025, 17:05",WO-144327226265984592,SPAREPART,87eede8f-1064-4c4e-912d-9319aa96d5b0,Brake Pad H3 FR / RR H3,"26,000",0,2,0,0,2,0,NOT_COVERED,APPLIED,GEN-F0130-001-N-NE,"1,075",WALK_IN_MAINTENANCE,Pondok Indah,Eka Pitaloka,B 4619 SVO,"32,302"
"Sep 22, 2025, 17:03",WO-144200780868532679,SPAREPART,fcf7a30b-2cc8-469a-95a2-d1be5deb8fd7,Front left turn signal light H3,"71,829",0,1,0,0,1,0,NOT_COVERED,APPLIED,H3A-E60010-001-L-NE,822,REPO_MAINTENANCE,Pondok Indah,Service Advisor PI,B 3801 PWF,"23,234"
"Sep 22, 2025, 17:03",WO-144200780868532679,SPAREPART,1ac25aee-ff64-497d-a915-e4617a1892ae,Bearing Nachi 6201 H3,"13,967",0,2,0,0,2,0,NOT_COVERED,APPLIED,GEN-F0060-001-F-NE,"1,735",REPO_MAINTENANCE,Pondok Indah,Service Advisor PI,B 3801 PWF,"23,234"
"Sep 22, 2025, 17:03",WO-144200780868532679,SPAREPART,c7216707-bb31-462a-913e-85977a8c34d3,Front right turn signal light H3,"71,829",0,1,0,0,1,0,NOT_COVERED,APPLIED,H3A-E60020-001-R-NE,823,REPO_MAINTENANCE,Pondok Indah,Service Advisor PI,B 3801 PWF,"23,234"
"Sep 22, 2025, 16:52",WO-144298753635933776,SPAREPART,5075f880-8de8-488e-9bca-4db3d05c3583,Brake pad Front H1 - Fr H1,"26,000",0,1,0,0,1,0,NOT_COVERED,APPLIED,GEN-F1280-001-N-NE,"1,789",WALK_IN_MAINTENANCE,Pondok Indah,Eka Pitaloka,B 4878 SWD,"9,999"
"Sep 22, 2025, 16:52",WO-144298753635933776,SPAREPART,463f8523-bc11-4cf5-a0ff-0bd495b97556,Front left guard board H1,"38,410",0,1,0,0,1,0,NOT_COVERED,APPLIED,H1A-B1060-001-L-MA,"1,080",WALK_IN_MAINTENANCE,Pondok Indah,Eka Pitaloka,B 4878 SWD,"9,999"
"Sep 22, 2025, 16:46",WO-144199293148888160,SPAREPART,87eede8f-1064-4c4e-912d-9319aa96d5b0,Brake Pad H3 FR / RR H3,"26,000",0,2,0,0,2,0,NEW_ONBOARDING,APPLIED,GEN-F0130-001-N-NE,"1,075",REPO_MAINTENANCE,Pondok Indah,Nur Rokhim,B 4378 SVR,"42,522"
"Sep 22, 2025, 16:46",WO-144199293148888160,SPAREPART,ec86c430-e74c-451d-8d93-6d47384acc17,Tire 90/90-12 H3 (KENDA) H3,"100,000",0,1,0,0,1,0,NEW_ONBOARDING,APPLIED,GEN-F0500-001-N-MA,"1,741",REPO_MAINTENANCE,Pondok Indah,Nur Rokhim,B 4378 SVR,"42,522"
"Sep 22, 2025, 16:46",WO-144199293148888160,SPAREPART,c52ca52a-85ef-43ad-8637-a9a65142da16,Rear disc brake disc H3,"26,519",0,1,0,0,1,0,NEW_ONBOARDING,APPLIED,GEN-F0190-001-R-NE,854,REPO_MAINTENANCE,Pondok Indah,Nur Rokhim,B 4378 SVR,"42,522"
"Sep 22, 2025, 16:44",WO-144331351296859728,SPAREPART,87eede8f-1064-4c4e-912d-9319aa96d5b0,Brake Pad H3 FR / RR H3,"26,000",0,1,0,0,1,0,NOT_COVERED,APPLIED,GEN-F0130-001-N-NE,"1,075",WALK_IN_MAINTENANCE,Bekasi,Service Advisor Bekasi,B 4367 SVR,"569,331"
"Sep 22, 2025, 16:34",WO-144330397193361940,SPAREPART,87eede8f-1064-4c4e-912d-9319aa96d5b0,Brake Pad H3 FR / RR H3,"26,000",0,2,0,0,2,0,NOT_COVERED,APPLIED,GEN-F0130-001-N-NE,"1,075",REGULAR,Bekasi,Service Advisor Bekasi,B 4620 SVP,"470,044"
"Sep 22, 2025, 16:34",WO-144313570870450708,SPAREPART,d09f6b27-05e3-429e-8d59-5978689af06f,USB charging port H3,"12,627",0,1,0,0,1,0,NOT_COVERED,APPLIED,H3A-E40010-001-N-NE,871,WALK_IN_MAINTENANCE,Pondok Indah,Eka Pitaloka,B 4454 SVT,"48,289"
"Sep 22, 2025, 16:34",WO-144313570870450708,SPAREPART,87eede8f-1064-4c4e-912d-9319aa96d5b0,Brake Pad H3 FR / RR H3,"26,000",0,2,0,0,2,0,NOT_COVERED,APPLIED,GEN-F0130-001-N-NE,"1,075",WALK_IN_MAINTENANCE,Pondok Indah,Eka Pitaloka,B 4454 SVT,"48,289"
"Sep 22, 2025, 16:16",WO-144328596477992528,SPAREPART,87eede8f-1064-4c4e-912d-9319aa96d5b0,Brake Pad H3 FR / RR H3,"26,000",0,1,0,0,1,0,NOT_COVERED,APPLIED,GEN-F0130-001-N-NE,"1,075",REGULAR,Bekasi,Service Advisor Bekasi,B 4302 SVT,"358,603"
"Sep 22, 2025, 16:03",WO-144327239603871312,SPAREPART,87eede8f-1064-4c4e-912d-9319aa96d5b0,Brake Pad H3 FR / RR H3,"26,000",0,1,0,0,1,0,NOT_COVERED,APPLIED,GEN-F0130-001-N-NE,"1,075",REGULAR,Bekasi,Service Advisor Bekasi,B 4276 SWA,"195,344"
"Sep 22, 2025, 16:01",WO-144277906653215840,SPAREPART,ec86c430-e74c-451d-8d93-6d47384acc17,Tire 90/90-12 H3 (KENDA) H3,"100,000",0,1,0,0,1,0,NOT_COVERED,APPLIED,GEN-F0500-001-N-MA,"1,741",STORING,Pondok Indah,Naufal Rabbani,B 4769 SVP,"33,641"
"Sep 22, 2025, 15:57",WO-143876300115809212,SPAREPART,87eede8f-1064-4c4e-912d-9319aa96d5b0,Brake Pad H3 FR / RR H3,"26,000",0,1,0,0,1,0,NOT_COVERED,APPLIED,GEN-F0130-001-N-NE,"1,075",STORING,Pondok Indah,Naufal Rabbani,B 3801 PWF,"43,701"
"Sep 22, 2025, 15:57",WO-143876300115809212,SPAREPART,ec86c430-e74c-451d-8d93-6d47384acc17,Tire 90/90-12 H3 (KENDA) H3,"100,000",0,1,0,0,1,0,NOT_COVERED,APPLIED,GEN-F0500-001-N-MA,"1,741",STORING,Pondok Indah,Naufal Rabbani,B 3801 PWF,"43,701"
"Sep 22, 2025, 15:57",WO-143876300115809212,SPAREPART,6f887a0a-e2ae-4556-afe9-b554bb26559f,Headlight H3,"100,000",0,1,0,0,1,0,NOT_COVERED,APPLIED,H3A-E60030-001-N-NE,821,STORING,Pondok Indah,Naufal Rabbani,B 3801 PWF,"43,701"
"Sep 22, 2025, 15:57",WO-143876300115809212,SPAREPART,24f4995a-befd-4ad6-a490-c6318261742f,Cover Plat Nomer H3,"18,500",0,1,0,0,1,0,NOT_COVERED,APPLIED,GEN-A0140-001-N-MA,"1,738",STORING,Pondok Indah,Naufal Rabbani,B 3801 PWF,"43,701"
"Sep 22, 2025, 15:57",WO-143876300115809212,SPAREPART,0e63dd11-3dfb-40f2-9820-7fc9cc0b12bc,Front fork bearings H3,"42,021",0,1,0,0,1,0,NOT_COVERED,APPLIED,GEN-F0100-001-F-NE,849,STORING,Pondok Indah,Naufal Rabbani,B 3801 PWF,"43,701"
"Sep 22, 2025, 15:56",WO-144319294702902864,SPAREPART,87eede8f-1064-4c4e-912d-9319aa96d5b0,Brake Pad H3 FR / RR H3,"26,000",0,2,0,0,2,0,NOT_COVERED,APPLIED,GEN-F0130-001-N-NE,"1,075",REGULAR,Kembangan,Irawan,B 5257 BWJ,"29,822"
"Sep 22, 2025, 15:55",WO-144322273648597524,SPAREPART,87eede8f-1064-4c4e-912d-9319aa96d5b0,Brake Pad H3 FR / RR H3,"26,000",0,2,0,0,2,0,NOT_COVERED,APPLIED,GEN-F0130-001-N-NE,"1,075",WALK_IN_MAINTENANCE,Kembangan,Irawan,B 4659 SVR,"34,178"
"Sep 22, 2025, 15:55",WO-144200780868532679,SPAREPART,6f887a0a-e2ae-4556-afe9-b554bb26559f,Headlight H3,"100,000",0,1,0,0,1,0,NOT_COVERED,APPLIED,H3A-E60030-001-N-NE,821,REPO_MAINTENANCE,Pondok Indah,Service Advisor PI,B 3801 PWF,"23,234"
"Sep 22, 2025, 15:55",WO-144200780868532679,SPAREPART,ec86c430-e74c-451d-8d93-6d47384acc17,Tire 90/90-12 H3 (KENDA) H3,"100,000",0,2,0,0,2,0,NOT_COVERED,APPLIED,GEN-F0500-001-N-MA,"1,741",REPO_MAINTENANCE,Pondok Indah,Service Advisor PI,B 3801 PWF,"23,234"
"Sep 22, 2025, 15:55",WO-144200780868532679,SPAREPART,87eede8f-1064-4c4e-912d-9319aa96d5b0,Brake Pad H3 FR / RR H3,"26,000",0,2,0,0,2,0,NOT_COVERED,APPLIED,GEN-F0130-001-N-NE,"1,075",REPO_MAINTENANCE,Pondok Indah,Service Advisor PI,B 3801 PWF,"23,234"
"Sep 22, 2025, 15:55",WO-144200780868532679,SPAREPART,24f4995a-befd-4ad6-a490-c6318261742f,Cover Plat Nomer H3,"18,500",0,1,0,0,1,0,NOT_COVERED,APPLIED,GEN-A0140-001-N-MA,"1,738",REPO_MAINTENANCE,Pondok Indah,Service Advisor PI,B 3801 PWF,"23,234"
"Sep 22, 2025, 15:55",WO-144200780868532679,SPAREPART,0e63dd11-3dfb-40f2-9820-7fc9cc0b12bc,Front fork bearings H3,"42,021",0,1,0,0,1,0,NOT_COVERED,APPLIED,GEN-F0100-001-F-NE,849,REPO_MAINTENANCE,Pondok Indah,Service Advisor PI,B 3801 PWF,"23,234"
"Sep 22, 2025, 15:54",WO-144322313024724560,SPAREPART,3cbfbb30-f437-464f-88ec-1d9cd684a6dd,Main battery clapboard H3,"59,869",0,1,0,0,1,0,NOT_COVERED,APPLIED,H3A-B0360-001-N-MA,804,REGULAR,Kembangan,Irawan,B 3948 PWF,"17,217"
"Sep 22, 2025, 15:54",WO-144323091839868496,SPAREPART,87eede8f-1064-4c4e-912d-9319aa96d5b0,Brake Pad H3 FR / RR H3,"26,000",0,1,0,0,1,0,NOT_COVERED,APPLIED,GEN-F0130-001-N-NE,"1,075",REGULAR,Bekasi,Service Advisor Bekasi,B 4381 SVR,"663,787"
"Sep 22, 2025, 15:54",WO-144326348532375120,SPAREPART,87eede8f-1064-4c4e-912d-9319aa96d5b0,Brake Pad H3 FR / RR H3,"26,000",0,1,0,0,1,0,NOT_COVERED,APPLIED,GEN-F0130-001-N-NE,"1,075",REGULAR,Depok,Aji Fadilah,B 4309 SVT,"45,510"
"Sep 22, 2025, 15:52",WO-144313235342909008,SPAREPART,00c93cf0-bacc-4e53-aab2-4aeeebf5bf3b,Air tape PVR 50 (5 mm) H3,"3,500","3,500",1,0,0,1,"3,500",NOT_COVERED,APPLIED,GEN-F0420-002-N-NE,"1,740",REGULAR,Pondok Indah,Faris Abdurrahan,B 3439 PWG,"24,186"
"Sep 22, 2025, 15:52",WO-144313235342909008,SPAREPART,87eede8f-1064-4c4e-912d-9319aa96d5b0,Brake Pad H3 FR / RR H3,"26,000","26,000",1,0,0,1,"26,000",NOT_COVERED,APPLIED,GEN-F0130-001-N-NE,"1,075",REGULAR,Pondok Indah,Faris Abdurrahan,B 3439 PWG,"24,186"
"Sep 22, 2025, 15:52",WO-144313235342909008,SPAREPART,ec86c430-e74c-451d-8d93-6d47384acc17,Tire 90/90-12 H3 (KENDA) H3,"135,796","135,796",1,0,0,1,"135,796",NOT_COVERED,APPLIED,GEN-F0500-001-N-MA,"1,741",REGULAR,Pondok Indah,Faris Abdurrahan,B 3439 PWG,"24,186"
"Sep 22, 2025, 15:51",WO-144326073067264532,SPAREPART,87eede8f-1064-4c4e-912d-9319aa96d5b0,Brake Pad H3 FR / RR H3,"26,000",0,1,0,0,1,0,NOT_COVERED,APPLIED,GEN-F0130-001-N-NE,"1,075",REGULAR,Depok,Aji Fadilah,B 3540 PWE,"589,499"
"Sep 22, 2025, 15:48",WO-144325759400435280,SPAREPART,87eede8f-1064-4c4e-912d-9319aa96d5b0,Brake Pad H3 FR / RR H3,"26,000",0,1,0,0,1,0,NOT_COVERED,APPLIED,GEN-F0130-001-N-NE,"1,075",REGULAR,Depok,Aji Fadilah,B 4758 SVO,"33,239"
"Sep 22, 2025, 15:48",WO-144211385042107488,SPAREPART,9ae448db-156e-4e8b-8980-6f520521c921,Speed control handle cable H3,"16,169","49,000",1,0,0,1,"49,000",NOT_COVERED,APPLIED,H3A-E70090-001-N-BL,857,STORING,Pondok Indah,Eka Pitaloka,B 4693 SVT,"38,003"
"Sep 22, 2025, 15:43",WO-144199841881291872,SPAREPART,87eede8f-1064-4c4e-912d-9319aa96d5b0,Brake Pad H3 FR / RR H3,"26,000",0,2,0,0,2,0,NOT_COVERED,APPLIED,GEN-F0130-001-N-NE,"1,075",REPO_MAINTENANCE,Pondok Indah,Eka Pitaloka,B 4627 SWA,"23,442"
"Sep 22, 2025, 15:43",WO-144199841881291872,SPAREPART,ec86c430-e74c-451d-8d93-6d47384acc17,Tire 90/90-12 H3 (KENDA) H3,"100,000",0,2,0,0,2,0,NOT_COVERED,APPLIED,GEN-F0500-001-N-MA,"1,741",REPO_MAINTENANCE,Pondok Indah,Eka Pitaloka,B 4627 SWA,"23,442"
"Sep 22, 2025, 15:43",WO-144199841881291872,SPAREPART,c52ca52a-85ef-43ad-8637-a9a65142da16,Rear disc brake disc H3,"26,519",0,1,0,0,1,0,NOT_COVERED,APPLIED,GEN-F0190-001-R-NE,854,REPO_MAINTENANCE,Pondok Indah,Eka Pitaloka,B 4627 SWA,"23,442"
"Sep 22, 2025, 15:40",WO-144324829791672852,SPAREPART,1ac25aee-ff64-497d-a915-e4617a1892ae,Bearing Nachi 6201 H3,"13,967","13,500",2,0,0,2,"27,000",NOT_COVERED,APPLIED,GEN-F0060-001-F-NE,"1,735",REGULAR,Pondok Indah,Eka Pitaloka,B 4822 SVP,"36,059"
"Sep 22, 2025, 15:40",WO-144324829791672852,SPAREPART,87eede8f-1064-4c4e-912d-9319aa96d5b0,Brake Pad H3 FR / RR H3,"26,000",0,2,0,0,2,0,NEW_ONBOARDING,APPLIED,GEN-F0130-001-N-NE,"1,075",REGULAR,Pondok Indah,Eka Pitaloka,B 4822 SVP,"36,059"
"Sep 22, 2025, 15:36",WO-144199392704887904,SPAREPART,1ac25aee-ff64-497d-a915-e4617a1892ae,Bearing Nachi 6201 H3,"13,967",0,1,0,0,1,0,NOT_COVERED,APPLIED,GEN-F0060-001-F-NE,"1,735",REPO_MAINTENANCE,Pondok Indah,Eka Pitaloka,B 4804 SVP,"34,224"
"Sep 22, 2025, 15:34",WO-144312135227301456,SPAREPART,79e0bbc0-0b87-4142-8e3f-0b3ccdc86641,Brake Pad Kit H5 -2-01 (Canvas Rem) H5,"28,500",0,1,0,0,1,0,NOT_COVERED,APPLIED,GEN-F1140-001-R-NE,"1,759",WALK_IN_MAINTENANCE,Pondok Indah,Eka Pitaloka,B 4037 SVO,"26,241"
"Sep 22, 2025, 15:34",WO-144312135227301456,SPAREPART,fa116921-3f09-44e1-b709-86b1780d9253,Brake Pad Kit H5 -1-01 (Canvas Rem) H5,"39,500",0,1,0,0,1,0,NOT_COVERED,APPLIED,GEN-F1130-001-F-NE,"1,758",WALK_IN_MAINTENANCE,Pondok Indah,Eka Pitaloka,B 4037 SVO,"26,241"
"Sep 22, 2025, 15:33",WO-144324270221187604,SPAREPART,87eede8f-1064-4c4e-912d-9319aa96d5b0,Brake Pad H3 FR / RR H3,"26,000",0,1,0,0,1,0,NOT_COVERED,APPLIED,GEN-F0130-001-N-NE,"1,075",REGULAR,Depok,Aji Fadilah,B 4825 SVR,"53,097"
"Sep 22, 2025, 15:32",WO-144058280044428384,SPAREPART,87eede8f-1064-4c4e-912d-9319aa96d5b0,Brake Pad H3 FR / RR H3,"26,000",0,2,0,0,2,0,NEW_ONBOARDING,APPLIED,GEN-F0130-001-N-NE,"1,075",REGULAR,Pondok Indah,Service Advisor PI,B 4460 SWD,"3,032"
"Sep 22, 2025, 15:29",WO-144323517192624660,SPAREPART,87eede8f-1064-4c4e-912d-9319aa96d5b0,Brake Pad H3 FR / RR H3,"26,000",0,2,0,0,2,0,NEW_ONBOARDING,APPLIED,GEN-F0130-001-N-NE,"1,075",REGULAR,Pondok Indah,Muhammad Riduwan,B 4096 SWB,"22,489"
"Sep 22, 2025, 15:29",WO-144323517192624660,SPAREPART,ec86c430-e74c-451d-8d93-6d47384acc17,Tire 90/90-12 H3 (KENDA) H3,"100,000","100,000",1,0,0,1,"100,000",NOT_COVERED,APPLIED,GEN-F0500-001-N-MA,"1,741",REGULAR,Pondok Indah,Muhammad Riduwan,B 4096 SWB,"22,489"
"Sep 22, 2025, 15:28",WO-144318999239350804,SPAREPART,d09f6b27-05e3-429e-8d59-5978689af06f,USB charging port H3,"12,627","12,627",1,0,0,1,"12,627",NOT_COVERED,APPLIED,H3A-E40010-001-N-NE,871,STORING,Pondok Indah,Dani Setiawan,B 4406 SVV,"4,406"
"Sep 22, 2025, 15:22",WO-144323117274127952,SPAREPART,87eede8f-1064-4c4e-912d-9319aa96d5b0,Brake Pad H3 FR / RR H3,"26,000",0,2,0,0,2,0,NEW_ONBOARDING,APPLIED,GEN-F0130-001-N-NE,"1,075",REGULAR,Pondok Indah,Himawan Reksayudha,B 4089 SVT,"12,746"
"Sep 22, 2025, 15:21",WO-144323091839868496,SPAREPART,ec86c430-e74c-451d-8d93-6d47384acc17,Tire 90/90-12 H3 (KENDA) H3,"100,000","100,000",1,0,0,1,"100,000",NOT_COVERED,APPLIED,GEN-F0500-001-N-MA,"1,741",REGULAR,Bekasi,Service Advisor Bekasi,B 4381 SVR,"663,787"
"Sep 22, 2025, 15:21",WO-144319102486338068,SPAREPART,87eede8f-1064-4c4e-912d-9319aa96d5b0,Brake Pad H3 FR / RR H3,"26,000",0,2,0,0,2,0,NOT_COVERED,APPLIED,GEN-F0130-001-N-NE,"1,075",REGULAR,Kembangan,Irawan,B 3625 PWE,"51,898"
"Sep 22, 2025, 15:16",WO-144322476921347664,SPAREPART,29ae4c69-46d5-4754-bf7e-f808ca55ebe7,Lock Set H3,"32,338","98,000",1,0,0,1,"98,000",NOT_COVERED,APPLIED,H3A-E70050-001-N-NE,865,REGULAR,Bekasi,Service Advisor Bekasi,B 4292 SVT,"468,363"
"Sep 22, 2025, 15:12",WO-144316421537552916,SPAREPART,fa116921-3f09-44e1-b709-86b1780d9253,Brake Pad Kit H5 -1-01 (Canvas Rem) H5,"39,500",0,1,0,0,1,0,NEW_ONBOARDING,APPLIED,GEN-F1130-001-F-NE,"1,758",REGULAR,Pondok Indah,Muhammad Riduwan,B 4819 SVN,"37,492"
"Sep 22, 2025, 15:12",WO-144316421537552916,SPAREPART,79e0bbc0-0b87-4142-8e3f-0b3ccdc86641,Brake Pad Kit H5 -2-01 (Canvas Rem) H5,"28,500",0,1,0,0,1,0,NEW_ONBOARDING,APPLIED,GEN-F1140-001-R-NE,"1,759",REGULAR,Pondok Indah,Muhammad Riduwan,B 4819 SVN,"37,492"
"Sep 22, 2025, 15:10",WO-144320209044396564,SPAREPART,87eede8f-1064-4c4e-912d-9319aa96d5b0,Brake Pad H3 FR / RR H3,"26,000",0,1,0,0,1,0,NOT_COVERED,APPLIED,GEN-F0130-001-N-NE,"1,075",REGULAR,Bekasi,Service Advisor Bekasi,B 4187 SWA,"117,595"
"Sep 22, 2025, 14:48",WO-144319691651833424,SPAREPART,87eede8f-1064-4c4e-912d-9319aa96d5b0,Brake Pad H3 FR / RR H3,"26,000",0,1,0,0,1,0,NOT_COVERED,APPLIED,GEN-F0130-001-N-NE,"1,075",REGULAR,Depok,Aji Fadilah,B 4537 SWA,"99,675"
"Sep 22, 2025, 14:39",WO-144197021530634695,SPAREPART,a1e28b04-f677-4714-8188-f032b8a4eb05,Bearing Nachi 6205 H5,"20,068",0,1,0,0,1,0,NOT_COVERED,APPLIED,GEN-F0250-002-N-NE,"1,756",REPO_MAINTENANCE,Pondok Indah,Eka Pitaloka,B 5202 SVL,"421,502"
"Sep 22, 2025, 14:39",WO-144197021530634695,SPAREPART,fa116921-3f09-44e1-b709-86b1780d9253,Brake Pad Kit H5 -1-01 (Canvas Rem) H5,"39,500",0,1,0,0,1,0,NOT_COVERED,APPLIED,GEN-F1130-001-F-NE,"1,758",REPO_MAINTENANCE,Pondok Indah,Eka Pitaloka,B 5202 SVL,"421,502"
"Sep 22, 2025, 14:39",WO-144197021530634695,SPAREPART,37dc324d-ba63-404f-b663-747c4a4566a1,disc Brake H5,"70,000",0,1,0,0,1,0,NOT_COVERED,APPLIED,GEN-F1120-001-R-NE,"1,761",REPO_MAINTENANCE,Pondok Indah,Eka Pitaloka,B 5202 SVL,"421,502"
"Sep 22, 2025, 14:39",WO-144197021530634695,SPAREPART,999f14b8-db39-41e5-a31a-b5e0b7e8d909,Tires (far star) H5,"100,000",0,1,0,0,1,0,NOT_COVERED,APPLIED,GEN-F1090-001-N-NE,982,REPO_MAINTENANCE,Pondok Indah,Eka Pitaloka,B 5202 SVL,"421,502"
"Sep 22, 2025, 14:39",WO-144197021530634695,SPAREPART,79e0bbc0-0b87-4142-8e3f-0b3ccdc86641,Brake Pad Kit H5 -2-01 (Canvas Rem) H5,"28,500",0,1,0,0,1,0,NOT_COVERED,APPLIED,GEN-F1140-001-R-NE,"1,759",REPO_MAINTENANCE,Pondok Indah,Eka Pitaloka,B 5202 SVL,"421,502"
"Sep 22, 2025, 14:38",WO-144318573987256852,SPAREPART,87eede8f-1064-4c4e-912d-9319aa96d5b0,Brake Pad H3 FR / RR H3,"26,000",0,1,0,0,1,0,NOT_COVERED,APPLIED,GEN-F0130-001-N-NE,"1,075",REGULAR,Depok,Aji Fadilah,B 3922 PWF,"39,239"
"Sep 22, 2025, 14:35",WO-144318338904907344,SPAREPART,ec86c430-e74c-451d-8d93-6d47384acc17,Tire 90/90-12 H3 (KENDA) H3,"100,000",0,1,0,0,1,0,NOT_COVERED,APPLIED,GEN-F0500-001-N-MA,"1,741",REGULAR,Pondok Indah,Service Advisor PI,B 4544 SVP,"58,672"
"Sep 22, 2025, 14:35",WO-144318338904907344,SPAREPART,87eede8f-1064-4c4e-912d-9319aa96d5b0,Brake Pad H3 FR / RR H3,"26,000",0,2,0,0,2,0,NEW_ONBOARDING,APPLIED,GEN-F0130-001-N-NE,"1,075",REGULAR,Pondok Indah,Service Advisor PI,B 4544 SVP,"58,672"
"Sep 22, 2025, 14:30",WO-144317384918851152,SPAREPART,3cb2a551-8898-476b-a8a5-0a016d76e96b,The rear disc brake assembly has no logo H3,"100,000","100,000",1,0,0,1,"100,000",NOT_COVERED,APPLIED,H3A-F0220-001-R-NE,851,REGULAR,Bekasi,Affani,B 4731 SVP,"657,181"
"Sep 22, 2025, 14:26",WO-144317537641847316,SPAREPART,9ae448db-156e-4e8b-8980-6f520521c921,Speed control handle cable H3,"16,169",0,1,0,0,1,0,NOT_COVERED,APPLIED,H3A-E70090-001-N-BL,857,REGULAR,Pondok Indah,Service Advisor PI,B 3699 PWE,"293,813"
"Sep 22, 2025, 14:26",WO-143160260599749341,SPAREPART,1ac25aee-ff64-497d-a915-e4617a1892ae,Bearing Nachi 6201 H3,"13,967",0,2,0,0,2,0,NOT_COVERED,APPLIED,GEN-F0060-001-F-NE,"1,735",STORING,Pondok Indah,Service Advisor PI,B 4904 SVT,"554,085"
"Sep 22, 2025, 14:26",WO-143160260599749341,SPAREPART,87eede8f-1064-4c4e-912d-9319aa96d5b0,Brake Pad H3 FR / RR H3,"26,000",0,2,0,0,2,0,NOT_COVERED,APPLIED,GEN-F0130-001-N-NE,"1,075",STORING,Pondok Indah,Service Advisor PI,B 4904 SVT,"554,085"
"Sep 22, 2025, 14:25",WO-144303912411749968,SPAREPART,87eede8f-1064-4c4e-912d-9319aa96d5b0,Brake Pad H3 FR / RR H3,"26,000",0,2,0,0,2,0,NOT_COVERED,APPLIED,GEN-F0130-001-N-NE,"1,075",STORING,Pondok Indah,Eka Pitaloka,B 4051 SVP,"34,927"
"Sep 22, 2025, 14:19",WO-144316789495455312,SPAREPART,87eede8f-1064-4c4e-912d-9319aa96d5b0,Brake Pad H3 FR / RR H3,"26,000",0,1,0,0,1,0,NOT_COVERED,APPLIED,GEN-F0130-001-N-NE,"1,075",REGULAR,Depok,Aji Fadilah,B 4603 SVR,"50,760"
"Sep 22, 2025, 14:16",WO-144316479821601300,SPAREPART,87eede8f-1064-4c4e-912d-9319aa96d5b0,Brake Pad H3 FR / RR H3,"26,000","26,000",2,0,0,2,"52,000",NOT_COVERED,APPLIED,GEN-F0130-001-N-NE,"1,075",REGULAR,Bekasi,Affani,B 4335 SWA,"163,218"
"Sep 22, 2025, 14:13",WO-144316129043569172,SPAREPART,1ac25aee-ff64-497d-a915-e4617a1892ae,Bearing Nachi 6201 H3,"13,967",0,1,0,0,1,0,PREVIOUS_SERVICE,APPLIED,GEN-F0060-001-F-NE,"1,735",REGULAR,Depok,Aji Fadilah,B 4294 SWA,"82,610"
"Sep 22, 2025, 14:13",WO-144316129043569172,SPAREPART,87eede8f-1064-4c4e-912d-9319aa96d5b0,Brake Pad H3 FR / RR H3,"26,000",0,1,0,0,1,0,NOT_COVERED,APPLIED,GEN-F0130-001-N-NE,"1,075",REGULAR,Depok,Aji Fadilah,B 4294 SWA,"82,610"
"Sep 22, 2025, 14:12",WO-144299286161545748,SPAREPART,d09f6b27-05e3-429e-8d59-5978689af06f,USB charging port H3,"12,627","12,627",1,0,0,1,"12,627",NOT_COVERED,APPLIED,H3A-E40010-001-N-NE,871,STORING,Pondok Indah,Adit Tia Saputra,B 3604 PWG,"20,759"
"Sep 22, 2025, 14:08",WO-144315589253421588,SPAREPART,fa116921-3f09-44e1-b709-86b1780d9253,Brake Pad Kit H5 -1-01 (Canvas Rem) H5,"39,500",0,1,0,0,1,0,NEW_ONBOARDING,APPLIED,GEN-F1130-001-F-NE,"1,758",REGULAR,Pondok Indah,Himawan Reksayudha,B 4118 SVO,"41,642"
"Sep 22, 2025, 14:08",WO-144315589253421588,SPAREPART,79e0bbc0-0b87-4142-8e3f-0b3ccdc86641,Brake Pad Kit H5 -2-01 (Canvas Rem) H5,"28,500",0,1,0,0,1,0,NEW_ONBOARDING,APPLIED,GEN-F1140-001-R-NE,"1,759",REGULAR,Pondok Indah,Himawan Reksayudha,B 4118 SVO,"41,642"
"Sep 22, 2025, 14:08",WO-144315318620151376,SPAREPART,c52ca52a-85ef-43ad-8637-a9a65142da16,Rear disc brake disc H3,"26,519","80,000",1,0,0,1,"80,000",NOT_COVERED,APPLIED,GEN-F0190-001-R-NE,854,WALK_IN_MAINTENANCE,Bekasi,Service Advisor Bekasi,B 4329 SVT,"510,651"
"Sep 22, 2025, 14:08",WO-144315318620151376,SPAREPART,87eede8f-1064-4c4e-912d-9319aa96d5b0,Brake Pad H3 FR / RR H3,"26,000",0,1,0,0,1,0,NOT_COVERED,APPLIED,GEN-F0130-001-N-NE,"1,075",WALK_IN_MAINTENANCE,Bekasi,Service Advisor Bekasi,B 4329 SVT,"510,651"
"Sep 22, 2025, 14:07",WO-144315502682987028,SPAREPART,87eede8f-1064-4c4e-912d-9319aa96d5b0,Brake Pad H3 FR / RR H3,"26,000",0,1,0,0,1,0,NOT_COVERED,APPLIED,GEN-F0130-001-N-NE,"1,075",REGULAR,Bekasi,Service Advisor Bekasi,B 4519 SVT,"422,250"
"Sep 22, 2025, 14:01",WO-144313516797483540,SPAREPART,87eede8f-1064-4c4e-912d-9319aa96d5b0,Brake Pad H3 FR / RR H3,"26,000",0,1,0,0,1,0,NOT_COVERED,APPLIED,GEN-F0130-001-N-NE,"1,075",REGULAR,Kembangan,Irawan,B 4387 SVP,"41,798"
"Sep 22, 2025, 13:58",WO-144314345289965136,SPAREPART,5c1fd9ac-88d6-4eac-9e2d-0cc440871101,Hook H3,"9,568","29,000",1,0,0,1,"29,000",NOT_COVERED,APPLIED,H3A-B0460-001-N-MA,795,WALK_IN_MAINTENANCE,Depok,Aji Fadilah,B 4704 SVP,"45,475"
"Sep 22, 2025, 13:58",WO-144314345289965136,SPAREPART,b9d1544b-4822-4e87-8c8a-ad3eccb9bf75,Rear mirror H3,"26,000","100,000",1,0,0,1,"100,000",NOT_COVERED,APPLIED,GEN-A0050-001-R-NE,859,WALK_IN_MAINTENANCE,Depok,Aji Fadilah,B 4704 SVP,"45,475"
"Sep 22, 2025, 13:55",WO-144314122891189840,SPAREPART,87eede8f-1064-4c4e-912d-9319aa96d5b0,Brake Pad H3 FR / RR H3,"26,000",0,2,0,0,2,0,NEW_ONBOARDING,APPLIED,GEN-F0130-001-N-NE,"1,075",REGULAR,Pondok Indah,Muhammad Riduwan,B 4693 SVP,"34,932"
"Sep 22, 2025, 13:53",WO-144206032070016096,SPAREPART,87eede8f-1064-4c4e-912d-9319aa96d5b0,Brake Pad H3 FR / RR H3,"26,000",0,2,0,0,2,0,NOT_COVERED,APPLIED,GEN-F0130-001-N-NE,"1,075",REPO_MAINTENANCE,Pondok Indah,Eka Pitaloka,B 4783 SVP,"23,242"
"Sep 22, 2025, 13:53",WO-144206032070016096,SPAREPART,1ac25aee-ff64-497d-a915-e4617a1892ae,Bearing Nachi 6201 H3,"13,967",0,2,0,0,2,0,NOT_COVERED,APPLIED,GEN-F0060-001-F-NE,"1,735",REPO_MAINTENANCE,Pondok Indah,Eka Pitaloka,B 4783 SVP,"23,242"
"Sep 22, 2025, 13:53",WO-144287103319047264,SPAREPART,87eede8f-1064-4c4e-912d-9319aa96d5b0,Brake Pad H3 FR / RR H3,"26,000",0,2,0,0,2,0,NOT_COVERED,APPLIED,GEN-F0130-001-N-NE,"1,075",STORING,Pondok Indah,Eka Pitaloka,B 4549 SVP,"56,566"
"Sep 22, 2025, 13:53",WO-144287103319047264,SPAREPART,d09f6b27-05e3-429e-8d59-5978689af06f,USB charging port H3,"12,627","38,000",1,0,0,1,"38,000",NOT_COVERED,APPLIED,H3A-E40010-001-N-NE,871,STORING,Pondok Indah,Eka Pitaloka,B 4549 SVP,"56,566"
"Sep 22, 2025, 13:52",WO-144207209193060807,SPAREPART,ec86c430-e74c-451d-8d93-6d47384acc17,Tire 90/90-12 H3 (KENDA) H3,"100,000",0,1,0,0,1,0,NEW_ONBOARDING,APPLIED,GEN-F0500-001-N-MA,"1,741",REPO_MAINTENANCE,Pondok Indah,Nur Rokhim,B 3903 PWF,50
"Sep 22, 2025, 13:52",WO-144207209193060807,SPAREPART,87eede8f-1064-4c4e-912d-9319aa96d5b0,Brake Pad H3 FR / RR H3,"26,000",0,2,0,0,2,0,NEW_ONBOARDING,APPLIED,GEN-F0130-001-N-NE,"1,075",REPO_MAINTENANCE,Pondok Indah,Nur Rokhim,B 3903 PWF,50
"Sep 22, 2025, 13:52",WO-144207209193060807,SPAREPART,c52ca52a-85ef-43ad-8637-a9a65142da16,Rear disc brake disc H3,"26,519",0,1,0,0,1,0,NEW_ONBOARDING,APPLIED,GEN-F0190-001-R-NE,854,REPO_MAINTENANCE,Pondok Indah,Nur Rokhim,B 3903 PWF,50
"Sep 22, 2025, 13:50",WO-144299413852937808,SPAREPART,ec86c430-e74c-451d-8d93-6d47384acc17,Tire 90/90-12 H3 (KENDA) H3,"100,000","100,000",1,0,0,1,"100,000",NOT_COVERED,APPLIED,GEN-F0500-001-N-MA,"1,741",STORING,Pondok Indah,Adit Tia Saputra,B 5256 BWJ,"18,148"
"Sep 22, 2025, 13:49",WO-144313712570818128,SPAREPART,5075f880-8de8-488e-9bca-4db3d05c3583,Brake pad Front H1 - Fr H1,"26,000",0,1,0,0,1,0,NEW_ONBOARDING,APPLIED,GEN-F1280-001-N-NE,"1,789",REGULAR,Pondok Indah,Muhamad Chaerudin,B 4670 SWB,"9,173"
"Sep 22, 2025, 13:47",WO-144199213289355719,SPAREPART,c52ca52a-85ef-43ad-8637-a9a65142da16,Rear disc brake disc H3,"26,519",0,1,0,0,1,0,NEW_ONBOARDING,APPLIED,GEN-F0190-001-R-NE,854,REPO_MAINTENANCE,Pondok Indah,Nur Rokhim,B 4271 SVP,"53,456"
"Sep 22, 2025, 13:47",WO-144199213289355719,SPAREPART,87eede8f-1064-4c4e-912d-9319aa96d5b0,Brake Pad H3 FR / RR H3,"26,000",0,2,0,0,2,0,NEW_ONBOARDING,APPLIED,GEN-F0130-001-N-NE,"1,075",REPO_MAINTENANCE,Pondok Indah,Nur Rokhim,B 4271 SVP,"53,456"
"Sep 22, 2025, 13:38",WO-144282982297926752,SPAREPART,9ae448db-156e-4e8b-8980-6f520521c921,Speed control handle cable H3,"16,169","49,000",1,0,0,1,"49,000",NOT_COVERED,APPLIED,H3A-E70090-001-N-BL,857,STORING,Pondok Indah,Eka Pitaloka,B 4538 SVP,"38,704"
"Sep 22, 2025, 13:38",WO-144207411761166791,SPAREPART,0e63dd11-3dfb-40f2-9820-7fc9cc0b12bc,Front fork bearings H3,"42,021",0,1,0,0,1,0,NOT_COVERED,APPLIED,GEN-F0100-001-F-NE,849,REPO_MAINTENANCE,Pondok Indah,Tommy Septian,B 4506 SVR,"34,242"
"Sep 22, 2025, 13:38",WO-144207411761166791,SPAREPART,87eede8f-1064-4c4e-912d-9319aa96d5b0,Brake Pad H3 FR / RR H3,"26,000",0,2,0,0,2,0,NOT_COVERED,APPLIED,GEN-F0130-001-N-NE,"1,075",REPO_MAINTENANCE,Pondok Indah,Tommy Septian,B 4506 SVR,"34,242"
"Sep 22, 2025, 13:38",WO-144207411761166791,SPAREPART,ec86c430-e74c-451d-8d93-6d47384acc17,Tire 90/90-12 H3 (KENDA) H3,"100,000",0,1,0,0,1,0,NOT_COVERED,APPLIED,GEN-F0500-001-N-MA,"1,741",REPO_MAINTENANCE,Pondok Indah,Tommy Septian,B 4506 SVR,"34,242"
"Sep 22, 2025, 13:37",WO-144312361635830292,SPAREPART,1ac25aee-ff64-497d-a915-e4617a1892ae,Bearing Nachi 6201 H3,"13,967","27,000",2,0,0,2,"54,000",NOT_COVERED,APPLIED,GEN-F0060-001-F-NE,"1,735",REGULAR,Bekasi,Service Advisor Bekasi,B 4292 SVT,"463,863"
"Sep 22, 2025, 13:37",WO-144312361635830292,SPAREPART,87eede8f-1064-4c4e-912d-9319aa96d5b0,Brake Pad H3 FR / RR H3,"26,000",0,2,0,0,2,0,NOT_COVERED,APPLIED,GEN-F0130-001-N-NE,"1,075",REGULAR,Bekasi,Service Advisor Bekasi,B 4292 SVT,"463,863"
"Sep 22, 2025, 13:35",WO-144311853940498000,SPAREPART,87eede8f-1064-4c4e-912d-9319aa96d5b0,Brake Pad H3 FR / RR H3,"26,000",0,1,0,0,1,0,NOT_COVERED,APPLIED,GEN-F0130-001-N-NE,"1,075",REGULAR,Kembangan,Irawan,B 4084 SWD,"96,784"
"Sep 22, 2025, 13:32",WO-144197163398757472,SPAREPART,ec86c430-e74c-451d-8d93-6d47384acc17,Tire 90/90-12 H3 (KENDA) H3,"100,000",0,2,0,0,2,0,NOT_COVERED,APPLIED,GEN-F0500-001-N-MA,"1,741",REPO_MAINTENANCE,Pondok Indah,Eka Pitaloka,B 3659 PWE,"12,487"
"Sep 22, 2025, 13:32",WO-144197163398757472,SPAREPART,87eede8f-1064-4c4e-912d-9319aa96d5b0,Brake Pad H3 FR / RR H3,"26,000",0,2,0,0,2,0,NOT_COVERED,APPLIED,GEN-F0130-001-N-NE,"1,075",REPO_MAINTENANCE,Pondok Indah,Eka Pitaloka,B 3659 PWE,"12,487"
"Sep 22, 2025, 13:32",WO-144199937192671687,SPAREPART,ec86c430-e74c-451d-8d93-6d47384acc17,Tire 90/90-12 H3 (KENDA) H3,"100,000",0,2,0,0,2,0,NOT_COVERED,APPLIED,GEN-F0500-001-N-MA,"1,741",REPO_MAINTENANCE,Pondok Indah,Eka Pitaloka,B 4862 SVO,"3,422"
"Sep 22, 2025, 13:32",WO-144199937192671687,SPAREPART,87eede8f-1064-4c4e-912d-9319aa96d5b0,Brake Pad H3 FR / RR H3,"26,000",0,2,0,0,2,0,NOT_COVERED,APPLIED,GEN-F0130-001-N-NE,"1,075",REPO_MAINTENANCE,Pondok Indah,Eka Pitaloka,B 4862 SVO,"3,422"
"Sep 22, 2025, 13:30",WO-144216110881864800,SPAREPART,0e0b97f2-dbdf-406c-9f9f-50593bec1724,Cable throttle holder H5,"5,129",0,1,0,0,1,0,NEW_ONBOARDING,APPLIED,H5A-E70160-001-N-NE,950,STORING,Pondok Indah,Muhammad Riduwan,B 4181 SVO,"59,098"
"Sep 22, 2025, 13:28",WO-144309525413911060,SPAREPART,64cde6f9-4cf9-4026-88c7-51d71c6d8351,Capricorn five switches (Headlight always on) H5,"24,173",0,1,0,0,1,0,NOT_COVERED,APPLIED,H5A-E60170-001-N-NE,951,REGULAR,Kembangan,Irawan,B 4573 SVL,"11,885"
"Sep 22, 2025, 13:28",WO-144309525413911060,SPAREPART,fa116921-3f09-44e1-b709-86b1780d9253,Brake Pad Kit H5 -1-01 (Canvas Rem) H5,"39,500",0,1,0,0,1,0,NOT_COVERED,APPLIED,GEN-F1130-001-F-NE,"1,758",REGULAR,Kembangan,Irawan,B 4573 SVL,"11,885"
"Sep 22, 2025, 13:28",WO-144309525413911060,SPAREPART,79e0bbc0-0b87-4142-8e3f-0b3ccdc86641,Brake Pad Kit H5 -2-01 (Canvas Rem) H5,"28,500",0,1,0,0,1,0,NOT_COVERED,APPLIED,GEN-F1140-001-R-NE,"1,759",REGULAR,Kembangan,Irawan,B 4573 SVL,"11,885"
"Sep 22, 2025, 13:28",WO-144309883037047316,SPAREPART,79e0bbc0-0b87-4142-8e3f-0b3ccdc86641,Brake Pad Kit H5 -2-01 (Canvas Rem) H5,"28,500",0,1,0,0,1,0,NOT_COVERED,APPLIED,GEN-F1140-001-R-NE,"1,759",REGULAR,Kembangan,Irawan,B 5237 SVL,"41,503"
"Sep 22, 2025, 13:24",WO-144311253903367760,SPAREPART,87eede8f-1064-4c4e-912d-9319aa96d5b0,Brake Pad H3 FR / RR H3,"26,000",0,2,0,0,2,0,NEW_ONBOARDING,APPLIED,GEN-F0130-001-N-NE,"1,075",REGULAR,Pondok Indah,Muhamad Chaerudin,B 4086 SWB,"22,334"
"Sep 22, 2025, 13:21",WO-144310929247459860,SPAREPART,87eede8f-1064-4c4e-912d-9319aa96d5b0,Brake Pad H3 FR / RR H3,"26,000",0,2,0,0,2,0,NEW_ONBOARDING,APPLIED,GEN-F0130-001-N-NE,"1,075",REGULAR,Pondok Indah,Muhammad Riduwan,B 4193 SVV,"28,152"
"Sep 22, 2025, 13:21",WO-144310929247459860,SPAREPART,1ac25aee-ff64-497d-a915-e4617a1892ae,Bearing Nachi 6201 H3,"13,967",0,2,0,0,2,0,NEW_ONBOARDING,APPLIED,GEN-F0060-001-F-NE,"1,735",REGULAR,Pondok Indah,Muhammad Riduwan,B 4193 SVV,"28,152"
"Sep 22, 2025, 13:15",WO-144310423565392404,SPAREPART,87eede8f-1064-4c4e-912d-9319aa96d5b0,Brake Pad H3 FR / RR H3,"26,000",0,2,0,0,2,0,NEW_ONBOARDING,APPLIED,GEN-F0130-001-N-NE,"1,075",REGULAR,Pondok Indah,Himawan Reksayudha,B 4447 SWE,"3,860"
"Sep 22, 2025, 13:12",WO-144296120787426896,SPAREPART,6f887a0a-e2ae-4556-afe9-b554bb26559f,Headlight H3,"100,000",0,1,0,0,1,0,NOT_COVERED,APPLIED,H3A-E60030-001-N-NE,821,WALK_IN_MAINTENANCE,Pondok Indah,Eka Pitaloka,B 4683 SVR,"50,816"
"Sep 22, 2025, 13:12",WO-144296120787426896,SPAREPART,87eede8f-1064-4c4e-912d-9319aa96d5b0,Brake Pad H3 FR / RR H3,"26,000",0,2,0,0,2,0,NOT_COVERED,APPLIED,GEN-F0130-001-N-NE,"1,075",WALK_IN_MAINTENANCE,Pondok Indah,Eka Pitaloka,B 4683 SVR,"50,816"
"Sep 22, 2025, 13:10",WO-144309916725697044,SPAREPART,87eede8f-1064-4c4e-912d-9319aa96d5b0,Brake Pad H3 FR / RR H3,"26,000",0,2,0,0,2,0,NEW_ONBOARDING,APPLIED,GEN-F0130-001-N-NE,"1,075",REGULAR,Pondok Indah,Muhammad Riduwan,B 3487 PWE,"40,823"
"Sep 22, 2025, 12:02",WO-144300900247165460,SPAREPART,1ac25aee-ff64-497d-a915-e4617a1892ae,Bearing Nachi 6201 H3,"13,967","13,967",2,0,0,2,"27,934",NOT_COVERED,APPLIED,GEN-F0060-001-F-NE,"1,735",REGULAR,Bekasi,Affani,B 4552 SWA,"195,327"
"Sep 22, 2025, 12:00",WO-144302686970338896,SPAREPART,87eede8f-1064-4c4e-912d-9319aa96d5b0,Brake Pad H3 FR / RR H3,"26,000",0,1,0,0,1,0,NOT_COVERED,APPLIED,GEN-F0130-001-N-NE,"1,075",WALK_IN_MAINTENANCE,Depok,Aji Fadilah,B 5224 SVL,"44,264"
"Sep 22, 2025, 11:49",WO-144298893658578512,SPAREPART,8ce4250a-b0be-4d3c-97ca-b3dda84a0b6d,Bearing Nachi 6004 H5,"17,980","24,000",1,0,0,1,"24,000",NOT_COVERED,APPLIED,GEN-F0580-001-R-NE,"1,760",REGULAR,Kembangan,Intan melina,B 5359 SVL,"67,660"
"Sep 22, 2025, 11:49",WO-144298893658578512,SPAREPART,fa116921-3f09-44e1-b709-86b1780d9253,Brake Pad Kit H5 -1-01 (Canvas Rem) H5,"39,500",0,1,0,0,1,0,NOT_COVERED,APPLIED,GEN-F1130-001-F-NE,"1,758",REGULAR,Kembangan,Intan melina,B 5359 SVL,"67,660"
"Sep 22, 2025, 11:45",WO-144301211699404368,SPAREPART,0e0b97f2-dbdf-406c-9f9f-50593bec1724,Cable throttle holder H5,"5,129",0,1,0,0,1,0,NOT_COVERED,APPLIED,H5A-E70160-001-N-NE,950,STORING,Pondok Indah,Naufal Rabbani,B 4932 SVN,"35,353"
"Sep 22, 2025, 11:41",WO-144300900247165460,SPAREPART,ec86c430-e74c-451d-8d93-6d47384acc17,Tire 90/90-12 H3 (KENDA) H3,"100,000","100,000",1,0,0,1,"100,000",NOT_COVERED,APPLIED,GEN-F0500-001-N-MA,"1,741",REGULAR,Bekasi,Affani,B 4552 SWA,"195,327"
"Sep 22, 2025, 11:39",WO-144294866371763792,SPAREPART,5075f880-8de8-488e-9bca-4db3d05c3583,Brake pad Front H1 - Fr H1,"26,000",0,1,0,0,1,0,NOT_COVERED,APPLIED,GEN-F1280-001-N-NE,"1,789",REGULAR,Pondok Indah,Eka Pitaloka,B 4680 SWB,"7,546"
"Sep 22, 2025, 11:39",WO-144294866371763792,SPAREPART,0713653b-21f9-4128-a2c1-646c80b9ad18,Front headlights H1,"100,000",0,1,0,0,1,0,NEW_ONBOARDING,APPLIED,H1A-E60120-001-F-NE,"1,092",REGULAR,Pondok Indah,Eka Pitaloka,B 4680 SWB,"7,546"
"Sep 22, 2025, 11:30",WO-144299696465141328,SPAREPART,ec86c430-e74c-451d-8d93-6d47384acc17,Tire 90/90-12 H3 (KENDA) H3,"100,000",0,1,0,0,1,0,NEW_ONBOARDING,APPLIED,GEN-F0500-001-N-MA,"1,741",REGULAR,Pondok Indah,Muhamad Chaerudin,B 4092 SVP,"35,272"
"Sep 22, 2025, 11:30",WO-144299696465141328,SPAREPART,1ac25aee-ff64-497d-a915-e4617a1892ae,Bearing Nachi 6201 H3,"13,967",0,2,0,0,2,0,NEW_ONBOARDING,APPLIED,GEN-F0060-001-F-NE,"1,735",REGULAR,Pondok Indah,Muhamad Chaerudin,B 4092 SVP,"35,272"
"Sep 22, 2025, 11:25",WO-144294615703378452,SPAREPART,87eede8f-1064-4c4e-912d-9319aa96d5b0,Brake Pad H3 FR / RR H3,"26,000",0,2,0,0,2,0,NEW_ONBOARDING,APPLIED,GEN-F0130-001-N-NE,"1,075",WALK_IN_MAINTENANCE,Pondok Indah,Nur Rokhim,B 4573 SVT,"42,436"
"Sep 22, 2025, 11:25",WO-144294615703378452,SPAREPART,1ac25aee-ff64-497d-a915-e4617a1892ae,Bearing Nachi 6201 H3,"13,967",0,1,0,0,1,0,NEW_ONBOARDING,APPLIED,GEN-F0060-001-F-NE,"1,735",WALK_IN_MAINTENANCE,Pondok Indah,Nur Rokhim,B 4573 SVT,"42,436"
"Sep 22, 2025, 11:22",WO-144293954127421008,SPAREPART,87eede8f-1064-4c4e-912d-9319aa96d5b0,Brake Pad H3 FR / RR H3,"26,000",0,1,0,0,1,0,NOT_COVERED,APPLIED,GEN-F0130-001-N-NE,"1,075",REGULAR,Bekasi,Service Advisor Bekasi,B 5215 BWJ,"315,455"
"Sep 22, 2025, 11:14",WO-144298184770870864,SPAREPART,87eede8f-1064-4c4e-912d-9319aa96d5b0,Brake Pad H3 FR / RR H3,"26,000",0,2,0,0,2,0,NOT_COVERED,APPLIED,GEN-F0130-001-N-NE,"1,075",REGULAR,Bekasi,Service Advisor Bekasi,B 3552 PWE,"456,304"
"Sep 22, 2025, 11:12",WO-144295785226328596,SPAREPART,29ae4c69-46d5-4754-bf7e-f808ca55ebe7,Lock Set H3,"32,338",0,1,0,0,1,0,NOT_COVERED,APPLIED,H3A-E70050-001-N-NE,865,REGULAR,Kembangan,Irawan,B 4433 SVR,"25,134"
"Sep 22, 2025, 11:12",WO-144297646926880336,SPAREPART,87eede8f-1064-4c4e-912d-9319aa96d5b0,Brake Pad H3 FR / RR H3,"26,000",0,1,0,0,1,0,NOT_COVERED,APPLIED,GEN-F0130-001-N-NE,"1,075",WALK_IN_MAINTENANCE,Kembangan,Irawan,B 4576 SVT,"2,084"
"Sep 22, 2025, 11:02",WO-144197267098729568,SPAREPART,87eede8f-1064-4c4e-912d-9319aa96d5b0,Brake Pad H3 FR / RR H3,"26,000",0,2,0,0,2,0,NOT_COVERED,APPLIED,GEN-F0130-001-N-NE,"1,075",REPO_MAINTENANCE,Pondok Indah,Eka Pitaloka,B 4359 SVR,"123,465"
"Sep 22, 2025, 10:57",WO-144218315424840135,SPAREPART,87eede8f-1064-4c4e-912d-9319aa96d5b0,Brake Pad H3 FR / RR H3,"26,000",0,2,0,0,2,0,NOT_COVERED,APPLIED,GEN-F0130-001-N-NE,"1,075",REPO_MAINTENANCE,Pondok Indah,Eka Pitaloka,B 4541 SVT,"34,354"
"Sep 22, 2025, 10:57",WO-144218315424840135,SPAREPART,ec86c430-e74c-451d-8d93-6d47384acc17,Tire 90/90-12 H3 (KENDA) H3,"100,000",0,1,0,0,1,0,NOT_COVERED,APPLIED,GEN-F0500-001-N-MA,"1,741",REPO_MAINTENANCE,Pondok Indah,Eka Pitaloka,B 4541 SVT,"34,354"
"Sep 22, 2025, 10:57",WO-144218315424840135,SPAREPART,6f887a0a-e2ae-4556-afe9-b554bb26559f,Headlight H3,"100,000",0,1,0,0,1,0,NOT_COVERED,APPLIED,H3A-E60030-001-N-NE,821,REPO_MAINTENANCE,Pondok Indah,Eka Pitaloka,B 4541 SVT,"34,354"
"Sep 22, 2025, 10:57",WO-144218315424840135,SPAREPART,d625acb9-40c7-43a1-9f20-99489c41ef5f,Front disc brake disc H3,"56,580",0,1,0,0,1,0,NOT_COVERED,APPLIED,GEN-F0140-001-F-NE,853,REPO_MAINTENANCE,Pondok Indah,Eka Pitaloka,B 4541 SVT,"34,354"
"Sep 22, 2025, 10:57",WO-144218315424840135,SPAREPART,0e63dd11-3dfb-40f2-9820-7fc9cc0b12bc,Front fork bearings H3,"42,021",0,1,0,0,1,0,NOT_COVERED,APPLIED,GEN-F0100-001-F-NE,849,REPO_MAINTENANCE,Pondok Indah,Eka Pitaloka,B 4541 SVT,"34,354"
"Sep 22, 2025, 10:57",WO-144218315424840135,SPAREPART,e690e2c0-63af-4657-8428-91e226c44d8b,Horn H3,"11,983",0,1,0,0,1,0,NOT_COVERED,APPLIED,H3A-E60040-001-N-NE,872,REPO_MAINTENANCE,Pondok Indah,Eka Pitaloka,B 4541 SVT,"34,354"
"Sep 22, 2025, 10:51",WO-144218755155671495,SPAREPART,9ae448db-156e-4e8b-8980-6f520521c921,Speed control handle cable H3,"16,169",0,1,0,0,1,0,NOT_COVERED,APPLIED,H3A-E70090-001-N-BL,857,REPO_MAINTENANCE,Pondok Indah,Eka Pitaloka,B 4455 SVR,"23,244"
"Sep 22, 2025, 10:51",WO-144218755155671495,SPAREPART,87eede8f-1064-4c4e-912d-9319aa96d5b0,Brake Pad H3 FR / RR H3,"26,000",0,2,0,0,2,0,NOT_COVERED,APPLIED,GEN-F0130-001-N-NE,"1,075",REPO_MAINTENANCE,Pondok Indah,Eka Pitaloka,B 4455 SVR,"23,244"
"Sep 22, 2025, 10:51",WO-144218755155671495,SPAREPART,ec86c430-e74c-451d-8d93-6d47384acc17,Tire 90/90-12 H3 (KENDA) H3,"100,000",0,2,0,0,2,0,NOT_COVERED,APPLIED,GEN-F0500-001-N-MA,"1,741",REPO_MAINTENANCE,Pondok Indah,Eka Pitaloka,B 4455 SVR,"23,244"
"Sep 22, 2025, 10:50",WO-144295807238035988,SPAREPART,87eede8f-1064-4c4e-912d-9319aa96d5b0,Brake Pad H3 FR / RR H3,"26,000",0,2,0,0,2,0,NEW_ONBOARDING,APPLIED,GEN-F0130-001-N-NE,"1,075",REGULAR,Pondok Indah,Muhamad Chaerudin,B 4704 SVR,"24,367"
"Sep 22, 2025, 10:49",WO-144295654380821012,SPAREPART,87eede8f-1064-4c4e-912d-9319aa96d5b0,Brake Pad H3 FR / RR H3,"26,000",0,1,0,0,1,0,NOT_COVERED,APPLIED,GEN-F0130-001-N-NE,"1,075",REGULAR,Depok,Aji Fadilah,B 4155 SWB,"204,613"
"Sep 22, 2025, 10:49",WO-144293779946364496,SPAREPART,87eede8f-1064-4c4e-912d-9319aa96d5b0,Brake Pad H3 FR / RR H3,"26,000",0,2,0,0,2,0,NOT_COVERED,APPLIED,GEN-F0130-001-N-NE,"1,075",REGULAR,Kembangan,Intan melina,B 4301 SVT,"48,460"
"Sep 22, 2025, 10:49",WO-144293779946364496,SPAREPART,c52ca52a-85ef-43ad-8637-a9a65142da16,Rear disc brake disc H3,"26,519","80,000",1,0,0,1,"80,000",NOT_COVERED,APPLIED,GEN-F0190-001-R-NE,854,REGULAR,Kembangan,Intan melina,B 4301 SVT,"48,460"
"Sep 22, 2025, 10:47",WO-144295432099486228,SPAREPART,79e0bbc0-0b87-4142-8e3f-0b3ccdc86641,Brake Pad Kit H5 -2-01 (Canvas Rem) H5,"28,500",0,1,0,0,1,0,NEW_ONBOARDING,APPLIED,GEN-F1140-001-R-NE,"1,759",REGULAR,Pondok Indah,Himawan Reksayudha,B 4028 SVO,"42,326"
"Sep 22, 2025, 10:47",WO-144295432099486228,SPAREPART,fa116921-3f09-44e1-b709-86b1780d9253,Brake Pad Kit H5 -1-01 (Canvas Rem) H5,"39,500",0,1,0,0,1,0,NEW_ONBOARDING,APPLIED,GEN-F1130-001-F-NE,"1,758",REGULAR,Pondok Indah,Himawan Reksayudha,B 4028 SVO,"42,326"
"Sep 22, 2025, 10:41",WO-144294761111509524,SPAREPART,87eede8f-1064-4c4e-912d-9319aa96d5b0,Brake Pad H3 FR / RR H3,"26,000",0,1,0,0,1,0,NOT_COVERED,APPLIED,GEN-F0130-001-N-NE,"1,075",REGULAR,Depok,Aji Fadilah,B 4823 SVS,"399,115"
"Sep 22, 2025, 10:37",WO-144290698609318420,SPAREPART,87eede8f-1064-4c4e-912d-9319aa96d5b0,Brake Pad H3 FR / RR H3,"26,000",0,2,0,0,2,0,NOT_COVERED,APPLIED,GEN-F0130-001-N-NE,"1,075",STORING,Pondok Indah,Eka Pitaloka,B 3923 PWF,"5,100"
"Sep 22, 2025, 10:33",WO-144294122067352084,SPAREPART,87eede8f-1064-4c4e-912d-9319aa96d5b0,Brake Pad H3 FR / RR H3,"26,000",0,2,0,0,2,0,NEW_ONBOARDING,APPLIED,GEN-F0130-001-N-NE,"1,075",REGULAR,Pondok Indah,Muhamad Chaerudin,B 4600 SVT,"37,291"
"Sep 22, 2025, 10:28",WO-144292348061309460,SPAREPART,87eede8f-1064-4c4e-912d-9319aa96d5b0,Brake Pad H3 FR / RR H3,"26,000",0,1,0,0,1,0,PREVIOUS_SERVICE,APPLIED,GEN-F0130-001-N-NE,"1,075",WALK_IN_MAINTENANCE,Depok,rizki nuriman,B 4388 SVT,"414,132"
"Sep 22, 2025, 10:26",WO-144293357747722772,SPAREPART,87eede8f-1064-4c4e-912d-9319aa96d5b0,Brake Pad H3 FR / RR H3,"26,000",0,2,0,0,2,0,NEW_ONBOARDING,APPLIED,GEN-F0130-001-N-NE,"1,075",REGULAR,Pondok Indah,Eka Pitaloka,B 4020 SVT,"45,782"
"Sep 22, 2025, 10:26",WO-144293357747722772,SPAREPART,1ac25aee-ff64-497d-a915-e4617a1892ae,Bearing Nachi 6201 H3,"13,967","13,500",2,0,0,2,"27,000",NOT_COVERED,APPLIED,GEN-F0060-001-F-NE,"1,735",REGULAR,Pondok Indah,Eka Pitaloka,B 4020 SVT,"45,782"
"Sep 22, 2025, 10:26",WO-144293357747722772,SPAREPART,ec86c430-e74c-451d-8d93-6d47384acc17,Tire 90/90-12 H3 (KENDA) H3,"100,000","100,000",1,0,0,1,"100,000",NOT_COVERED,APPLIED,GEN-F0500-001-N-MA,"1,741",REGULAR,Pondok Indah,Eka Pitaloka,B 4020 SVT,"45,782"
"Sep 22, 2025, 10:22",WO-144292917983338064,SPAREPART,87eede8f-1064-4c4e-912d-9319aa96d5b0,Brake Pad H3 FR / RR H3,"26,000","26,000",2,0,0,2,"52,000",NOT_COVERED,APPLIED,GEN-F0130-001-N-NE,"1,075",REGULAR,Bekasi,Service Advisor Bekasi,B 4768 SWC,"16,574"
"Sep 22, 2025, 10:22",WO-144292917983338064,SPAREPART,1ac25aee-ff64-497d-a915-e4617a1892ae,Bearing Nachi 6201 H3,"13,967",0,2,0,0,2,0,NOT_COVERED,APPLIED,GEN-F0060-001-F-NE,"1,735",REGULAR,Bekasi,Service Advisor Bekasi,B 4768 SWC,"16,574"
"Sep 22, 2025, 10:22",WO-144292870872914452,SPAREPART,c52ca52a-85ef-43ad-8637-a9a65142da16,Rear disc brake disc H3,"26,519",0,1,0,0,1,0,NEW_ONBOARDING,APPLIED,GEN-F0190-001-R-NE,854,REGULAR,Pondok Indah,Himawan Reksayudha,B 3833 PWG,"19,075"
"Sep 22, 2025, 10:22",WO-144292870872914452,SPAREPART,87eede8f-1064-4c4e-912d-9319aa96d5b0,Brake Pad H3 FR / RR H3,"26,000",0,2,0,0,2,0,NEW_ONBOARDING,APPLIED,GEN-F0130-001-N-NE,"1,075",REGULAR,Pondok Indah,Himawan Reksayudha,B 3833 PWG,"19,075"
"Sep 22, 2025, 10:20",WO-144291633083473488,SPAREPART,87eede8f-1064-4c4e-912d-9319aa96d5b0,Brake Pad H3 FR / RR H3,"26,000",0,2,0,0,2,0,NOT_COVERED,APPLIED,GEN-F0130-001-N-NE,"1,075",REGULAR,Kembangan,Irawan,B 3420 PWG,"24,280"
"Sep 22, 2025, 10:19",WO-144290853748234772,SPAREPART,87eede8f-1064-4c4e-912d-9319aa96d5b0,Brake Pad H3 FR / RR H3,"26,000",0,1,0,0,1,0,NOT_COVERED,APPLIED,GEN-F0130-001-N-NE,"1,075",REGULAR,Kembangan,Irawan,B 4331 SVV,"29,006"
"Sep 22, 2025, 10:18",WO-144292585509247508,SPAREPART,0e63dd11-3dfb-40f2-9820-7fc9cc0b12bc,Front fork bearings H3,"42,021",0,1,0,0,1,0,NEW_ONBOARDING,APPLIED,GEN-F0100-001-F-NE,849,REGULAR,Pondok Indah,Muhammad Riduwan,B 4883 SVS,"35,358"
"Sep 22, 2025, 10:17",WO-144219195591145927,SPAREPART,87eede8f-1064-4c4e-912d-9319aa96d5b0,Brake Pad H3 FR / RR H3,"26,000",0,2,0,0,2,0,NOT_COVERED,APPLIED,GEN-F0130-001-N-NE,"1,075",REPO_MAINTENANCE,Pondok Indah,Eka Pitaloka,B 4854 SVR,"45,464"
"Sep 22, 2025, 10:17",WO-144219195591145927,SPAREPART,c52ca52a-85ef-43ad-8637-a9a65142da16,Rear disc brake disc H3,"26,519",0,1,0,0,1,0,NOT_COVERED,APPLIED,GEN-F0190-001-R-NE,854,REPO_MAINTENANCE,Pondok Indah,Eka Pitaloka,B 4854 SVR,"45,464"
"Sep 22, 2025, 10:17",WO-144219195591145927,SPAREPART,29ae4c69-46d5-4754-bf7e-f808ca55ebe7,Lock Set H3,"32,338",0,1,0,0,1,0,NOT_COVERED,APPLIED,H3A-E70050-001-N-NE,865,REPO_MAINTENANCE,Pondok Indah,Eka Pitaloka,B 4854 SVR,"45,464"
"Sep 22, 2025, 10:16",WO-144291017661636176,SPAREPART,5075f880-8de8-488e-9bca-4db3d05c3583,Brake pad Front H1 - Fr H1,"26,000",0,1,0,0,1,0,NOT_COVERED,APPLIED,GEN-F1280-001-N-NE,"1,789",REGULAR,Kembangan,Irawan,B 4442 SWD,"4,649"
"Sep 22, 2025, 10:16",WO-144292338397633044,SPAREPART,87eede8f-1064-4c4e-912d-9319aa96d5b0,Brake Pad H3 FR / RR H3,"26,000",0,2,0,0,2,0,NEW_ONBOARDING,APPLIED,GEN-F0130-001-N-NE,"1,075",REGULAR,Pondok Indah,Muhamad Chaerudin,B 4322 SVT,"53,425"
"Sep 22, 2025, 10:11",WO-144291790051106384,SPAREPART,79e0bbc0-0b87-4142-8e3f-0b3ccdc86641,Brake Pad Kit H5 -2-01 (Canvas Rem) H5,"28,500",0,1,0,0,1,0,NEW_ONBOARDING,APPLIED,GEN-F1140-001-R-NE,"1,759",WALK_IN_MAINTENANCE,Pondok Indah,Jenal,B 5310 SVL,"58,920"
"Sep 22, 2025, 10:11",WO-144291790051106384,SPAREPART,fa116921-3f09-44e1-b709-86b1780d9253,Brake Pad Kit H5 -1-01 (Canvas Rem) H5,"39,500",0,1,0,0,1,0,NEW_ONBOARDING,APPLIED,GEN-F1130-001-F-NE,"1,758",WALK_IN_MAINTENANCE,Pondok Indah,Jenal,B 5310 SVL,"58,920"
"Sep 22, 2025, 10:11",WO-144291481685876304,SPAREPART,87eede8f-1064-4c4e-912d-9319aa96d5b0,Brake Pad H3 FR / RR H3,"26,000",0,1,0,0,1,0,NOT_COVERED,APPLIED,GEN-F0130-001-N-NE,"1,075",WALK_IN_MAINTENANCE,Bekasi,Service Advisor Bekasi,B 5205 BWJ,"266,795"
"Sep 22, 2025, 10:11",WO-144291481685876304,SPAREPART,b9d1544b-4822-4e87-8c8a-ad3eccb9bf75,Rear mirror H3,"26,000","100,000",2,0,0,2,"200,000",NOT_COVERED,APPLIED,GEN-A0050-001-R-NE,859,WALK_IN_MAINTENANCE,Bekasi,Service Advisor Bekasi,B 5205 BWJ,"266,795"
"Sep 22, 2025, 10:04",WO-144288632344173076,SPAREPART,87eede8f-1064-4c4e-912d-9319aa96d5b0,Brake Pad H3 FR / RR H3,"26,000",0,2,0,0,2,0,NOT_COVERED,APPLIED,GEN-F0130-001-N-NE,"1,075",REGULAR,Kembangan,Irawan,B 4662 SVT,"51,136"
"Sep 22, 2025, 10:00",WO-144166940284320864,SPAREPART,5075f880-8de8-488e-9bca-4db3d05c3583,Brake pad Front H1 - Fr H1,"26,000",0,1,0,0,1,0,NOT_COVERED,APPLIED,GEN-F1280-001-N-NE,"1,789",STORING,Pondok Indah,Eka Pitaloka,B 4916 SWD,785
"Sep 22, 2025, 09:58",WO-144287079411514464,SPAREPART,87eede8f-1064-4c4e-912d-9319aa96d5b0,Brake Pad H3 FR / RR H3,"26,000",0,1,0,0,1,0,NOT_COVERED,APPLIED,GEN-F0130-001-N-NE,"1,075",REGULAR,Kembangan,Irawan,B 4197 SWA,"14,056"
"Sep 22, 2025, 09:56",WO-144032513528986720,SPAREPART,1ac25aee-ff64-497d-a915-e4617a1892ae,Bearing Nachi 6201 H3,"13,967","27,000",2,0,0,2,"54,000",NOT_COVERED,APPLIED,GEN-F0060-001-F-NE,"1,735",REPO_MAINTENANCE,Bekasi,Service Advisor Bekasi,B 4055 SVP,"345,744"
"Sep 22, 2025, 09:55",WO-144290165311954512,SPAREPART,c52ca52a-85ef-43ad-8637-a9a65142da16,Rear disc brake disc H3,"26,519","26,519",1,0,0,1,"26,519",NOT_COVERED,APPLIED,GEN-F0190-001-R-NE,854,REGULAR,Bekasi,Affani,B 4273 SVV,"192,563"
"Sep 22, 2025, 09:55",WO-144290165311954512,SPAREPART,87eede8f-1064-4c4e-912d-9319aa96d5b0,Brake Pad H3 FR / RR H3,"26,000","26,000",1,0,0,1,"26,000",NOT_COVERED,APPLIED,GEN-F0130-001-N-NE,"1,075",REGULAR,Bekasi,Affani,B 4273 SVV,"192,563"
"Sep 22, 2025, 09:55",WO-144286612400929888,SPAREPART,87eede8f-1064-4c4e-912d-9319aa96d5b0,Brake Pad H3 FR / RR H3,"26,000",0,1,0,0,1,0,NOT_COVERED,APPLIED,GEN-F0130-001-N-NE,"1,075",REGULAR,Kembangan,Irawan,B 5238 BWJ,"41,068"
"Sep 22, 2025, 09:55",WO-144290204201540116,SPAREPART,87eede8f-1064-4c4e-912d-9319aa96d5b0,Brake Pad H3 FR / RR H3,"26,000",0,2,0,0,2,0,NEW_ONBOARDING,APPLIED,GEN-F0130-001-N-NE,"1,075",REGULAR,Pondok Indah,Muhammad Riduwan,B 4837 SWC,"6,470"
"Sep 22, 2025, 09:53",WO-144272987120515527,SPAREPART,f38a64d3-423a-4cf9-998a-e7c6d0273cde,Alarm apparatus H3,"116,380","116,380",1,0,0,1,"116,380",NOT_COVERED,APPLIED,H3A-E60060-001-N-NE,863,STORING,Pondok Indah,Ahmad Agus Sudiro Parhusnan Marzuki,B 4437 SWE,"23,342"
"Sep 22, 2025, 09:51",WO-144289810490612244,SPAREPART,87eede8f-1064-4c4e-912d-9319aa96d5b0,Brake Pad H3 FR / RR H3,"26,000",0,2,0,0,2,0,NEW_ONBOARDING,APPLIED,GEN-F0130-001-N-NE,"1,075",REGULAR,Pondok Indah,Himawan Reksayudha,B 3551 PWE,"33,647"
"Sep 22, 2025, 09:50",WO-144209751142611399,SPAREPART,a9442c3f-e76f-43c3-a77d-5d3b82215487,rear license plate H5,"16,882",0,1,0,0,1,0,NEW_ONBOARDING,APPLIED,H5A-F0850-001-N-NE,990,REPO_MAINTENANCE,Pondok Indah,Nur Rokhim,B 5158 SVL,"53,535"
"Sep 22, 2025, 09:50",WO-144209751142611399,SPAREPART,37dc324d-ba63-404f-b663-747c4a4566a1,disc Brake H5,"70,000",0,1,0,0,1,0,NEW_ONBOARDING,APPLIED,GEN-F1120-001-R-NE,"1,761",REPO_MAINTENANCE,Pondok Indah,Nur Rokhim,B 5158 SVL,"53,535"
"Sep 22, 2025, 09:50",WO-144209751142611399,SPAREPART,a1e28b04-f677-4714-8188-f032b8a4eb05,Bearing Nachi 6205 H5,"20,068",0,1,0,0,1,0,NEW_ONBOARDING,APPLIED,GEN-F0250-002-N-NE,"1,756",REPO_MAINTENANCE,Pondok Indah,Nur Rokhim,B 5158 SVL,"53,535"
"Sep 22, 2025, 09:46",WO-144286185605347783,SPAREPART,87eede8f-1064-4c4e-912d-9319aa96d5b0,Brake Pad H3 FR / RR H3,"26,000",0,2,0,0,2,0,NOT_COVERED,APPLIED,GEN-F0130-001-N-NE,"1,075",REGULAR,Kembangan,Irawan,B 4579 SVT,"52,347"
"Sep 22, 2025, 09:45",WO-144286364450470343,SPAREPART,87eede8f-1064-4c4e-912d-9319aa96d5b0,Brake Pad H3 FR / RR H3,"26,000",0,1,0,0,1,0,NOT_COVERED,APPLIED,GEN-F0130-001-N-NE,"1,075",REGULAR,Kembangan,Irawan,B 4823 SVR,"41,235"
"Sep 22, 2025, 09:38",WO-144285992835120224,SPAREPART,87eede8f-1064-4c4e-912d-9319aa96d5b0,Brake Pad H3 FR / RR H3,"26,000",0,2,0,0,2,0,NOT_COVERED,APPLIED,GEN-F0130-001-N-NE,"1,075",REGULAR,Kembangan,Irawan,B 4691 SVO,"46,702"
"Sep 22, 2025, 09:36",WO-144285098156538311,SPAREPART,87eede8f-1064-4c4e-912d-9319aa96d5b0,Brake Pad H3 FR / RR H3,"26,000",0,1,0,0,1,0,NOT_COVERED,APPLIED,GEN-F0130-001-N-NE,"1,075",REGULAR,Kembangan,Irawan,B 4379 SWA,"56,670"
"Sep 22, 2025, 09:35",WO-144288073847429652,SPAREPART,87eede8f-1064-4c4e-912d-9319aa96d5b0,Brake Pad H3 FR / RR H3,"26,000",0,2,0,0,2,0,NEW_ONBOARDING,APPLIED,GEN-F0130-001-N-NE,"1,075",REGULAR,Pondok Indah,Muhamad Chaerudin,B 4304 SVV,"19,519"
"Sep 22, 2025, 09:34",WO-144287491879361044,SPAREPART,d09f6b27-05e3-429e-8d59-5978689af06f,USB charging port H3,"12,627","49,000",1,0,0,1,"49,000",NOT_COVERED,APPLIED,H3A-E40010-001-N-NE,871,WALK_IN_MAINTENANCE,Depok,Aji Fadilah,B 3635 PWE,"313,968"
"Sep 22, 2025, 09:34",WO-144287491879361044,SPAREPART,87eede8f-1064-4c4e-912d-9319aa96d5b0,Brake Pad H3 FR / RR H3,"26,000",0,1,0,0,1,0,NOT_COVERED,APPLIED,GEN-F0130-001-N-NE,"1,075",WALK_IN_MAINTENANCE,Depok,Aji Fadilah,B 3635 PWE,"313,968"
"Sep 22, 2025, 09:29",WO-144287558686235156,SPAREPART,79e0bbc0-0b87-4142-8e3f-0b3ccdc86641,Brake Pad Kit H5 -2-01 (Canvas Rem) H5,"28,500",0,1,0,0,1,0,NOT_COVERED,APPLIED,GEN-F1140-001-R-NE,"1,759",REGULAR,Pondok Indah,Eka Pitaloka,B 5154 SVL,"41,821"
"Sep 22, 2025, 09:29",WO-144287558686235156,SPAREPART,fa116921-3f09-44e1-b709-86b1780d9253,Brake Pad Kit H5 -1-01 (Canvas Rem) H5,"39,500",0,1,0,0,1,0,NOT_COVERED,APPLIED,GEN-F1130-001-F-NE,"1,758",REGULAR,Pondok Indah,Eka Pitaloka,B 5154 SVL,"41,821"
"Sep 22, 2025, 09:28",WO-144285481566255559,SPAREPART,87eede8f-1064-4c4e-912d-9319aa96d5b0,Brake Pad H3 FR / RR H3,"26,000",0,1,0,0,1,0,NOT_COVERED,APPLIED,GEN-F0130-001-N-NE,"1,075",REGULAR,Kembangan,Irawan,B 3633 PWE,"39,737"
"Sep 22, 2025, 09:26",WO-144287042384198752,SPAREPART,87eede8f-1064-4c4e-912d-9319aa96d5b0,Brake Pad H3 FR / RR H3,"26,000",0,2,0,0,2,0,NEW_ONBOARDING,APPLIED,GEN-F0130-001-N-NE,"1,075",REGULAR,Pondok Indah,Himawan Reksayudha,B 4515 SVT,"72,465"
"Sep 22, 2025, 09:18",WO-144286491873425863,SPAREPART,87eede8f-1064-4c4e-912d-9319aa96d5b0,Brake Pad H3 FR / RR H3,"26,000",0,2,0,0,2,0,NEW_ONBOARDING,APPLIED,GEN-F0130-001-N-NE,"1,075",REGULAR,Pondok Indah,Himawan Reksayudha,B 4141 SVP,"53,882"
"Sep 22, 2025, 09:17",WO-144286453487139936,SPAREPART,87eede8f-1064-4c4e-912d-9319aa96d5b0,Brake Pad H3 FR / RR H3,"26,000",0,1,0,0,1,0,NOT_COVERED,APPLIED,GEN-F0130-001-N-NE,"1,075",REGULAR,Bekasi,Service Advisor Bekasi,B 3874 PWF,"473,636"
"Sep 22, 2025, 09:13",WO-144286024862841287,SPAREPART,87eede8f-1064-4c4e-912d-9319aa96d5b0,Brake Pad H3 FR / RR H3,"26,000",0,2,0,0,2,0,NEW_ONBOARDING,APPLIED,GEN-F0130-001-N-NE,"1,075",REGULAR,Pondok Indah,Muhammad Riduwan,B 4824 SVR,"43,320"
"Sep 22, 2025, 09:02",WO-144284866278635975,SPAREPART,87eede8f-1064-4c4e-912d-9319aa96d5b0,Brake Pad H3 FR / RR H3,"26,000",0,2,0,0,2,0,NEW_ONBOARDING,APPLIED,GEN-F0130-001-N-NE,"1,075",REGULAR,Pondok Indah,Muhammad Riduwan,B 5237 BWJ,"24,109"
"Sep 22, 2025, 09:01",WO-144222813094444128,SPAREPART,d625acb9-40c7-43a1-9f20-99489c41ef5f,Front disc brake disc H3,"56,580",0,1,0,0,1,0,NOT_COVERED,APPLIED,GEN-F0140-001-F-NE,853,REPO_MAINTENANCE,Pondok Indah,Tommy Septian,B 3722 PWE,"4,252"
"Sep 22, 2025, 09:01",WO-144222813094444128,SPAREPART,87eede8f-1064-4c4e-912d-9319aa96d5b0,Brake Pad H3 FR / RR H3,"26,000",0,2,0,0,2,0,NOT_COVERED,APPLIED,GEN-F0130-001-N-NE,"1,075",REPO_MAINTENANCE,Pondok Indah,Tommy Septian,B 3722 PWE,"4,252"
"Sep 22, 2025, 08:57",WO-144283738010859975,SPAREPART,ec86c430-e74c-451d-8d93-6d47384acc17,Tire 90/90-12 H3 (KENDA) H3,"100,000","100,000",1,0,0,1,"100,000",NOT_COVERED,APPLIED,GEN-F0500-001-N-MA,"1,741",STORING,Pondok Indah,Eka Pitaloka,B 4773 SVP,"67,023"
"Sep 22, 2025, 08:57",WO-144283738010859975,SPAREPART,5075f880-8de8-488e-9bca-4db3d05c3583,Brake pad Front H1 - Fr H1,"26,000",0,2,0,0,2,0,NOT_COVERED,APPLIED,GEN-F1280-001-N-NE,"1,789",STORING,Pondok Indah,Eka Pitaloka,B 4773 SVP,"67,023"
"Sep 22, 2025, 08:55",WO-144278450704776288,SPAREPART,87eede8f-1064-4c4e-912d-9319aa96d5b0,Brake Pad H3 FR / RR H3,"26,000","26,000",1,0,0,1,"26,000",NOT_COVERED,APPLIED,GEN-F0130-001-N-NE,"1,075",STORING,Pondok Indah,Adit Tia Saputra,B 4959 SWB,"14,390"
"Sep 22, 2025, 07:47",WO-144276878729968736,SPAREPART,87eede8f-1064-4c4e-912d-9319aa96d5b0,Brake Pad H3 FR / RR H3,"26,000","26,000",2,0,0,2,"52,000",NOT_COVERED,APPLIED,GEN-F0130-001-N-NE,"1,075",STORING,Pondok Indah,Ahmad Agus Sudiro Parhusnan Marzuki,B 4207 SWB,"33,535"
"Sep 21, 2025, 22:07",WO-144202902968237152,SPAREPART,ec86c430-e74c-451d-8d93-6d47384acc17,Tire 90/90-12 H3 (KENDA) H3,"100,000",0,1,0,0,1,0,NOT_COVERED,APPLIED,GEN-F0500-001-N-MA,"1,741",STORING,Pondok Indah,Naufal Rabbani,B 4671 SVT,"31,592"
"Sep 21, 2025, 21:43",WO-144215772619635808,SPAREPART,87eede8f-1064-4c4e-912d-9319aa96d5b0,Brake Pad H3 FR / RR H3,"26,000",0,1,0,0,1,0,NOT_COVERED,APPLIED,GEN-F0130-001-N-NE,"1,075",STORING,Pondok Indah,Naufal Rabbani,B 4516 SVT,"14,452"
"Sep 21, 2025, 21:43",WO-144215772619635808,SPAREPART,ec86c430-e74c-451d-8d93-6d47384acc17,Tire 90/90-12 H3 (KENDA) H3,"100,000",0,1,0,0,1,0,NOT_COVERED,APPLIED,GEN-F0500-001-N-MA,"1,741",STORING,Pondok Indah,Naufal Rabbani,B 4516 SVT,"14,452"
"Sep 21, 2025, 20:28",WO-144198465142946912,SPAREPART,87eede8f-1064-4c4e-912d-9319aa96d5b0,Brake Pad H3 FR / RR H3,"26,000",0,1,0,0,1,0,NOT_COVERED,APPLIED,GEN-F0130-001-N-NE,"1,075",STORING,Pondok Indah,Eka Pitaloka,B 4631 SVR,"4,631"
"Sep 21, 2025, 18:52",WO-144131746969991623,SPAREPART,87eede8f-1064-4c4e-912d-9319aa96d5b0,Brake Pad H3 FR / RR H3,"26,000",0,2,0,0,2,0,NOT_COVERED,APPLIED,GEN-F0130-001-N-NE,"1,075",STORING,Pondok Indah,Eka Pitaloka,B 4832 SVS,"52,057"
"Sep 21, 2025, 18:28",WO-144181213148511328,SPAREPART,87eede8f-1064-4c4e-912d-9319aa96d5b0,Brake Pad H3 FR / RR H3,"26,000",0,2,0,0,2,0,NOT_COVERED,APPLIED,GEN-F0130-001-N-NE,"1,075",STORING,Pondok Indah,Naufal Rabbani,B 3617 PWE,"18,482"
"Sep 21, 2025, 18:28",WO-144181213148511328,SPAREPART,ec86c430-e74c-451d-8d93-6d47384acc17,Tire 90/90-12 H3 (KENDA) H3,"100,000",0,1,0,0,1,0,NOT_COVERED,APPLIED,GEN-F0500-001-N-MA,"1,741",STORING,Pondok Indah,Naufal Rabbani,B 3617 PWE,"18,482"
"Sep 21, 2025, 17:53",WO-144162417868323271,SPAREPART,ec86c430-e74c-451d-8d93-6d47384acc17,Tire 90/90-12 H3 (KENDA) H3,"100,000",0,1,0,0,1,0,NOT_COVERED,APPLIED,GEN-F0500-001-N-MA,"1,741",STORING,Pondok Indah,Eka Pitaloka,B 3827 PWF,"34,234"
"Sep 21, 2025, 17:10",WO-144183073540454855,SPAREPART,ec86c430-e74c-451d-8d93-6d47384acc17,Tire 90/90-12 H3 (KENDA) H3,"100,000",0,1,0,0,1,0,NOT_COVERED,APPLIED,GEN-F0500-001-N-MA,"1,741",STORING,Pondok Indah,Naufal Rabbani,B 3562 PWE,"29,337"
"Sep 21, 2025, 17:10",WO-144183073540454855,SPAREPART,87eede8f-1064-4c4e-912d-9319aa96d5b0,Brake Pad H3 FR / RR H3,"26,000",0,1,0,0,1,0,NOT_COVERED,APPLIED,GEN-F0130-001-N-NE,"1,075",STORING,Pondok Indah,Naufal Rabbani,B 3562 PWE,"29,337"
"Sep 21, 2025, 16:40",WO-144172297115187655,SPAREPART,7aa8d3dc-ff34-4db8-a769-0c1f747b124e,Air tape PVR 70 (10 mm) H5,"3,500",0,1,0,0,1,0,NOT_COVERED,APPLIED,GEN-F0430-001-N-NE,"1,755",STORING,Pondok Indah,Naufal Rabbani,B 4124 SVT,"48,924"
"Sep 21, 2025, 16:40",WO-144172297115187655,SPAREPART,87eede8f-1064-4c4e-912d-9319aa96d5b0,Brake Pad H3 FR / RR H3,"26,000",0,1,0,0,1,0,NOT_COVERED,APPLIED,GEN-F0130-001-N-NE,"1,075",STORING,Pondok Indah,Naufal Rabbani,B 4124 SVT,"48,924"
"Sep 21, 2025, 16:40",WO-144172297115187655,SPAREPART,ec86c430-e74c-451d-8d93-6d47384acc17,Tire 90/90-12 H3 (KENDA) H3,"100,000",0,1,0,0,1,0,NOT_COVERED,APPLIED,GEN-F0500-001-N-MA,"1,741",STORING,Pondok Indah,Naufal Rabbani,B 4124 SVT,"48,924"
"Sep 21, 2025, 16:14",WO-144173034171825248,SPAREPART,87eede8f-1064-4c4e-912d-9319aa96d5b0,Brake Pad H3 FR / RR H3,"26,000","26,000",1,0,0,1,"26,000",NOT_COVERED,APPLIED,GEN-F0130-001-N-NE,"1,075",STORING,Pondok Indah,Syahrul Mulya,B 4987 SWB,"11,259"
"Sep 21, 2025, 16:14",WO-144173034171825248,SPAREPART,ec86c430-e74c-451d-8d93-6d47384acc17,Tire 90/90-12 H3 (KENDA) H3,"135,796","135,796",1,0,0,1,"135,796",NOT_COVERED,APPLIED,GEN-F0500-001-N-MA,"1,741",STORING,Pondok Indah,Syahrul Mulya,B 4987 SWB,"11,259"
"Sep 21, 2025, 15:50",WO-144170019322902983,SPAREPART,87eede8f-1064-4c4e-912d-9319aa96d5b0,Brake Pad H3 FR / RR H3,"26,000",0,1,0,0,1,0,NOT_COVERED,APPLIED,GEN-F0130-001-N-NE,"1,075",STORING,Pondok Indah,Eka Pitaloka,B 4401 SVR,"73,882"
"Sep 21, 2025, 15:23",WO-144161157630950496,SPAREPART,5075f880-8de8-488e-9bca-4db3d05c3583,Brake pad Front H1 - Fr H1,"26,000",0,1,0,0,1,0,NOT_COVERED,APPLIED,GEN-F1280-001-N-NE,"1,789",STORING,Pondok Indah,Eka Pitaloka,B 4668 SWA,"11,356"
"Sep 21, 2025, 15:12",WO-144161157630950496,SPAREPART,ec86c430-e74c-451d-8d93-6d47384acc17,Tire 90/90-12 H3 (KENDA) H3,"100,000",0,1,0,0,1,0,NEW_ONBOARDING,APPLIED,GEN-F0500-001-N-MA,"1,741",STORING,Pondok Indah,Eka Pitaloka,B 4668 SWA,"11,356"
"Sep 21, 2025, 15:11",WO-144065009889082464,SPAREPART,87eede8f-1064-4c4e-912d-9319aa96d5b0,Brake Pad H3 FR / RR H3,"26,000",0,2,0,0,2,0,NOT_COVERED,APPLIED,GEN-F0130-001-N-NE,"1,075",REPO_MAINTENANCE,Pondok Indah,Eka Pitaloka,B 4095 SWB,"15,268"
"Sep 21, 2025, 15:11",WO-144065009889082464,SPAREPART,c52ca52a-85ef-43ad-8637-a9a65142da16,Rear disc brake disc H3,"26,519",0,1,0,0,1,0,NOT_COVERED,APPLIED,GEN-F0190-001-R-NE,854,REPO_MAINTENANCE,Pondok Indah,Eka Pitaloka,B 4095 SWB,"15,268"
"Sep 21, 2025, 15:11",WO-144065009889082464,SPAREPART,ec86c430-e74c-451d-8d93-6d47384acc17,Tire 90/90-12 H3 (KENDA) H3,"100,000",0,1,0,0,1,0,NOT_COVERED,APPLIED,GEN-F0500-001-N-MA,"1,741",REPO_MAINTENANCE,Pondok Indah,Eka Pitaloka,B 4095 SWB,"15,268"
"Sep 21, 2025, 15:11",WO-144065009889082464,SPAREPART,24f4995a-befd-4ad6-a490-c6318261742f,Cover Plat Nomer H3,"18,500",0,1,0,0,1,0,NOT_COVERED,APPLIED,GEN-A0140-001-N-MA,"1,738",REPO_MAINTENANCE,Pondok Indah,Eka Pitaloka,B 4095 SWB,"15,268"
"Sep 21, 2025, 15:02",WO-144161415932968032,SPAREPART,9ae448db-156e-4e8b-8980-6f520521c921,Speed control handle cable H3,"16,169","16,169",1,0,0,1,"16,169",NOT_COVERED,APPLIED,H3A-E70090-001-N-BL,857,STORING,Pondok Indah,Adit Tia Saputra,B 4234 SVP,"45,952"
"Sep 21, 2025, 14:38",WO-144143574672374880,SPAREPART,5075f880-8de8-488e-9bca-4db3d05c3583,Brake pad Front H1 - Fr H1,"26,000",0,1,0,0,1,0,NOT_COVERED,APPLIED,GEN-F1280-001-N-NE,"1,789",STORING,Pondok Indah,Eka Pitaloka,B 4424 SWD,"6,000"
"Sep 21, 2025, 14:36",WO-144077668902549959,SPAREPART,87eede8f-1064-4c4e-912d-9319aa96d5b0,Brake Pad H3 FR / RR H3,"26,000",0,2,0,0,2,0,NOT_COVERED,APPLIED,GEN-F0130-001-N-NE,"1,075",REPO_MAINTENANCE,Pondok Indah,Eka Pitaloka,B 4687 SVP,0
"Sep 21, 2025, 14:30",WO-144077491315718599,SPAREPART,6f887a0a-e2ae-4556-afe9-b554bb26559f,Headlight H3,"100,000",0,1,0,0,1,0,NOT_COVERED,APPLIED,H3A-E60030-001-N-NE,821,REPO_MAINTENANCE,Pondok Indah,Eka Pitaloka,B 4605 SVP,0
"Sep 21, 2025, 14:30",WO-144077491315718599,SPAREPART,ec86c430-e74c-451d-8d93-6d47384acc17,Tire 90/90-12 H3 (KENDA) H3,"100,000",0,1,0,0,1,0,NOT_COVERED,APPLIED,GEN-F0500-001-N-MA,"1,741",REPO_MAINTENANCE,Pondok Indah,Eka Pitaloka,B 4605 SVP,0
"Sep 21, 2025, 14:30",WO-144077491315718599,SPAREPART,87eede8f-1064-4c4e-912d-9319aa96d5b0,Brake Pad H3 FR / RR H3,"26,000",0,2,0,0,2,0,NOT_COVERED,APPLIED,GEN-F0130-001-N-NE,"1,075",REPO_MAINTENANCE,Pondok Indah,Eka Pitaloka,B 4605 SVP,0
"Sep 21, 2025, 14:30",WO-144077491315718599,SPAREPART,d625acb9-40c7-43a1-9f20-99489c41ef5f,Front disc brake disc H3,"56,580",0,1,0,0,1,0,NOT_COVERED,APPLIED,GEN-F0140-001-F-NE,853,REPO_MAINTENANCE,Pondok Indah,Eka Pitaloka,B 4605 SVP,0
"Sep 21, 2025, 14:30",WO-144077491315718599,SPAREPART,1ac25aee-ff64-497d-a915-e4617a1892ae,Bearing Nachi 6201 H3,"13,967",0,1,0,0,1,0,NOT_COVERED,APPLIED,GEN-F0060-001-F-NE,"1,735",REPO_MAINTENANCE,Pondok Indah,Eka Pitaloka,B 4605 SVP,0
"Sep 21, 2025, 14:30",WO-144077491315718599,SPAREPART,c52ca52a-85ef-43ad-8637-a9a65142da16,Rear disc brake disc H3,"26,519",0,1,0,0,1,0,NOT_COVERED,APPLIED,GEN-F0190-001-R-NE,854,REPO_MAINTENANCE,Pondok Indah,Eka Pitaloka,B 4605 SVP,0
"Sep 21, 2025, 14:23",WO-144167082571905479,SPAREPART,5075f880-8de8-488e-9bca-4db3d05c3583,Brake pad Front H1 - Fr H1,"26,000",0,1,0,0,1,0,NOT_COVERED,APPLIED,GEN-F1280-001-N-NE,"1,789",STORING,Pondok Indah,Eka Pitaloka,B 4681 SWB,"3,234"
"Sep 21, 2025, 14:16",WO-144158133017672800,SPAREPART,1ac25aee-ff64-497d-a915-e4617a1892ae,Bearing Nachi 6201 H3,"13,967",0,2,0,0,2,0,NOT_COVERED,APPLIED,GEN-F0060-001-F-NE,"1,735",STORING,Pondok Indah,Naufal Rabbani,B 4924 SVN,"72,903"
"Sep 21, 2025, 13:30",WO-144019695652076640,SPAREPART,00c93cf0-bacc-4e53-aab2-4aeeebf5bf3b,Air tape PVR 50 (5 mm) H3,"3,500","3,500",1,0,0,1,"3,500",NOT_COVERED,APPLIED,GEN-F0420-002-N-NE,"1,740",STORING,Pondok Indah,Ahmad Agus Sudiro Parhusnan Marzuki,B 4798 SWC,"12,448"
"Sep 21, 2025, 13:19",WO-144068126139513952,SPAREPART,87eede8f-1064-4c4e-912d-9319aa96d5b0,Brake Pad H3 FR / RR H3,"26,000",0,1,0,0,1,0,NOT_COVERED,APPLIED,GEN-F0130-001-N-NE,"1,075",REPO_MAINTENANCE,Pondok Indah,Eka Pitaloka,B 4115 SWB,"18,169"
"Sep 21, 2025, 13:19",WO-144068126139513952,SPAREPART,1ac25aee-ff64-497d-a915-e4617a1892ae,Bearing Nachi 6201 H3,"13,967",0,1,0,0,1,0,NOT_COVERED,APPLIED,GEN-F0060-001-F-NE,"1,735",REPO_MAINTENANCE,Pondok Indah,Eka Pitaloka,B 4115 SWB,"18,169"
"Sep 21, 2025, 13:19",WO-144068126139513952,SPAREPART,d625acb9-40c7-43a1-9f20-99489c41ef5f,Front disc brake disc H3,"56,580",0,1,0,0,1,0,NOT_COVERED,APPLIED,GEN-F0140-001-F-NE,853,REPO_MAINTENANCE,Pondok Indah,Eka Pitaloka,B 4115 SWB,"18,169"
"Sep 21, 2025, 13:19",WO-144068126139513952,SPAREPART,ec86c430-e74c-451d-8d93-6d47384acc17,Tire 90/90-12 H3 (KENDA) H3,"100,000",0,1,0,0,1,0,NOT_COVERED,APPLIED,GEN-F0500-001-N-MA,"1,741",REPO_MAINTENANCE,Pondok Indah,Eka Pitaloka,B 4115 SWB,"18,169"
"Sep 21, 2025, 13:19",WO-144068126139513952,SPAREPART,24f4995a-befd-4ad6-a490-c6318261742f,Cover Plat Nomer H3,"18,500",0,1,0,0,1,0,NOT_COVERED,APPLIED,GEN-A0140-001-N-MA,"1,738",REPO_MAINTENANCE,Pondok Indah,Eka Pitaloka,B 4115 SWB,"18,169"
"Sep 21, 2025, 13:19",WO-144155776892566624,SPAREPART,d09f6b27-05e3-429e-8d59-5978689af06f,USB charging port H3,"12,627","12,627",1,0,0,1,"12,627",NOT_COVERED,APPLIED,H3A-E40010-001-N-NE,871,STORING,Pondok Indah,Ahmad Agus Sudiro Parhusnan Marzuki,B 4463 SVV,"28,592"
"Sep 21, 2025, 13:19",WO-144155776892566624,SPAREPART,1ac25aee-ff64-497d-a915-e4617a1892ae,Bearing Nachi 6201 H3,"13,967","13,967",2,0,0,2,"27,934",NOT_COVERED,APPLIED,GEN-F0060-001-F-NE,"1,735",STORING,Pondok Indah,Ahmad Agus Sudiro Parhusnan Marzuki,B 4463 SVV,"28,592"
"Sep 21, 2025, 11:43",WO-144067101353621959,SPAREPART,87eede8f-1064-4c4e-912d-9319aa96d5b0,Brake Pad H3 FR / RR H3,"26,000",0,1,0,0,1,0,NOT_COVERED,APPLIED,GEN-F0130-001-N-NE,"1,075",REPO_MAINTENANCE,Pondok Indah,Eka Pitaloka,B 4587 SVR,"4,248"
"Sep 21, 2025, 11:39",WO-144153359950052448,SPAREPART,5075f880-8de8-488e-9bca-4db3d05c3583,Brake pad Front H1 - Fr H1,"26,000",0,1,0,0,1,0,NOT_COVERED,APPLIED,GEN-F1280-001-N-NE,"1,789",STORING,Pondok Indah,Eka Pitaloka,B 4850 SWD,"1,200"
"Sep 21, 2025, 11:32",WO-144066666303633863,SPAREPART,87eede8f-1064-4c4e-912d-9319aa96d5b0,Brake Pad H3 FR / RR H3,"26,000",0,2,0,0,2,0,NOT_COVERED,APPLIED,GEN-F0130-001-N-NE,"1,075",REPO_MAINTENANCE,Pondok Indah,Service Advisor PI,B 4458 SVT,"43,314"
"Sep 21, 2025, 11:13",WO-144148505898810464,SPAREPART,87eede8f-1064-4c4e-912d-9319aa96d5b0,Brake Pad H3 FR / RR H3,"26,000",0,1,0,0,1,0,NOT_COVERED,APPLIED,GEN-F0130-001-N-NE,"1,075",STORING,Pondok Indah,Eka Pitaloka,B 4681 SVT,"562,452"
"Sep 21, 2025, 11:00",WO-144076150027631047,SPAREPART,79e0bbc0-0b87-4142-8e3f-0b3ccdc86641,Brake Pad Kit H5 -2-01 (Canvas Rem) H5,"28,500",0,1,0,0,1,0,NOT_COVERED,APPLIED,GEN-F1140-001-R-NE,"1,759",REPO_MAINTENANCE,Pondok Indah,Naufal Rabbani,B 5033 SVL,"54,929"
"Sep 21, 2025, 11:00",WO-144076150027631047,SPAREPART,24f4995a-befd-4ad6-a490-c6318261742f,Cover Plat Nomer H3,"18,500",0,1,0,0,1,0,NOT_COVERED,APPLIED,GEN-A0140-001-N-MA,"1,738",REPO_MAINTENANCE,Pondok Indah,Naufal Rabbani,B 5033 SVL,"54,929"
"Sep 21, 2025, 11:00",WO-144076150027631047,SPAREPART,fa116921-3f09-44e1-b709-86b1780d9253,Brake Pad Kit H5 -1-01 (Canvas Rem) H5,"39,500",0,1,0,0,1,0,NOT_COVERED,APPLIED,GEN-F1130-001-F-NE,"1,758",REPO_MAINTENANCE,Pondok Indah,Naufal Rabbani,B 5033 SVL,"54,929"
"Sep 21, 2025, 10:50",WO-144066878250203591,SPAREPART,6f887a0a-e2ae-4556-afe9-b554bb26559f,Headlight H3,"100,000",0,1,0,0,1,0,NOT_COVERED,APPLIED,H3A-E60030-001-N-NE,821,REPO_MAINTENANCE,Pondok Indah,Eka Pitaloka,B 4127 SVT,"59,968"
"Sep 21, 2025, 10:50",WO-144066878250203591,SPAREPART,87eede8f-1064-4c4e-912d-9319aa96d5b0,Brake Pad H3 FR / RR H3,"26,000",0,2,0,0,2,0,NOT_COVERED,APPLIED,GEN-F0130-001-N-NE,"1,075",REPO_MAINTENANCE,Pondok Indah,Eka Pitaloka,B 4127 SVT,"59,968"
"Sep 21, 2025, 10:49",WO-144049892040423879,SPAREPART,87eede8f-1064-4c4e-912d-9319aa96d5b0,Brake Pad H3 FR / RR H3,"26,000",0,2,0,0,2,0,NOT_COVERED,APPLIED,GEN-F0130-001-N-NE,"1,075",STORING,Pondok Indah,Eka Pitaloka,B 4101 SWB,"17,915"
"Sep 21, 2025, 10:46",WO-144131982958296160,SPAREPART,87eede8f-1064-4c4e-912d-9319aa96d5b0,Brake Pad H3 FR / RR H3,"26,000",0,2,0,0,2,0,NOT_COVERED,APPLIED,GEN-F0130-001-N-NE,"1,075",STORING,Pondok Indah,Eka Pitaloka,B 4285 SWA,"17,693"
"Sep 21, 2025, 10:28",WO-144047051724863943,SPAREPART,00c93cf0-bacc-4e53-aab2-4aeeebf5bf3b,Air tape PVR 50 (5 mm) H3,"3,500",0,1,0,0,1,0,NOT_COVERED,APPLIED,GEN-F0420-002-N-NE,"1,740",STORING,Pondok Indah,Naufal Rabbani,B 3841 PWF,"40,828"
"Sep 21, 2025, 10:26",WO-144066983611104352,SPAREPART,5075f880-8de8-488e-9bca-4db3d05c3583,Brake pad Front H1 - Fr H1,"26,000",0,1,0,0,1,0,NOT_COVERED,APPLIED,GEN-F1280-001-N-NE,"1,789",REPO_MAINTENANCE,Pondok Indah,Service Advisor PI,B 4697 SWD,201
"Sep 21, 2025, 10:24",WO-144070263573625287,SPAREPART,37dc324d-ba63-404f-b663-747c4a4566a1,disc Brake H5,"70,000",0,2,0,0,2,0,NOT_COVERED,APPLIED,GEN-F1120-001-R-NE,"1,761",REPO_MAINTENANCE,Pondok Indah,Service Advisor PI,B 4036 SVO,"66,204"
"Sep 21, 2025, 10:24",WO-144070263573625287,SPAREPART,79e0bbc0-0b87-4142-8e3f-0b3ccdc86641,Brake Pad Kit H5 -2-01 (Canvas Rem) H5,"28,500",0,2,0,0,2,0,NOT_COVERED,APPLIED,GEN-F1140-001-R-NE,"1,759",REPO_MAINTENANCE,Pondok Indah,Service Advisor PI,B 4036 SVO,"66,204"
"Sep 21, 2025, 10:24",WO-144070263573625287,SPAREPART,999f14b8-db39-41e5-a31a-b5e0b7e8d909,Tires (far star) H5,"100,000",0,1,0,0,1,0,NOT_COVERED,APPLIED,GEN-F1090-001-N-NE,982,REPO_MAINTENANCE,Pondok Indah,Service Advisor PI,B 4036 SVO,"66,204"
"Sep 21, 2025, 10:23",WO-144066174177556935,SPAREPART,87eede8f-1064-4c4e-912d-9319aa96d5b0,Brake Pad H3 FR / RR H3,"26,000",0,2,0,0,2,0,NOT_COVERED,APPLIED,GEN-F0130-001-N-NE,"1,075",REPO_MAINTENANCE,Pondok Indah,Eka Pitaloka,B 4610 SVP,0
"Sep 21, 2025, 10:23",WO-144066174177556935,SPAREPART,c52ca52a-85ef-43ad-8637-a9a65142da16,Rear disc brake disc H3,"26,519",0,1,0,0,1,0,NOT_COVERED,APPLIED,GEN-F0190-001-R-NE,854,REPO_MAINTENANCE,Pondok Indah,Eka Pitaloka,B 4610 SVP,0
"Sep 21, 2025, 10:23",WO-144066174177556935,SPAREPART,1ac25aee-ff64-497d-a915-e4617a1892ae,Bearing Nachi 6201 H3,"13,967",0,2,0,0,2,0,NOT_COVERED,APPLIED,GEN-F0060-001-F-NE,"1,735",REPO_MAINTENANCE,Pondok Indah,Eka Pitaloka,B 4610 SVP,0
"Sep 21, 2025, 10:23",WO-144066174177556935,SPAREPART,ec86c430-e74c-451d-8d93-6d47384acc17,Tire 90/90-12 H3 (KENDA) H3,"100,000",0,1,0,0,1,0,NOT_COVERED,APPLIED,GEN-F0500-001-N-MA,"1,741",REPO_MAINTENANCE,Pondok Indah,Eka Pitaloka,B 4610 SVP,0
"Sep 21, 2025, 10:22",WO-144135787661801927,SPAREPART,79e0bbc0-0b87-4142-8e3f-0b3ccdc86641,Brake Pad Kit H5 -2-01 (Canvas Rem) H5,"28,500",0,1,0,0,1,0,NOT_COVERED,APPLIED,GEN-F1140-001-R-NE,"1,759",STORING,Pondok Indah,Naufal Rabbani,B 5173 SVL,"23,456"
"Sep 21, 2025, 10:22",WO-144135787661801927,SPAREPART,fa116921-3f09-44e1-b709-86b1780d9253,Brake Pad Kit H5 -1-01 (Canvas Rem) H5,"39,500",0,1,0,0,1,0,NOT_COVERED,APPLIED,GEN-F1130-001-F-NE,"1,758",STORING,Pondok Indah,Naufal Rabbani,B 5173 SVL,"23,456"
"Sep 21, 2025, 10:22",WO-144135787661801927,SPAREPART,1ac25aee-ff64-497d-a915-e4617a1892ae,Bearing Nachi 6201 H3,"13,967",0,1,0,0,1,0,NOT_COVERED,APPLIED,GEN-F0060-001-F-NE,"1,735",STORING,Pondok Indah,Naufal Rabbani,B 5173 SVL,"23,456"
"Sep 21, 2025, 10:20",WO-144066022628949088,SPAREPART,1ac25aee-ff64-497d-a915-e4617a1892ae,Bearing Nachi 6201 H3,"13,967",0,2,0,0,2,0,NOT_COVERED,APPLIED,GEN-F0060-001-F-NE,"1,735",REPO_MAINTENANCE,Pondok Indah,Service Advisor PI,B 4610 SVP,"33,490"
"Sep 21, 2025, 10:20",WO-144066022628949088,SPAREPART,c52ca52a-85ef-43ad-8637-a9a65142da16,Rear disc brake disc H3,"26,519",0,2,0,0,2,0,NOT_COVERED,APPLIED,GEN-F0190-001-R-NE,854,REPO_MAINTENANCE,Pondok Indah,Service Advisor PI,B 4610 SVP,"33,490"
"Sep 21, 2025, 10:20",WO-144066022628949088,SPAREPART,ec86c430-e74c-451d-8d93-6d47384acc17,Tire 90/90-12 H3 (KENDA) H3,"100,000",0,1,0,0,1,0,NOT_COVERED,APPLIED,GEN-F0500-001-N-MA,"1,741",REPO_MAINTENANCE,Pondok Indah,Service Advisor PI,B 4610 SVP,"33,490"
"Sep 21, 2025, 10:20",WO-144066022628949088,SPAREPART,87eede8f-1064-4c4e-912d-9319aa96d5b0,Brake Pad H3 FR / RR H3,"26,000",0,1,0,0,1,0,NOT_COVERED,APPLIED,GEN-F0130-001-N-NE,"1,075",REPO_MAINTENANCE,Pondok Indah,Service Advisor PI,B 4610 SVP,"33,490"
"Sep 21, 2025, 10:10",WO-144074812094986695,SPAREPART,79e0bbc0-0b87-4142-8e3f-0b3ccdc86641,Brake Pad Kit H5 -2-01 (Canvas Rem) H5,"28,500",0,1,0,0,1,0,NOT_COVERED,APPLIED,GEN-F1140-001-R-NE,"1,759",REPO_MAINTENANCE,Pondok Indah,Eka Pitaloka,B 5111 SVL,"26,708"
"Sep 21, 2025, 10:10",WO-144074812094986695,SPAREPART,fa116921-3f09-44e1-b709-86b1780d9253,Brake Pad Kit H5 -1-01 (Canvas Rem) H5,"39,500",0,1,0,0,1,0,NOT_COVERED,APPLIED,GEN-F1130-001-F-NE,"1,758",REPO_MAINTENANCE,Pondok Indah,Eka Pitaloka,B 5111 SVL,"26,708"
"Sep 21, 2025, 10:10",WO-144074812094986695,SPAREPART,37dc324d-ba63-404f-b663-747c4a4566a1,disc Brake H5,"70,000",0,1,0,0,1,0,NOT_COVERED,APPLIED,GEN-F1120-001-R-NE,"1,761",REPO_MAINTENANCE,Pondok Indah,Eka Pitaloka,B 5111 SVL,"26,708"
"Sep 21, 2025, 10:09",WO-144067193712196039,SPAREPART,ec86c430-e74c-451d-8d93-6d47384acc17,Tire 90/90-12 H3 (KENDA) H3,"100,000",0,1,0,0,1,0,NOT_COVERED,APPLIED,GEN-F0500-001-N-MA,"1,741",REPO_MAINTENANCE,Pondok Indah,Eka Pitaloka,B 4647 SWA,"14,444"
"Sep 21, 2025, 10:09",WO-144067193712196039,SPAREPART,87eede8f-1064-4c4e-912d-9319aa96d5b0,Brake Pad H3 FR / RR H3,"26,000",0,1,0,0,1,0,NOT_COVERED,APPLIED,GEN-F0130-001-N-NE,"1,075",REPO_MAINTENANCE,Pondok Indah,Eka Pitaloka,B 4647 SWA,"14,444"
"Sep 21, 2025, 10:05",WO-144065223848933831,SPAREPART,ec86c430-e74c-451d-8d93-6d47384acc17,Tire 90/90-12 H3 (KENDA) H3,"100,000",0,1,0,0,1,0,NOT_COVERED,APPLIED,GEN-F0500-001-N-MA,"1,741",REPO_MAINTENANCE,Pondok Indah,Eka Pitaloka,B 4239 SVT,"37,667"
"Sep 21, 2025, 10:05",WO-144065223848933831,SPAREPART,87eede8f-1064-4c4e-912d-9319aa96d5b0,Brake Pad H3 FR / RR H3,"26,000",0,2,0,0,2,0,NOT_COVERED,APPLIED,GEN-F0130-001-N-NE,"1,075",REPO_MAINTENANCE,Pondok Indah,Eka Pitaloka,B 4239 SVT,"37,667"
"Sep 21, 2025, 09:38",WO-144081718066854343,SPAREPART,fa116921-3f09-44e1-b709-86b1780d9253,Brake Pad Kit H5 -1-01 (Canvas Rem) H5,"39,500",0,1,0,0,1,0,NOT_COVERED,APPLIED,GEN-F1130-001-F-NE,"1,758",STORING,Pondok Indah,Eka Pitaloka,B 5038 SVL,"15,639"
"Sep 21, 2025, 09:38",WO-144081718066854343,SPAREPART,79e0bbc0-0b87-4142-8e3f-0b3ccdc86641,Brake Pad Kit H5 -2-01 (Canvas Rem) H5,"28,500",0,1,0,0,1,0,NOT_COVERED,APPLIED,GEN-F1140-001-R-NE,"1,759",STORING,Pondok Indah,Eka Pitaloka,B 5038 SVL,"15,639"
"Sep 21, 2025, 09:37",WO-144076067601168839,SPAREPART,87eede8f-1064-4c4e-912d-9319aa96d5b0,Brake Pad H3 FR / RR H3,"26,000",0,2,0,0,2,0,NOT_COVERED,APPLIED,GEN-F0130-001-N-NE,"1,075",REPO_MAINTENANCE,Pondok Indah,Eka Pitaloka,B 4626 SVP,"37,761"
"Sep 21, 2025, 09:31",WO-144078165877242311,SPAREPART,87eede8f-1064-4c4e-912d-9319aa96d5b0,Brake Pad H3 FR / RR H3,"26,000",0,2,0,0,2,0,NOT_COVERED,APPLIED,GEN-F0130-001-N-NE,"1,075",REPO_MAINTENANCE,Pondok Indah,Eka Pitaloka,B 4282 SVP,0
"Sep 21, 2025, 09:31",WO-144078165877242311,SPAREPART,d625acb9-40c7-43a1-9f20-99489c41ef5f,Front disc brake disc H3,"56,580",0,1,0,0,1,0,NOT_COVERED,APPLIED,GEN-F0140-001-F-NE,853,REPO_MAINTENANCE,Pondok Indah,Eka Pitaloka,B 4282 SVP,0
"Sep 21, 2025, 09:26",WO-144131431675771335,SPAREPART,ec86c430-e74c-451d-8d93-6d47384acc17,Tire 90/90-12 H3 (KENDA) H3,"100,000",0,1,0,0,1,0,NOT_COVERED,APPLIED,GEN-F0500-001-N-MA,"1,741",STORING,Pondok Indah,Naufal Rabbani,B 3969 PWF,"31,929"
"Sep 21, 2025, 09:25",WO-144068198549993927,SPAREPART,fa116921-3f09-44e1-b709-86b1780d9253,Brake Pad Kit H5 -1-01 (Canvas Rem) H5,"39,500",0,1,0,0,1,0,NOT_COVERED,APPLIED,GEN-F1130-001-F-NE,"1,758",REPO_MAINTENANCE,Pondok Indah,Eka Pitaloka,B 4110 SVO,"33,410"
"Sep 21, 2025, 09:25",WO-144068198549993927,SPAREPART,79e0bbc0-0b87-4142-8e3f-0b3ccdc86641,Brake Pad Kit H5 -2-01 (Canvas Rem) H5,"28,500",0,1,0,0,1,0,NOT_COVERED,APPLIED,GEN-F1140-001-R-NE,"1,759",REPO_MAINTENANCE,Pondok Indah,Eka Pitaloka,B 4110 SVO,"33,410"
"Sep 21, 2025, 09:20",WO-144063886990015584,SPAREPART,87eede8f-1064-4c4e-912d-9319aa96d5b0,Brake Pad H3 FR / RR H3,"26,000",0,1,0,0,1,0,NOT_COVERED,APPLIED,GEN-F0130-001-N-NE,"1,075",REPO_MAINTENANCE,Pondok Indah,Service Advisor PI,B 4890 SVT,"46,473"
"Sep 21, 2025, 09:20",WO-144063886990015584,SPAREPART,1ac25aee-ff64-497d-a915-e4617a1892ae,Bearing Nachi 6201 H3,"13,967",0,1,0,0,1,0,NOT_COVERED,APPLIED,GEN-F0060-001-F-NE,"1,735",REPO_MAINTENANCE,Pondok Indah,Service Advisor PI,B 4890 SVT,"46,473"
"Sep 21, 2025, 09:14",WO-144070415692627040,SPAREPART,87eede8f-1064-4c4e-912d-9319aa96d5b0,Brake Pad H3 FR / RR H3,"26,000",0,2,0,0,2,0,NOT_COVERED,APPLIED,GEN-F0130-001-N-NE,"1,075",REPO_MAINTENANCE,Pondok Indah,Eka Pitaloka,B 4057 SWB,"12,775"
"Sep 21, 2025, 09:10",WO-144078109774216288,SPAREPART,fa116921-3f09-44e1-b709-86b1780d9253,Brake Pad Kit H5 -1-01 (Canvas Rem) H5,"39,500",0,1,0,0,1,0,NOT_COVERED,APPLIED,GEN-F1130-001-F-NE,"1,758",REPO_MAINTENANCE,Pondok Indah,Service Advisor PI,B 4283 SVM,0
"Sep 21, 2025, 09:10",WO-144078109774216288,SPAREPART,37dc324d-ba63-404f-b663-747c4a4566a1,disc Brake H5,"70,000",0,2,0,0,2,0,NOT_COVERED,APPLIED,GEN-F1120-001-R-NE,"1,761",REPO_MAINTENANCE,Pondok Indah,Service Advisor PI,B 4283 SVM,0
"Sep 21, 2025, 09:10",WO-144078109774216288,SPAREPART,79e0bbc0-0b87-4142-8e3f-0b3ccdc86641,Brake Pad Kit H5 -2-01 (Canvas Rem) H5,"28,500",0,1,0,0,1,0,NOT_COVERED,APPLIED,GEN-F1140-001-R-NE,"1,759",REPO_MAINTENANCE,Pondok Indah,Service Advisor PI,B 4283 SVM,0
"Sep 21, 2025, 09:09",WO-144019395809672288,SPAREPART,87eede8f-1064-4c4e-912d-9319aa96d5b0,Brake Pad H3 FR / RR H3,"26,000","26,000",2,0,0,2,"52,000",NOT_COVERED,APPLIED,GEN-F0130-001-N-NE,"1,075",STORING,Pondok Indah,Adit Tia Saputra,B 4861 SWB,"201,283"
"Sep 21, 2025, 09:08",WO-144132872066858080,SPAREPART,87eede8f-1064-4c4e-912d-9319aa96d5b0,Brake Pad H3 FR / RR H3,"26,000",0,2,0,0,2,0,NOT_COVERED,APPLIED,GEN-F0130-001-N-NE,"1,075",STORING,Pondok Indah,Eka Pitaloka,B 4605 SVO,"47,530"
"Sep 21, 2025, 08:46",WO-144135869819812960,SPAREPART,ec86c430-e74c-451d-8d93-6d47384acc17,Tire 90/90-12 H3 (KENDA) H3,"100,000",0,1,0,0,1,0,NOT_COVERED,APPLIED,GEN-F0500-001-N-MA,"1,741",STORING,Pondok Indah,Naufal Rabbani,B 3478 PWE,"3,234"
"Sep 21, 2025, 08:07",WO-144131351581342151,SPAREPART,6cb5a130-ab18-4ed1-a709-8f65f55b3fba,Cushion locking wire (With electric lock) H5,"16,882",0,1,0,0,1,0,NOT_COVERED,APPLIED,H5A-F0800-001-N-NE,973,STORING,Pondok Indah,Eka Pitaloka,B 5351 SVL,"52,292"
"Sep 20, 2025, 21:32",WO-144060110942026183,SPAREPART,83ff687a-bfd0-4975-936c-81b8115da6d5,Brake Fluid H3,"24,484",0,2,0,0,2,0,NOT_COVERED,APPLIED,GEN-K0050-001-N-NE,"1,737",STORING,Pondok Indah,Service Advisor PI,B 4744 SVP,"56,324"
"Sep 20, 2025, 21:22",WO-144068529849678279,SPAREPART,fa116921-3f09-44e1-b709-86b1780d9253,Brake Pad Kit H5 -1-01 (Canvas Rem) H5,"39,500",0,1,0,0,1,0,NOT_COVERED,APPLIED,GEN-F1130-001-F-NE,"1,758",STORING,Pondok Indah,Service Advisor PI,B 4500 SVL,0
"Sep 20, 2025, 21:22",WO-144068529849678279,SPAREPART,79e0bbc0-0b87-4142-8e3f-0b3ccdc86641,Brake Pad Kit H5 -2-01 (Canvas Rem) H5,"28,500",0,1,0,0,1,0,NOT_COVERED,APPLIED,GEN-F1140-001-R-NE,"1,759",STORING,Pondok Indah,Service Advisor PI,B 4500 SVL,0
"Sep 20, 2025, 20:25",WO-144059647001672135,SPAREPART,9ae448db-156e-4e8b-8980-6f520521c921,Speed control handle cable H3,"16,169","49,000",1,0,0,1,"49,000",NOT_COVERED,APPLIED,H3A-E70090-001-N-BL,857,STORING,Pondok Indah,Service Advisor PI,B 4036 SWB,"13,790"
"Sep 20, 2025, 20:12",WO-144049772536314311,SPAREPART,87eede8f-1064-4c4e-912d-9319aa96d5b0,Brake Pad H3 FR / RR H3,"26,000",0,2,0,0,2,0,NOT_COVERED,APPLIED,GEN-F0130-001-N-NE,"1,075",STORING,Pondok Indah,Service Advisor PI,B 4753 SVP,"34,519"
"Sep 20, 2025, 18:36",WO-143995111427062215,SPAREPART,87eede8f-1064-4c4e-912d-9319aa96d5b0,Brake Pad H3 FR / RR H3,"26,000",0,2,0,0,2,0,NOT_COVERED,APPLIED,GEN-F0130-001-N-NE,"1,075",STORING,Pondok Indah,Naufal Rabbani,B 4148 SWB,"4,567"
"Sep 20, 2025, 18:08",WO-144034063508879815,SPAREPART,87eede8f-1064-4c4e-912d-9319aa96d5b0,Brake Pad H3 FR / RR H3,"26,000",0,1,0,0,1,0,NOT_COVERED,APPLIED,GEN-F0130-001-N-NE,"1,075",STORING,Pondok Indah,Naufal Rabbani,B 3963 PWF,"4,678"
"Sep 20, 2025, 18:08",WO-144034063508879815,SPAREPART,ec86c430-e74c-451d-8d93-6d47384acc17,Tire 90/90-12 H3 (KENDA) H3,"100,000",0,1,0,0,1,0,NOT_COVERED,APPLIED,GEN-F0500-001-N-MA,"1,741",STORING,Pondok Indah,Naufal Rabbani,B 3963 PWF,"4,678"
"Sep 20, 2025, 18:04",WO-144044454796360800,SPAREPART,ec86c430-e74c-451d-8d93-6d47384acc17,Tire 90/90-12 H3 (KENDA) H3,"100,000",0,1,0,0,1,0,NOT_COVERED,APPLIED,GEN-F0500-001-N-MA,"1,741",STORING,Pondok Indah,Naufal Rabbani,B 3507 PWE,"31,208"
"Sep 20, 2025, 18:04",WO-144044454796360800,SPAREPART,87eede8f-1064-4c4e-912d-9319aa96d5b0,Brake Pad H3 FR / RR H3,"26,000",0,1,0,0,1,0,NOT_COVERED,APPLIED,GEN-F0130-001-N-NE,"1,075",STORING,Pondok Indah,Naufal Rabbani,B 3507 PWE,"31,208"
"Sep 20, 2025, 17:18",WO-143209987798211293,SPAREPART,0e63dd11-3dfb-40f2-9820-7fc9cc0b12bc,Front fork bearings H3,"42,021",0,1,0,0,1,0,NEW_ONBOARDING,APPLIED,GEN-F0100-001-F-NE,849,REPO_MAINTENANCE,Pondok Indah,Service Advisor PI,B 3818 PWF,"30,880"
"Sep 20, 2025, 17:18",WO-143209987798211293,SPAREPART,87eede8f-1064-4c4e-912d-9319aa96d5b0,Brake Pad H3 FR / RR H3,"26,000",0,2,0,0,2,0,NEW_ONBOARDING,APPLIED,GEN-F0130-001-N-NE,"1,075",REPO_MAINTENANCE,Pondok Indah,Service Advisor PI,B 3818 PWF,"30,880"
"Sep 20, 2025, 17:16",WO-143411480887357493,SPAREPART,87eede8f-1064-4c4e-912d-9319aa96d5b0,Brake Pad H3 FR / RR H3,"26,000",0,2,0,0,2,0,NEW_ONBOARDING,APPLIED,GEN-F0130-001-N-NE,"1,075",STORING,Pondok Indah,Service Advisor PI,B 4077 SVO,"39,600"
"Sep 20, 2025, 17:13",WO-143263995485231837,SPAREPART,87eede8f-1064-4c4e-912d-9319aa96d5b0,Brake Pad H3 FR / RR H3,"26,000",0,2,0,0,2,0,NEW_ONBOARDING,APPLIED,GEN-F0130-001-N-NE,"1,075",STORING,Pondok Indah,Service Advisor PI,B 4655 SWB,"9,186"
"Sep 20, 2025, 17:10",WO-143124401582250717,SPAREPART,87eede8f-1064-4c4e-912d-9319aa96d5b0,Brake Pad H3 FR / RR H3,"26,000",0,2,0,0,2,0,NEW_ONBOARDING,APPLIED,GEN-F0130-001-N-NE,"1,075",STORING,Pondok Indah,Service Advisor PI,B 4158 SVT,"37,574"
"Sep 20, 2025, 17:09",WO-143295688149626933,SPAREPART,ec86c430-e74c-451d-8d93-6d47384acc17,Tire 90/90-12 H3 (KENDA) H3,"135,796",0,1,0,0,1,0,NEW_ONBOARDING,APPLIED,GEN-F0500-001-N-MA,"1,741",STORING,Pondok Indah,Service Advisor PI,B 3417 PWG,"346,778"
"Sep 20, 2025, 17:08",WO-143290003777187893,SPAREPART,87eede8f-1064-4c4e-912d-9319aa96d5b0,Brake Pad H3 FR / RR H3,"26,000",0,2,0,0,2,0,NEW_ONBOARDING,APPLIED,GEN-F0130-001-N-NE,"1,075",STORING,Pondok Indah,Service Advisor PI,B 4012 SWB,"14,000"
"Sep 20, 2025, 17:06",WO-143288343973654581,SPAREPART,87eede8f-1064-4c4e-912d-9319aa96d5b0,Brake Pad H3 FR / RR H3,"26,000",0,2,0,0,2,0,NEW_ONBOARDING,APPLIED,GEN-F0130-001-N-NE,"1,075",STORING,Pondok Indah,Service Advisor PI,B 4626 SWD,"29,554"
"Sep 20, 2025, 17:04",WO-143475115642908725,SPAREPART,87eede8f-1064-4c4e-912d-9319aa96d5b0,Brake Pad H3 FR / RR H3,"26,000",0,2,0,0,2,0,NEW_ONBOARDING,APPLIED,GEN-F0130-001-N-NE,"1,075",STORING,Pondok Indah,Service Advisor PI,B 4769 SVT,"49,792"
"Sep 20, 2025, 17:04",WO-143475115642908725,SPAREPART,d09f6b27-05e3-429e-8d59-5978689af06f,USB charging port H3,"12,627",0,1,0,0,1,0,NEW_ONBOARDING,APPLIED,H3A-E40010-001-N-NE,871,STORING,Pondok Indah,Service Advisor PI,B 4769 SVT,"49,792"
"Sep 20, 2025, 15:15",WO-144032513528986720,SPAREPART,ec86c430-e74c-451d-8d93-6d47384acc17,Tire 90/90-12 H3 (KENDA) H3,"100,000","100,000",1,0,0,1,"100,000",NOT_COVERED,APPLIED,GEN-F0500-001-N-MA,"1,741",REPO_MAINTENANCE,Bekasi,Service Advisor Bekasi,B 4055 SVP,"345,744"
"Sep 20, 2025, 15:15",WO-144032513528986720,SPAREPART,b9d1544b-4822-4e87-8c8a-ad3eccb9bf75,Rear mirror H3,"26,000","100,000",1,0,0,1,"100,000",NOT_COVERED,APPLIED,GEN-A0050-001-R-NE,859,REPO_MAINTENANCE,Bekasi,Service Advisor Bekasi,B 4055 SVP,"345,744"
"Sep 20, 2025, 14:35",WO-144023192611093600,SPAREPART,79e0bbc0-0b87-4142-8e3f-0b3ccdc86641,Brake Pad Kit H5 -2-01 (Canvas Rem) H5,"28,500",0,1,0,0,1,0,NOT_COVERED,APPLIED,GEN-F1140-001-R-NE,"1,759",WALK_IN_MAINTENANCE,Pondok Indah,Service Advisor PI,B 5057 SVL,"2,345"
"Sep 20, 2025, 14:35",WO-144023192611093600,SPAREPART,78dbc5c8-3366-4e63-846e-172f3415433f,USB charging interface H5,"74,359",0,1,0,0,1,0,NOT_COVERED,APPLIED,H5A-E40030-001-N-NE,988,WALK_IN_MAINTENANCE,Pondok Indah,Service Advisor PI,B 5057 SVL,"2,345"
"Sep 20, 2025, 14:35",WO-144023192611093600,SPAREPART,fa116921-3f09-44e1-b709-86b1780d9253,Brake Pad Kit H5 -1-01 (Canvas Rem) H5,"39,500",0,1,0,0,1,0,NOT_COVERED,APPLIED,GEN-F1130-001-F-NE,"1,758",WALK_IN_MAINTENANCE,Pondok Indah,Service Advisor PI,B 5057 SVL,"2,345"
"Sep 20, 2025, 14:35",WO-144023192611093600,SPAREPART,cf9aef16-25ca-444b-b584-7daf481bd5c1,Windshield H5,"69,391",0,1,0,0,1,0,NOT_COVERED,APPLIED,H5A-B0720-001-F-MA,879,WALK_IN_MAINTENANCE,Pondok Indah,Service Advisor PI,B 5057 SVL,"2,345"
"Sep 20, 2025, 14:35",WO-144027076251384928,SPAREPART,ec86c430-e74c-451d-8d93-6d47384acc17,Tire 90/90-12 H3 (KENDA) H3,"135,796",0,1,0,0,1,0,NOT_COVERED,APPLIED,GEN-F0500-001-N-MA,"1,741",REGULAR,Kembangan,Irawan,B 4197 SWA,"48,922"
"Sep 20, 2025, 14:21",WO-143926550478224480,SPAREPART,ec86c430-e74c-451d-8d93-6d47384acc17,Tire 90/90-12 H3 (KENDA) H3,"100,000",0,1,0,0,1,0,NOT_COVERED,APPLIED,GEN-F0500-001-N-MA,"1,741",REPO_MAINTENANCE,Pondok Indah,Service Advisor PI,B 4746 SVO,"3,912"
"Sep 20, 2025, 14:21",WO-143926550478224480,SPAREPART,87eede8f-1064-4c4e-912d-9319aa96d5b0,Brake Pad H3 FR / RR H3,"26,000",0,1,0,0,1,0,NOT_COVERED,APPLIED,GEN-F0130-001-N-NE,"1,075",REPO_MAINTENANCE,Pondok Indah,Service Advisor PI,B 4746 SVO,"3,912"
"Sep 20, 2025, 14:18",WO-144026727486618720,SPAREPART,87eede8f-1064-4c4e-912d-9319aa96d5b0,Brake Pad H3 FR / RR H3,"26,000",0,1,0,0,1,0,PREVIOUS_SERVICE,APPLIED,GEN-F0130-001-N-NE,"1,075",REGULAR,Depok,rizki nuriman,B 4465 SVP,"30,981"
"Sep 20, 2025, 14:16",WO-144026534968080839,SPAREPART,ec86c430-e74c-451d-8d93-6d47384acc17,Tire 90/90-12 H3 (KENDA) H3,"100,000","100,000",1,0,0,1,"100,000",NOT_COVERED,APPLIED,GEN-F0500-001-N-MA,"1,741",STORING,Pondok Indah,Muhammad Syafrizal,B 3877 PWF,"46,316"
"Sep 20, 2025, 14:12",WO-143985108968323527,SPAREPART,79e0bbc0-0b87-4142-8e3f-0b3ccdc86641,Brake Pad Kit H5 -2-01 (Canvas Rem) H5,"28,500",0,1,0,0,1,0,NOT_COVERED,APPLIED,GEN-F1140-001-R-NE,"1,759",STORING,Pondok Indah,Service Advisor PI,B 4720 SVN,"64,026"
"Sep 20, 2025, 14:09",WO-143998397999774816,SPAREPART,5123303c-4006-4550-babc-615aa591fd41,Bearing Nachi 6204 H3,"24,000",0,1,0,0,1,0,NOT_COVERED,APPLIED,GEN-F0240-001-N-NE,"1,736",STORING,Pondok Indah,Service Advisor PI,B 4273 SVT,"5,900"
"Sep 20, 2025, 14:09",WO-143998397999774816,SPAREPART,a1e28b04-f677-4714-8188-f032b8a4eb05,Bearing Nachi 6205 H5,"20,068",0,1,0,0,1,0,NOT_COVERED,APPLIED,GEN-F0250-002-N-NE,"1,756",STORING,Pondok Indah,Service Advisor PI,B 4273 SVT,"5,900"
"Sep 20, 2025, 14:07",WO-144019595794102727,SPAREPART,87eede8f-1064-4c4e-912d-9319aa96d5b0,Brake Pad H3 FR / RR H3,"26,000","26,000",1,0,0,1,"26,000",NOT_COVERED,APPLIED,GEN-F0130-001-N-NE,"1,075",STORING,Pondok Indah,Muhammad Syafrizal,B 3669 PWG,"2,357"
"Sep 20, 2025, 14:03",WO-144021779684293728,SPAREPART,1ac25aee-ff64-497d-a915-e4617a1892ae,Bearing Nachi 6201 H3,"13,967",0,1,0,0,1,0,NOT_COVERED,APPLIED,GEN-F0060-001-F-NE,"1,735",REGULAR,Kembangan,Irawan,B 4608 SVV,"31,498"
"Sep 20, 2025, 14:03",WO-144021779684293728,SPAREPART,87eede8f-1064-4c4e-912d-9319aa96d5b0,Brake Pad H3 FR / RR H3,"26,000",0,1,0,0,1,0,NOT_COVERED,APPLIED,GEN-F0130-001-N-NE,"1,075",REGULAR,Kembangan,Irawan,B 4608 SVV,"31,498"
"Sep 20, 2025, 14:01",WO-144011731054656608,SPAREPART,87eede8f-1064-4c4e-912d-9319aa96d5b0,Brake Pad H3 FR / RR H3,"26,000",0,2,0,0,2,0,NOT_COVERED,APPLIED,GEN-F0130-001-N-NE,"1,075",WALK_IN_MAINTENANCE,Pondok Indah,Eka Pitaloka,B 4788 SVT,"36,902"
"Sep 20, 2025, 14:01",WO-144011731054656608,SPAREPART,ec86c430-e74c-451d-8d93-6d47384acc17,Tire 90/90-12 H3 (KENDA) H3,"100,000",0,1,0,0,1,0,NOT_COVERED,APPLIED,GEN-F0500-001-N-MA,"1,741",WALK_IN_MAINTENANCE,Pondok Indah,Eka Pitaloka,B 4788 SVT,"36,902"
"Sep 20, 2025, 13:59",WO-144009254234258528,SPAREPART,fa116921-3f09-44e1-b709-86b1780d9253,Brake Pad Kit H5 -1-01 (Canvas Rem) H5,"39,500",0,2,0,0,2,0,NOT_COVERED,APPLIED,GEN-F1130-001-F-NE,"1,758",WALK_IN_MAINTENANCE,Pondok Indah,Eka Pitaloka,B 5027 SVL,"24,368"
"Sep 20, 2025, 13:56",WO-143408092107774685,SPAREPART,ec86c430-e74c-451d-8d93-6d47384acc17,Tire 90/90-12 H3 (KENDA) H3,"100,000",0,1,0,0,1,0,NEW_ONBOARDING,APPLIED,GEN-F0500-001-N-MA,"1,741",STORING,Pondok Indah,Service Advisor PI,B 4818 SVR,"421,967"
"Sep 20, 2025, 13:56",WO-143408092107774685,SPAREPART,87eede8f-1064-4c4e-912d-9319aa96d5b0,Brake Pad H3 FR / RR H3,"26,000",0,2,0,0,2,0,NEW_ONBOARDING,APPLIED,GEN-F0130-001-N-NE,"1,075",STORING,Pondok Indah,Service Advisor PI,B 4818 SVR,"421,967"
"Sep 20, 2025, 13:54",WO-143443091058072285,SPAREPART,87eede8f-1064-4c4e-912d-9319aa96d5b0,Brake Pad H3 FR / RR H3,"26,000",0,2,0,0,2,0,NEW_ONBOARDING,APPLIED,GEN-F0130-001-N-NE,"1,075",STORING,Pondok Indah,Service Advisor PI,B 4219 SVP,"630,613"
"Sep 20, 2025, 13:53",WO-143425988867452981,SPAREPART,d09f6b27-05e3-429e-8d59-5978689af06f,USB charging port H3,"12,627",0,1,0,0,1,0,NEW_ONBOARDING,APPLIED,H3A-E40010-001-N-NE,871,STORING,Pondok Indah,Service Advisor PI,B 4073 SWD,"34,567"
"Sep 20, 2025, 13:52",WO-144006315772000711,SPAREPART,0e63dd11-3dfb-40f2-9820-7fc9cc0b12bc,Front fork bearings H3,"42,021","42,021",1,0,0,1,"42,021",NOT_COVERED,APPLIED,GEN-F0100-001-F-NE,849,STORING,Pondok Indah,Muhammad Syafrizal,B 4568 SVV,"3,467"
"Sep 20, 2025, 13:52",WO-144006315772000711,SPAREPART,87eede8f-1064-4c4e-912d-9319aa96d5b0,Brake Pad H3 FR / RR H3,"26,000","26,000",1,0,0,1,"26,000",NOT_COVERED,APPLIED,GEN-F0130-001-N-NE,"1,075",STORING,Pondok Indah,Muhammad Syafrizal,B 4568 SVV,"3,467"
"Sep 20, 2025, 13:52",WO-143451375328565981,SPAREPART,87eede8f-1064-4c4e-912d-9319aa96d5b0,Brake Pad H3 FR / RR H3,"26,000",0,2,0,0,2,0,NEW_ONBOARDING,APPLIED,GEN-F0130-001-N-NE,"1,075",STORING,Pondok Indah,Service Advisor PI,B 4833 SWC,"4,567"
"Sep 20, 2025, 13:50",WO-143298882565053149,SPAREPART,87eede8f-1064-4c4e-912d-9319aa96d5b0,Brake Pad H3 FR / RR H3,"26,000",0,2,0,0,2,0,NEW_ONBOARDING,APPLIED,GEN-F0130-001-N-NE,"1,075",STORING,Pondok Indah,Service Advisor PI,B 4980 SWC,"111,497"
"Sep 20, 2025, 13:43",WO-144022298838481351,SPAREPART,d09f6b27-05e3-429e-8d59-5978689af06f,USB charging port H3,"12,627",0,1,0,0,1,0,NOT_COVERED,APPLIED,H3A-E40010-001-N-NE,871,REGULAR,Kembangan,Irawan,B 4191 SWB,"11,665"
"Sep 20, 2025, 13:37",WO-144022667652020679,SPAREPART,87eede8f-1064-4c4e-912d-9319aa96d5b0,Brake Pad H3 FR / RR H3,"26,000",0,1,0,0,1,0,PREVIOUS_SERVICE,APPLIED,GEN-F0130-001-N-NE,"1,075",REGULAR,Depok,rizki nuriman,B 4292 SVV,"212,633"
"Sep 20, 2025, 13:33",WO-144020893864066144,SPAREPART,87eede8f-1064-4c4e-912d-9319aa96d5b0,Brake Pad H3 FR / RR H3,"26,000",0,1,0,0,1,0,NOT_COVERED,APPLIED,GEN-F0130-001-N-NE,"1,075",REGULAR,Kembangan,Irawan,B 4405 SWE,"3,654"
"Sep 20, 2025, 13:26",WO-143738368566525024,SPAREPART,87eede8f-1064-4c4e-912d-9319aa96d5b0,Brake Pad H3 FR / RR H3,"26,000","26,000",1,0,0,1,"26,000",NOT_COVERED,APPLIED,GEN-F0130-001-N-NE,"1,075",REPO_MAINTENANCE,Bekasi,Affani,B 3713 PWE,"369,697"
"Sep 20, 2025, 13:26",WO-143738368566525024,SPAREPART,ec86c430-e74c-451d-8d93-6d47384acc17,Tire 90/90-12 H3 (KENDA) H3,"100,000","100,000",1,0,0,1,"100,000",NOT_COVERED,APPLIED,GEN-F0500-001-N-MA,"1,741",REPO_MAINTENANCE,Bekasi,Affani,B 3713 PWE,"369,697"
"Sep 20, 2025, 13:25",WO-144019972526488007,SPAREPART,87eede8f-1064-4c4e-912d-9319aa96d5b0,Brake Pad H3 FR / RR H3,"26,000",0,1,0,0,1,0,NOT_COVERED,APPLIED,GEN-F0130-001-N-NE,"1,075",REGULAR,Kembangan,Irawan,B 3988 PWF,"35,105"
"Sep 20, 2025, 13:19",WO-143929622940122208,SPAREPART,043e40c3-c4bb-46b3-beb0-9df5c34b5175,Throttle H5,"16,882",0,1,0,0,1,0,NOT_COVERED,APPLIED,H5A-F1070-001-N-NE,949,REPO_MAINTENANCE,Pondok Indah,Eka Pitaloka,B 5282 SVL,"90,255"
"Sep 20, 2025, 13:19",WO-143929622940122208,SPAREPART,d625acb9-40c7-43a1-9f20-99489c41ef5f,Front disc brake disc H3,"56,580",0,1,0,0,1,0,NOT_COVERED,APPLIED,GEN-F0140-001-F-NE,853,REPO_MAINTENANCE,Pondok Indah,Eka Pitaloka,B 5282 SVL,"90,255"
"Sep 20, 2025, 13:14",WO-144020301561232480,SPAREPART,ec86c430-e74c-451d-8d93-6d47384acc17,Tire 90/90-12 H3 (KENDA) H3,"100,000","100,000",1,0,0,1,"100,000",NOT_COVERED,APPLIED,GEN-F0500-001-N-MA,"1,741",STORING,Pondok Indah,Dani Setiawan,B 4099 SVP,"35,009"
"Sep 20, 2025, 12:48",WO-143467468403306549,SPAREPART,87eede8f-1064-4c4e-912d-9319aa96d5b0,Brake Pad H3 FR / RR H3,"26,000",0,2,0,0,2,0,NEW_ONBOARDING,APPLIED,GEN-F0130-001-N-NE,"1,075",URGENT,Pondok Indah,Service Advisor PI,B 4104 SVP,"45,509"
"Sep 20, 2025, 12:46",WO-143285241950247645,SPAREPART,79e0bbc0-0b87-4142-8e3f-0b3ccdc86641,Brake Pad Kit H5 -2-01 (Canvas Rem) H5,"28,500",0,1,0,0,1,0,NEW_ONBOARDING,APPLIED,GEN-F1140-001-R-NE,"1,759",STORING,Pondok Indah,Service Advisor PI,B 4066 SVO,"45,687"
"Sep 20, 2025, 12:46",WO-143285241950247645,SPAREPART,fa116921-3f09-44e1-b709-86b1780d9253,Brake Pad Kit H5 -1-01 (Canvas Rem) H5,"39,500",0,1,0,0,1,0,NEW_ONBOARDING,APPLIED,GEN-F1130-001-F-NE,"1,758",STORING,Pondok Indah,Service Advisor PI,B 4066 SVO,"45,687"
"Sep 20, 2025, 12:43",WO-143284349737900765,SPAREPART,87eede8f-1064-4c4e-912d-9319aa96d5b0,Brake Pad H3 FR / RR H3,"26,000",0,2,0,0,2,0,NEW_ONBOARDING,APPLIED,GEN-F0130-001-N-NE,"1,075",STORING,Pondok Indah,Service Advisor PI,B 4348 SWE,"23,446"
"Sep 20, 2025, 12:41",WO-143926788110711904,SPAREPART,87eede8f-1064-4c4e-912d-9319aa96d5b0,Brake Pad H3 FR / RR H3,"26,000",0,2,0,0,2,0,NEW_ONBOARDING,APPLIED,GEN-F0130-001-N-NE,"1,075",REPO_MAINTENANCE,Pondok Indah,Jenal,B 4613 SVP,"428,121"
"Sep 20, 2025, 12:39",WO-143938708557576647,SPAREPART,fa116921-3f09-44e1-b709-86b1780d9253,Brake Pad Kit H5 -1-01 (Canvas Rem) H5,"39,500",0,1,0,0,1,0,NEW_ONBOARDING,APPLIED,GEN-F1130-001-F-NE,"1,758",STORING,Pondok Indah,Service Advisor PI,B 4028 SVO,0
"Sep 20, 2025, 12:39",WO-143938708557576647,SPAREPART,79e0bbc0-0b87-4142-8e3f-0b3ccdc86641,Brake Pad Kit H5 -2-01 (Canvas Rem) H5,"28,500",0,1,0,0,1,0,NEW_ONBOARDING,APPLIED,GEN-F1140-001-R-NE,"1,759",STORING,Pondok Indah,Service Advisor PI,B 4028 SVO,0
"Sep 20, 2025, 12:04",WO-144009759832439904,SPAREPART,87eede8f-1064-4c4e-912d-9319aa96d5b0,Brake Pad H3 FR / RR H3,"26,000",0,2,0,0,2,0,NOT_COVERED,APPLIED,GEN-F0130-001-N-NE,"1,075",REGULAR,Kembangan,Irawan,B 4808 SVS,"64,546"
"Sep 20, 2025, 11:47",WO-144001097302849991,SPAREPART,87eede8f-1064-4c4e-912d-9319aa96d5b0,Brake Pad H3 FR / RR H3,"26,000",0,1,0,0,1,0,NOT_COVERED,APPLIED,GEN-F0130-001-N-NE,"1,075",STORING,Pondok Indah,Service Advisor PI,B 3441 PWG,"178,173"
"Sep 20, 2025, 11:45",WO-143985680198973895,SPAREPART,9ae448db-156e-4e8b-8980-6f520521c921,Speed control handle cable H3,"16,169","49,000",1,0,0,1,"49,000",NOT_COVERED,APPLIED,H3A-E70090-001-N-BL,857,STORING,Pondok Indah,Service Advisor PI,B 3475 PWE,"652,829"
"Sep 20, 2025, 11:37",WO-143998262775429575,SPAREPART,6f887a0a-e2ae-4556-afe9-b554bb26559f,Headlight H3,"100,000",0,1,0,0,1,0,NOT_COVERED,APPLIED,H3A-E60030-001-N-NE,821,STORING,Pondok Indah,Service Advisor PI,B 4466 SVT,"45,678"
"Sep 20, 2025, 11:32",WO-144010015466895815,SPAREPART,79e0bbc0-0b87-4142-8e3f-0b3ccdc86641,Brake Pad Kit H5 -2-01 (Canvas Rem) H5,"28,500",0,1,0,0,1,0,PREVIOUS_SERVICE,APPLIED,GEN-F1140-001-R-NE,"1,759",REGULAR,Depok,rizki nuriman,B 5277 SVL,220
"Sep 20, 2025, 11:32",WO-144010015466895815,SPAREPART,fa116921-3f09-44e1-b709-86b1780d9253,Brake Pad Kit H5 -1-01 (Canvas Rem) H5,"39,500",0,1,0,0,1,0,PREVIOUS_SERVICE,APPLIED,GEN-F1130-001-F-NE,"1,758",REGULAR,Depok,rizki nuriman,B 5277 SVL,220
"Sep 20, 2025, 11:30",WO-143928239490890848,SPAREPART,24f4995a-befd-4ad6-a490-c6318261742f,Cover Plat Nomer H3,"18,500",0,1,0,0,1,0,NOT_COVERED,APPLIED,GEN-A0140-001-N-MA,"1,738",REPO_MAINTENANCE,Pondok Indah,Eka Pitaloka,B 4279 SVP,"36,418"
"Sep 20, 2025, 11:29",WO-143928239490890848,SPAREPART,87eede8f-1064-4c4e-912d-9319aa96d5b0,Brake Pad H3 FR / RR H3,"26,000",0,2,0,0,2,0,NOT_COVERED,APPLIED,GEN-F0130-001-N-NE,"1,075",REPO_MAINTENANCE,Pondok Indah,Eka Pitaloka,B 4279 SVP,"36,418"
"Sep 20, 2025, 11:29",WO-143928239490890848,SPAREPART,ec86c430-e74c-451d-8d93-6d47384acc17,Tire 90/90-12 H3 (KENDA) H3,"100,000",0,1,0,0,1,0,NOT_COVERED,APPLIED,GEN-F0500-001-N-MA,"1,741",REPO_MAINTENANCE,Pondok Indah,Eka Pitaloka,B 4279 SVP,"36,418"
"Sep 20, 2025, 11:26",WO-144005322560797792,SPAREPART,87eede8f-1064-4c4e-912d-9319aa96d5b0,Brake Pad H3 FR / RR H3,"26,000",0,1,0,0,1,0,NOT_COVERED,APPLIED,GEN-F0130-001-N-NE,"1,075",REGULAR,Kembangan,Intan melina,B 5225 BWJ,"29,394"
"Sep 20, 2025, 11:22",WO-143998144730922080,SPAREPART,79e0bbc0-0b87-4142-8e3f-0b3ccdc86641,Brake Pad Kit H5 -2-01 (Canvas Rem) H5,"28,500",0,1,0,0,1,0,NOT_COVERED,APPLIED,GEN-F1140-001-R-NE,"1,759",STORING,Pondok Indah,Service Advisor PI,B 4782 SVN,"4,568"
"Sep 20, 2025, 11:19",WO-144008748317325767,SPAREPART,79e0bbc0-0b87-4142-8e3f-0b3ccdc86641,Brake Pad Kit H5 -2-01 (Canvas Rem) H5,"28,500",0,1,0,0,1,0,NOT_COVERED,APPLIED,GEN-F1140-001-R-NE,"1,759",REGULAR,Bekasi,Service Advisor Bekasi,B 4887 SVN,"70,523"
"Sep 20, 2025, 11:19",WO-144008748317325767,SPAREPART,fa116921-3f09-44e1-b709-86b1780d9253,Brake Pad Kit H5 -1-01 (Canvas Rem) H5,"39,500",0,1,0,0,1,0,NOT_COVERED,APPLIED,GEN-F1130-001-F-NE,"1,758",REGULAR,Bekasi,Service Advisor Bekasi,B 4887 SVN,"70,523"
"Sep 20, 2025, 11:09",WO-143897365755990972,SPAREPART,0e63dd11-3dfb-40f2-9820-7fc9cc0b12bc,Front fork bearings H3,"42,021",0,1,0,0,1,0,NOT_COVERED,APPLIED,GEN-F0100-001-F-NE,849,WALK_IN_MAINTENANCE,Pondok Indah,Service Advisor PI,B 4855 SVT,"44,490"
"Sep 20, 2025, 11:09",WO-143897365755990972,SPAREPART,87eede8f-1064-4c4e-912d-9319aa96d5b0,Brake Pad H3 FR / RR H3,"26,000",0,2,0,0,2,0,NOT_COVERED,APPLIED,GEN-F0130-001-N-NE,"1,075",WALK_IN_MAINTENANCE,Pondok Indah,Service Advisor PI,B 4855 SVT,"44,490"
"Sep 20, 2025, 11:09",WO-144006663966341575,SPAREPART,87eede8f-1064-4c4e-912d-9319aa96d5b0,Brake Pad H3 FR / RR H3,"26,000",0,2,0,0,2,0,NOT_COVERED,APPLIED,GEN-F0130-001-N-NE,"1,075",REGULAR,Kembangan,Irawan,B 3982 PWF,"28,086"
"Sep 20, 2025, 11:07",WO-144007503716334023,SPAREPART,87eede8f-1064-4c4e-912d-9319aa96d5b0,Brake Pad H3 FR / RR H3,"26,000",0,1,0,0,1,0,NOT_COVERED,APPLIED,GEN-F0130-001-N-NE,"1,075",REGULAR,Bekasi,Service Advisor Bekasi,B 4621 SWA,"164,215"
"Sep 20, 2025, 11:05",WO-144007290662468039,SPAREPART,87eede8f-1064-4c4e-912d-9319aa96d5b0,Brake Pad H3 FR / RR H3,"26,000",0,2,0,0,2,0,NEW_ONBOARDING,APPLIED,GEN-F0130-001-N-NE,"1,075",STORING,Pondok Indah,Muhammad Syafrizal,B 4653 SVR,"69,218"
"Sep 20, 2025, 11:00",WO-143930054601112672,SPAREPART,069469fe-d5a5-435c-9b96-b9b3a36a8f3d,Double-stand cushion rubber H3,"2,392",0,1,0,0,1,0,NEW_ONBOARDING,APPLIED,H3A-F0440-001-N-NE,815,REPO_MAINTENANCE,Pondok Indah,Muhammad Renaldi Filriski,B 4767 SVP,"32,238"
"Sep 20, 2025, 11:00",WO-143930054601112672,SPAREPART,87eede8f-1064-4c4e-912d-9319aa96d5b0,Brake Pad H3 FR / RR H3,"26,000",0,2,0,0,2,0,NEW_ONBOARDING,APPLIED,GEN-F0130-001-N-NE,"1,075",REPO_MAINTENANCE,Pondok Indah,Muhammad Renaldi Filriski,B 4767 SVP,"32,238"
"Sep 20, 2025, 11:00",WO-143930054601112672,SPAREPART,ec86c430-e74c-451d-8d93-6d47384acc17,Tire 90/90-12 H3 (KENDA) H3,"100,000",0,2,0,0,2,0,NEW_ONBOARDING,APPLIED,GEN-F0500-001-N-MA,"1,741",REPO_MAINTENANCE,Pondok Indah,Muhammad Renaldi Filriski,B 4767 SVP,"32,238"
"Sep 20, 2025, 11:00",WO-143987064101190087,SPAREPART,87eede8f-1064-4c4e-912d-9319aa96d5b0,Brake Pad H3 FR / RR H3,"26,000",0,1,0,0,1,0,NOT_COVERED,APPLIED,GEN-F0130-001-N-NE,"1,075",STORING,Pondok Indah,Eka Pitaloka,B 3651 PWE,"45,678"
"Sep 20, 2025, 10:55",WO-143929622940122208,SPAREPART,87eede8f-1064-4c4e-912d-9319aa96d5b0,Brake Pad H3 FR / RR H3,"26,000",0,1,0,0,1,0,NOT_COVERED,APPLIED,GEN-F0130-001-N-NE,"1,075",REPO_MAINTENANCE,Pondok Indah,Eka Pitaloka,B 5282 SVL,"90,255"
"Sep 20, 2025, 10:54",WO-143993674911496647,SPAREPART,ec86c430-e74c-451d-8d93-6d47384acc17,Tire 90/90-12 H3 (KENDA) H3,"100,000","100,000",1,0,0,1,"100,000",NOT_COVERED,APPLIED,GEN-F0500-001-N-MA,"1,741",STORING,Pondok Indah,Dani Setiawan,B 4632 SVT,"45,678"
"Sep 20, 2025, 10:52",WO-143994327108975712,SPAREPART,fa116921-3f09-44e1-b709-86b1780d9253,Brake Pad Kit H5 -1-01 (Canvas Rem) H5,"39,500",0,1,0,0,1,0,NOT_COVERED,APPLIED,GEN-F1130-001-F-NE,"1,758",STORING,Pondok Indah,Eka Pitaloka,B 4717 SVN,"83,333"
"Sep 20, 2025, 10:52",WO-143994327108975712,SPAREPART,79e0bbc0-0b87-4142-8e3f-0b3ccdc86641,Brake Pad Kit H5 -2-01 (Canvas Rem) H5,"28,500",0,1,0,0,1,0,NOT_COVERED,APPLIED,GEN-F1140-001-R-NE,"1,759",STORING,Pondok Indah,Eka Pitaloka,B 4717 SVN,"83,333"
"Sep 20, 2025, 10:52",WO-143994327108975712,SPAREPART,d817abf8-0b63-4932-8312-589963fffb97,Front and rear linkage disc assembly H5,"100,000","100,000",1,0,0,1,"100,000",NOT_COVERED,APPLIED,H5A-F2380-001-F-NE,975,STORING,Pondok Indah,Eka Pitaloka,B 4717 SVN,"83,333"
"Sep 20, 2025, 10:52",WO-143926941924243911,SPAREPART,87eede8f-1064-4c4e-912d-9319aa96d5b0,Brake Pad H3 FR / RR H3,"26,000",0,1,0,0,1,0,NOT_COVERED,APPLIED,GEN-F0130-001-N-NE,"1,075",REPO_MAINTENANCE,Pondok Indah,Service Advisor PI,B 4392 SWA,"4,552"
"Sep 20, 2025, 10:47",WO-143875549570301024,SPAREPART,0e63dd11-3dfb-40f2-9820-7fc9cc0b12bc,Front fork bearings H3,"42,021",0,1,0,0,1,0,NOT_COVERED,APPLIED,GEN-F0100-001-F-NE,849,REPO_MAINTENANCE,Pondok Indah,Eka Pitaloka,B 5068 SVL,"38,714"
"Sep 20, 2025, 10:47",WO-143875549570301024,SPAREPART,87eede8f-1064-4c4e-912d-9319aa96d5b0,Brake Pad H3 FR / RR H3,"26,000",0,2,0,0,2,0,NOT_COVERED,APPLIED,GEN-F0130-001-N-NE,"1,075",REPO_MAINTENANCE,Pondok Indah,Eka Pitaloka,B 5068 SVL,"38,714"
"Sep 20, 2025, 10:40",WO-144000866532228192,SPAREPART,3cb2a551-8898-476b-a8a5-0a016d76e96b,The rear disc brake assembly has no logo H3,"210,128",0,1,0,0,1,0,NOT_COVERED,APPLIED,H3A-F0220-001-R-NE,851,STORING,Pondok Indah,Service Advisor PI,B 4538 SVV,"44,648"
"Sep 20, 2025, 10:40",WO-144000866532228192,SPAREPART,87eede8f-1064-4c4e-912d-9319aa96d5b0,Brake Pad H3 FR / RR H3,"26,000",0,1,0,0,1,0,NOT_COVERED,APPLIED,GEN-F0130-001-N-NE,"1,075",STORING,Pondok Indah,Service Advisor PI,B 4538 SVV,"44,648"
"Sep 20, 2025, 10:39",WO-143764871618499516,SPAREPART,1ac25aee-ff64-497d-a915-e4617a1892ae,Bearing Nachi 6201 H3,"13,967",0,1,0,0,1,0,NOT_COVERED,APPLIED,GEN-F0060-001-F-NE,"1,735",REPO_MAINTENANCE,Pondok Indah,Eka Pitaloka,B 5306 SVL,297
"Sep 20, 2025, 10:32",WO-143892781012620220,SPAREPART,24f4995a-befd-4ad6-a490-c6318261742f,Cover Plat Nomer H3,"18,500",0,1,0,0,1,0,NOT_COVERED,APPLIED,GEN-A0140-001-N-MA,"1,738",WALK_IN_MAINTENANCE,Pondok Indah,Service Advisor PI,B 4573 SVT,"42,362"
"Sep 20, 2025, 10:32",WO-143892781012620220,SPAREPART,0e63dd11-3dfb-40f2-9820-7fc9cc0b12bc,Front fork bearings H3,"42,021",0,1,0,0,1,0,NOT_COVERED,APPLIED,GEN-F0100-001-F-NE,849,WALK_IN_MAINTENANCE,Pondok Indah,Service Advisor PI,B 4573 SVT,"42,362"
"Sep 20, 2025, 10:32",WO-143892781012620220,SPAREPART,1ac25aee-ff64-497d-a915-e4617a1892ae,Bearing Nachi 6201 H3,"13,967",0,1,0,0,1,0,NOT_COVERED,APPLIED,GEN-F0060-001-F-NE,"1,735",WALK_IN_MAINTENANCE,Pondok Indah,Service Advisor PI,B 4573 SVT,"42,362"
"Sep 20, 2025, 10:32",WO-143892781012620220,SPAREPART,87eede8f-1064-4c4e-912d-9319aa96d5b0,Brake Pad H3 FR / RR H3,"26,000",0,1,0,0,1,0,NOT_COVERED,APPLIED,GEN-F0130-001-N-NE,"1,075",WALK_IN_MAINTENANCE,Pondok Indah,Service Advisor PI,B 4573 SVT,"42,362"
"Sep 20, 2025, 10:27",WO-144001458465963104,SPAREPART,d09f6b27-05e3-429e-8d59-5978689af06f,USB charging port H3,"12,627","39,000",1,0,0,1,"39,000",NOT_COVERED,APPLIED,H3A-E40010-001-N-NE,871,REGULAR,Kembangan,Intan melina,B 4360 SVR,"51,896"
"Sep 20, 2025, 10:27",WO-144001458465963104,SPAREPART,87eede8f-1064-4c4e-912d-9319aa96d5b0,Brake Pad H3 FR / RR H3,"26,000",0,1,0,0,1,0,NOT_COVERED,APPLIED,GEN-F0130-001-N-NE,"1,075",REGULAR,Kembangan,Intan melina,B 4360 SVR,"51,896"
"Sep 20, 2025, 10:18",WO-143889103782444128,SPAREPART,87eede8f-1064-4c4e-912d-9319aa96d5b0,Brake Pad H3 FR / RR H3,"26,000",0,2,0,0,2,0,NOT_COVERED,APPLIED,GEN-F0130-001-N-NE,"1,075",WALK_IN_MAINTENANCE,Pondok Indah,Eka Pitaloka,B 4520 SVR,"49,603"
"Sep 20, 2025, 10:18",WO-143889103782444128,SPAREPART,c52ca52a-85ef-43ad-8637-a9a65142da16,Rear disc brake disc H3,"26,519",0,1,0,0,1,0,NOT_COVERED,APPLIED,GEN-F0190-001-R-NE,854,WALK_IN_MAINTENANCE,Pondok Indah,Eka Pitaloka,B 4520 SVR,"49,603"
"Sep 20, 2025, 10:12",WO-143214229766281949,SPAREPART,2a5242b1-6585-4471-b297-f3a03b0140ea,Front Controller H5,"100,000",0,1,0,0,1,0,NOT_COVERED,APPLIED,H5A-E30030-001-F-NE,"1,757",REPO_MAINTENANCE,Pondok Indah,Service Advisor PI,B 4487 SVL,"92,147"
"Sep 20, 2025, 10:12",WO-143214229766281949,SPAREPART,7429bc57-bb65-4afc-9756-811a1cb9a922,"Wires, Motor 4# ham with ears (+ backing bracket state) ham H5",0,0,1,0,0,1,0,NOT_COVERED,APPLIED,H5A-E20040-001-N-NE,957,REPO_MAINTENANCE,Pondok Indah,Service Advisor PI,B 4487 SVL,"92,147"
"Sep 20, 2025, 10:12",WO-143214229766281949,SPAREPART,fa116921-3f09-44e1-b709-86b1780d9253,Brake Pad Kit H5 -1-01 (Canvas Rem) H5,"39,500",0,2,0,0,2,0,NOT_COVERED,APPLIED,GEN-F1130-001-F-NE,"1,758",REPO_MAINTENANCE,Pondok Indah,Service Advisor PI,B 4487 SVL,"92,147"
"Sep 20, 2025, 10:06",WO-144001442175302087,SPAREPART,d09f6b27-05e3-429e-8d59-5978689af06f,USB charging port H3,"12,627",0,1,0,0,1,0,NEW_ONBOARDING,APPLIED,H3A-E40010-001-N-NE,871,REGULAR,Bekasi,Affani,B 4095 SVT,"563,244"
"Sep 20, 2025, 10:05",WO-143997385377364423,SPAREPART,87eede8f-1064-4c4e-912d-9319aa96d5b0,Brake Pad H3 FR / RR H3,"26,000",0,1,0,0,1,0,NOT_COVERED,APPLIED,GEN-F0130-001-N-NE,"1,075",REGULAR,Kembangan,Irawan,B 4386 SWA,"13,688"
"Sep 20, 2025, 10:04",WO-143994712682953824,SPAREPART,d817abf8-0b63-4932-8312-589963fffb97,Front and rear linkage disc assembly H5,"100,000",0,1,0,0,1,0,NOT_COVERED,APPLIED,H5A-F2380-001-F-NE,975,STORING,Pondok Indah,Service Advisor PI,B 4828 SVN,"45,678"
"Sep 20, 2025, 10:04",WO-143927827794787424,SPAREPART,0e63dd11-3dfb-40f2-9820-7fc9cc0b12bc,Front fork bearings H3,"42,021",0,1,0,0,1,0,NOT_COVERED,APPLIED,GEN-F0100-001-F-NE,849,REPO_MAINTENANCE,Pondok Indah,Eka Pitaloka,B 4686 SVP,"69,951"
"Sep 20, 2025, 09:57",WO-143994833260805216,SPAREPART,bee005c3-94a0-433e-bce9-dc90c92b2a08,Power cable H5,"100,000",0,1,0,0,1,0,NOT_COVERED,APPLIED,H5A-E30040-001-N-NE,964,STORING,Pondok Indah,Service Advisor PI,B 4028 SVO,"4,577"
"Sep 20, 2025, 09:56",WO-143998144680606151,SPAREPART,87eede8f-1064-4c4e-912d-9319aa96d5b0,Brake Pad H3 FR / RR H3,"26,000",0,1,0,0,1,0,NOT_COVERED,APPLIED,GEN-F0130-001-N-NE,"1,075",REGULAR,Bekasi,Service Advisor Bekasi,B 4417 SVR,"648,555"
"Sep 20, 2025, 09:53",WO-143997003343378887,SPAREPART,d817abf8-0b63-4932-8312-589963fffb97,Front and rear linkage disc assembly H5,"100,000","100,000",1,0,0,1,"100,000",NOT_COVERED,APPLIED,H5A-F2380-001-F-NE,975,REGULAR,Kembangan,Andi hidayat,B 5238 SVL,"11,605"
"Sep 20, 2025, 09:52",WO-143895964640377952,SPAREPART,d625acb9-40c7-43a1-9f20-99489c41ef5f,Front disc brake disc H3,"56,580",0,1,0,0,1,0,NOT_COVERED,APPLIED,GEN-F0140-001-F-NE,853,REPO_MAINTENANCE,Pondok Indah,Eka Pitaloka,B 4467 SVP,"39,299"
"Sep 20, 2025, 09:38",WO-143995076899551687,SPAREPART,ec86c430-e74c-451d-8d93-6d47384acc17,Tire 90/90-12 H3 (KENDA) H3,"100,000","100,000",1,0,0,1,"100,000",NOT_COVERED,APPLIED,GEN-F0500-001-N-MA,"1,741",REGULAR,Kembangan,Intan melina,B 4875 SVS,"55,267"
"Sep 20, 2025, 09:38",WO-143995076899551687,SPAREPART,87eede8f-1064-4c4e-912d-9319aa96d5b0,Brake Pad H3 FR / RR H3,"26,000",0,1,0,0,1,0,NOT_COVERED,APPLIED,GEN-F0130-001-N-NE,"1,075",REGULAR,Kembangan,Intan melina,B 4875 SVS,"55,267"
"Sep 20, 2025, 09:36",WO-143895964640377952,SPAREPART,1ac25aee-ff64-497d-a915-e4617a1892ae,Bearing Nachi 6201 H3,"13,967",0,1,0,0,1,0,NOT_COVERED,APPLIED,GEN-F0060-001-F-NE,"1,735",REPO_MAINTENANCE,Pondok Indah,Eka Pitaloka,B 4467 SVP,"39,299"
"Sep 20, 2025, 09:36",WO-143895964640377952,SPAREPART,87eede8f-1064-4c4e-912d-9319aa96d5b0,Brake Pad H3 FR / RR H3,"26,000",0,1,0,0,1,0,NOT_COVERED,APPLIED,GEN-F0130-001-N-NE,"1,075",REPO_MAINTENANCE,Pondok Indah,Eka Pitaloka,B 4467 SVP,"39,299"
"Sep 20, 2025, 09:33",WO-143893401501203552,SPAREPART,5075f880-8de8-488e-9bca-4db3d05c3583,Brake pad Front H1 - Fr H1,"26,000",0,1,0,0,1,0,NOT_COVERED,APPLIED,GEN-F1280-001-N-NE,"1,789",WALK_IN_MAINTENANCE,Pondok Indah,Eka Pitaloka,B 4853 SWD,"1,514"
"Sep 20, 2025, 09:31",WO-143739020579443644,SPAREPART,d625acb9-40c7-43a1-9f20-99489c41ef5f,Front disc brake disc H3,"56,580",0,1,0,0,1,0,NOT_COVERED,APPLIED,GEN-F0140-001-F-NE,853,WALK_IN_MAINTENANCE,Pondok Indah,Eka Pitaloka,B 4746 SVT,"34,430"
"Sep 20, 2025, 09:31",WO-143739020579443644,SPAREPART,1ac25aee-ff64-497d-a915-e4617a1892ae,Bearing Nachi 6201 H3,"13,967",0,1,0,0,1,0,NOT_COVERED,APPLIED,GEN-F0060-001-F-NE,"1,735",WALK_IN_MAINTENANCE,Pondok Indah,Eka Pitaloka,B 4746 SVT,"34,430"
"Sep 20, 2025, 09:31",WO-143739020579443644,SPAREPART,87eede8f-1064-4c4e-912d-9319aa96d5b0,Brake Pad H3 FR / RR H3,"26,000",0,1,0,0,1,0,NOT_COVERED,APPLIED,GEN-F0130-001-N-NE,"1,075",WALK_IN_MAINTENANCE,Pondok Indah,Eka Pitaloka,B 4746 SVT,"34,430"
"Sep 20, 2025, 09:31",WO-143739020579443644,SPAREPART,18749550-126c-431c-a00c-fdd1bafa5068,Right handle bar H3,"16,813",0,1,0,0,1,0,NOT_COVERED,APPLIED,H3A-B0300-001-R-MA,869,WALK_IN_MAINTENANCE,Pondok Indah,Eka Pitaloka,B 4746 SVT,"34,430"
"Sep 20, 2025, 09:31",WO-143739020579443644,SPAREPART,ec86c430-e74c-451d-8d93-6d47384acc17,Tire 90/90-12 H3 (KENDA) H3,"100,000",0,1,0,0,1,0,NOT_COVERED,APPLIED,GEN-F0500-001-N-MA,"1,741",WALK_IN_MAINTENANCE,Pondok Indah,Eka Pitaloka,B 4746 SVT,"34,430"
"Sep 20, 2025, 09:28",WO-143750451702010812,SPAREPART,1ac25aee-ff64-497d-a915-e4617a1892ae,Bearing Nachi 6201 H3,"13,967",0,1,0,0,1,0,NOT_COVERED,APPLIED,GEN-F0060-001-F-NE,"1,735",WALK_IN_MAINTENANCE,Pondok Indah,Eka Pitaloka,B 4252 SVT,"35,877"
"Sep 20, 2025, 09:28",WO-143750451702010812,SPAREPART,87eede8f-1064-4c4e-912d-9319aa96d5b0,Brake Pad H3 FR / RR H3,"26,000",0,2,0,0,2,0,NOT_COVERED,APPLIED,GEN-F0130-001-N-NE,"1,075",WALK_IN_MAINTENANCE,Pondok Indah,Eka Pitaloka,B 4252 SVT,"35,877"
"Sep 20, 2025, 09:23",WO-143996889140853856,SPAREPART,87eede8f-1064-4c4e-912d-9319aa96d5b0,Brake Pad H3 FR / RR H3,"26,000",0,1,0,0,1,0,NOT_COVERED,APPLIED,GEN-F0130-001-N-NE,"1,075",REGULAR,Depok,Aji Fadilah,B 4849 SVS,"32,328"
"Sep 20, 2025, 09:23",WO-143996889140853856,SPAREPART,b9d1544b-4822-4e87-8c8a-ad3eccb9bf75,Rear mirror H3,"26,000","100,000",1,0,0,1,"100,000",NOT_COVERED,APPLIED,GEN-A0050-001-R-NE,859,REGULAR,Depok,Aji Fadilah,B 4849 SVS,"32,328"
"Sep 20, 2025, 09:22",WO-143927567127198151,SPAREPART,d625acb9-40c7-43a1-9f20-99489c41ef5f,Front disc brake disc H3,"56,580",0,1,0,0,1,0,NOT_COVERED,APPLIED,GEN-F0140-001-F-NE,853,REPO_MAINTENANCE,Pondok Indah,Eka Pitaloka,B 4176 SVO,"39,832"
"Sep 20, 2025, 09:22",WO-143927567127198151,SPAREPART,24f4995a-befd-4ad6-a490-c6318261742f,Cover Plat Nomer H3,"18,500",0,1,0,0,1,0,NOT_COVERED,APPLIED,GEN-A0140-001-N-MA,"1,738",REPO_MAINTENANCE,Pondok Indah,Eka Pitaloka,B 4176 SVO,"39,832"
"Sep 20, 2025, 09:22",WO-143927567127198151,SPAREPART,ec86c430-e74c-451d-8d93-6d47384acc17,Tire 90/90-12 H3 (KENDA) H3,"100,000",0,1,0,0,1,0,NOT_COVERED,APPLIED,GEN-F0500-001-N-MA,"1,741",REPO_MAINTENANCE,Pondok Indah,Eka Pitaloka,B 4176 SVO,"39,832"
"Sep 20, 2025, 09:21",WO-143853807992863840,SPAREPART,1ac25aee-ff64-497d-a915-e4617a1892ae,Bearing Nachi 6201 H3,"13,967",0,1,0,0,1,0,NOT_COVERED,APPLIED,GEN-F0060-001-F-NE,"1,735",WALK_IN_MAINTENANCE,Pondok Indah,Eka Pitaloka,B 4462 SVR,"44,392"
"Sep 20, 2025, 09:21",WO-143853807992863840,SPAREPART,ec86c430-e74c-451d-8d93-6d47384acc17,Tire 90/90-12 H3 (KENDA) H3,"100,000",0,1,0,0,1,0,NOT_COVERED,APPLIED,GEN-F0500-001-N-MA,"1,741",WALK_IN_MAINTENANCE,Pondok Indah,Eka Pitaloka,B 4462 SVR,"44,392"
"Sep 20, 2025, 09:21",WO-143853807992863840,SPAREPART,87eede8f-1064-4c4e-912d-9319aa96d5b0,Brake Pad H3 FR / RR H3,"26,000",0,2,0,0,2,0,NOT_COVERED,APPLIED,GEN-F0130-001-N-NE,"1,075",WALK_IN_MAINTENANCE,Pondok Indah,Eka Pitaloka,B 4462 SVR,"44,392"
"Sep 20, 2025, 09:21",WO-143853807992863840,SPAREPART,0e63dd11-3dfb-40f2-9820-7fc9cc0b12bc,Front fork bearings H3,"42,021",0,1,0,0,1,0,NOT_COVERED,APPLIED,GEN-F0100-001-F-NE,849,WALK_IN_MAINTENANCE,Pondok Indah,Eka Pitaloka,B 4462 SVR,"44,392"
"Sep 20, 2025, 09:21",WO-143853807992863840,SPAREPART,6f887a0a-e2ae-4556-afe9-b554bb26559f,Headlight H3,"100,000",0,1,0,0,1,0,NOT_COVERED,APPLIED,H3A-E60030-001-N-NE,821,WALK_IN_MAINTENANCE,Pondok Indah,Eka Pitaloka,B 4462 SVR,"44,392"
"Sep 20, 2025, 09:08",WO-143993433973881952,SPAREPART,87eede8f-1064-4c4e-912d-9319aa96d5b0,Brake Pad H3 FR / RR H3,"26,000",0,2,0,0,2,0,NOT_COVERED,APPLIED,GEN-F0130-001-N-NE,"1,075",STORING,Pondok Indah,Eka Pitaloka,B 4807 SVR,"3,456"
"Sep 20, 2025, 09:02",WO-143929762828564935,SPAREPART,87eede8f-1064-4c4e-912d-9319aa96d5b0,Brake Pad H3 FR / RR H3,"26,000",0,1,0,0,1,0,NOT_COVERED,APPLIED,GEN-F0130-001-N-NE,"1,075",REPO_MAINTENANCE,Pondok Indah,Eka Pitaloka,B 4415 SVR,"42,449"
"Sep 20, 2025, 09:02",WO-143927147344460896,SPAREPART,5075f880-8de8-488e-9bca-4db3d05c3583,Brake pad Front H1 - Fr H1,"26,000",0,1,0,0,1,0,NOT_COVERED,APPLIED,GEN-F1280-001-N-NE,"1,789",REPO_MAINTENANCE,Pondok Indah,Eka Pitaloka,B 4859 SWD,769
"Sep 20, 2025, 08:53",WO-143927827794787424,SPAREPART,ec86c430-e74c-451d-8d93-6d47384acc17,Tire 90/90-12 H3 (KENDA) H3,"100,000",0,1,0,0,1,0,NOT_COVERED,APPLIED,GEN-F0500-001-N-MA,"1,741",REPO_MAINTENANCE,Pondok Indah,Eka Pitaloka,B 4686 SVP,"69,951"
"Sep 20, 2025, 08:53",WO-143927827794787424,SPAREPART,87eede8f-1064-4c4e-912d-9319aa96d5b0,Brake Pad H3 FR / RR H3,"26,000",0,1,0,0,1,0,NOT_COVERED,APPLIED,GEN-F0130-001-N-NE,"1,075",REPO_MAINTENANCE,Pondok Indah,Eka Pitaloka,B 4686 SVP,"69,951"
"Sep 20, 2025, 07:49",WO-143985863875918944,SPAREPART,c52ca52a-85ef-43ad-8637-a9a65142da16,Rear disc brake disc H3,"26,519",0,1,0,0,1,0,NOT_COVERED,APPLIED,GEN-F0190-001-R-NE,854,STORING,Pondok Indah,Service Advisor PI,B 4489 SVP,"619,702"
"Sep 20, 2025, 07:49",WO-143985863875918944,SPAREPART,87eede8f-1064-4c4e-912d-9319aa96d5b0,Brake Pad H3 FR / RR H3,"26,000",0,1,0,0,1,0,NOT_COVERED,APPLIED,GEN-F0130-001-N-NE,"1,075",STORING,Pondok Indah,Service Advisor PI,B 4489 SVP,"619,702"
"Sep 19, 2025, 22:42",WO-143915040334969952,SPAREPART,79e0bbc0-0b87-4142-8e3f-0b3ccdc86641,Brake Pad Kit H5 -2-01 (Canvas Rem) H5,"28,500",0,1,0,0,1,0,NOT_COVERED,APPLIED,GEN-F1140-001-R-NE,"1,759",STORING,Pondok Indah,Eka Pitaloka,B 5056 SVL,"3,073"
"Sep 19, 2025, 22:42",WO-143915040334969952,SPAREPART,fa116921-3f09-44e1-b709-86b1780d9253,Brake Pad Kit H5 -1-01 (Canvas Rem) H5,"39,500",0,1,0,0,1,0,NOT_COVERED,APPLIED,GEN-F1130-001-F-NE,"1,758",STORING,Pondok Indah,Eka Pitaloka,B 5056 SVL,"3,073"
"Sep 19, 2025, 22:33",WO-143927074145467488,SPAREPART,ec86c430-e74c-451d-8d93-6d47384acc17,Tire 90/90-12 H3 (KENDA) H3,"100,000",0,1,0,0,1,0,NOT_COVERED,APPLIED,GEN-F0500-001-N-MA,"1,741",STORING,Pondok Indah,Naufal Rabbani,B 4626 SVO,0
"Sep 19, 2025, 22:33",WO-143927074145467488,SPAREPART,87eede8f-1064-4c4e-912d-9319aa96d5b0,Brake Pad H3 FR / RR H3,"26,000",0,2,0,0,2,0,NOT_COVERED,APPLIED,GEN-F0130-001-N-NE,"1,075",STORING,Pondok Indah,Naufal Rabbani,B 4626 SVO,0
"Sep 19, 2025, 21:45",WO-143917961382493280,SPAREPART,79e0bbc0-0b87-4142-8e3f-0b3ccdc86641,Brake Pad Kit H5 -2-01 (Canvas Rem) H5,"28,500",0,1,0,0,1,0,NOT_COVERED,APPLIED,GEN-F1140-001-R-NE,"1,759",STORING,Pondok Indah,Service Advisor PI,B 5216 SVL,"31,871"
"Sep 19, 2025, 21:45",WO-143919931849750983,SPAREPART,c8adca7b-6d05-4a59-b348-e20f6c5f56d2,Front disc brake assembly B model H1,"100,000",0,1,0,0,1,0,NOT_COVERED,APPLIED,H1A-F1750-001-F-NE,"1,031",STORING,Pondok Indah,Service Advisor PI,B 4413 SWD,"4,921"
"Sep 19, 2025, 21:42",WO-143917961382493280,SPAREPART,999f14b8-db39-41e5-a31a-b5e0b7e8d909,Tires (far star) H5,"100,000","100,000",1,0,0,1,"100,000",NOT_COVERED,APPLIED,GEN-F1090-001-N-NE,982,STORING,Pondok Indah,Service Advisor PI,B 5216 SVL,"31,871"
"Sep 19, 2025, 21:30",WO-143922521647905888,SPAREPART,7aa8d3dc-ff34-4db8-a769-0c1f747b124e,Air tape PVR 70 (10 mm) H5,"3,500","3,500",1,0,0,1,"3,500",NOT_COVERED,APPLIED,GEN-F0430-001-N-NE,"1,755",STORING,Pondok Indah,Ahmad Agus Sudiro Parhusnan Marzuki,B 4524 SVV,"20,854"
"Sep 19, 2025, 21:21",WO-143922521647905888,SPAREPART,87eede8f-1064-4c4e-912d-9319aa96d5b0,Brake Pad H3 FR / RR H3,"26,000","26,000",1,0,0,1,"26,000",NOT_COVERED,APPLIED,GEN-F0130-001-N-NE,"1,075",STORING,Pondok Indah,Ahmad Agus Sudiro Parhusnan Marzuki,B 4524 SVV,"20,854"
"Sep 19, 2025, 21:21",WO-143922521647905888,SPAREPART,ec86c430-e74c-451d-8d93-6d47384acc17,Tire 90/90-12 H3 (KENDA) H3,"135,796","135,796",1,0,0,1,"135,796",NOT_COVERED,APPLIED,GEN-F0500-001-N-MA,"1,741",STORING,Pondok Indah,Ahmad Agus Sudiro Parhusnan Marzuki,B 4524 SVV,"20,854"
"Sep 19, 2025, 20:57",WO-143849772183196604,SPAREPART,79e0bbc0-0b87-4142-8e3f-0b3ccdc86641,Brake Pad Kit H5 -2-01 (Canvas Rem) H5,"28,500",0,1,0,0,1,0,NOT_COVERED,APPLIED,GEN-F1140-001-R-NE,"1,759",STORING,Pondok Indah,Service Advisor PI,B 4420 SWD,"56,789"
"Sep 19, 2025, 20:37",WO-143910635762121824,SPAREPART,79e0bbc0-0b87-4142-8e3f-0b3ccdc86641,Brake Pad Kit H5 -2-01 (Canvas Rem) H5,"28,500",0,1,0,0,1,0,NOT_COVERED,APPLIED,GEN-F1140-001-R-NE,"1,759",STORING,Pondok Indah,Service Advisor PI,B 4190 SVO,0
"Sep 19, 2025, 20:37",WO-143910635762121824,SPAREPART,fa116921-3f09-44e1-b709-86b1780d9253,Brake Pad Kit H5 -1-01 (Canvas Rem) H5,"39,500",0,1,0,0,1,0,NOT_COVERED,APPLIED,GEN-F1130-001-F-NE,"1,758",STORING,Pondok Indah,Service Advisor PI,B 4190 SVO,0
"Sep 19, 2025, 20:28",WO-143919070960450656,SPAREPART,87eede8f-1064-4c4e-912d-9319aa96d5b0,Brake Pad H3 FR / RR H3,"26,000",0,2,0,0,2,0,NOT_COVERED,APPLIED,GEN-F0130-001-N-NE,"1,075",STORING,Pondok Indah,Eka Pitaloka,B 3697 PWE,"39,113"
"Sep 19, 2025, 20:18",WO-143916984831097287,SPAREPART,87eede8f-1064-4c4e-912d-9319aa96d5b0,Brake Pad H3 FR / RR H3,"26,000",0,2,0,0,2,0,NOT_COVERED,APPLIED,GEN-F0130-001-N-NE,"1,075",STORING,Pondok Indah,Service Advisor PI,B 5290 BWJ,"33,023"
"Sep 19, 2025, 20:09",WO-143897055427826620,SPAREPART,9ae448db-156e-4e8b-8980-6f520521c921,Speed control handle cable H3,"16,169",0,1,0,0,1,0,NOT_COVERED,APPLIED,H3A-E70090-001-N-BL,857,STORING,Pondok Indah,Service Advisor PI,B 4668 SVR,0
"Sep 19, 2025, 19:32",WO-143898945347654588,SPAREPART,87eede8f-1064-4c4e-912d-9319aa96d5b0,Brake Pad H3 FR / RR H3,"26,000",0,1,0,0,1,0,NOT_COVERED,APPLIED,GEN-F0130-001-N-NE,"1,075",WALK_IN_MAINTENANCE,Bekasi,Service Advisor Bekasi,B 4789 SVR,"489,751"
"Sep 19, 2025, 19:08",WO-143910352512384096,SPAREPART,87eede8f-1064-4c4e-912d-9319aa96d5b0,Brake Pad H3 FR / RR H3,"26,000",0,2,0,0,2,0,NOT_COVERED,APPLIED,GEN-F0130-001-N-NE,"1,075",STORING,Pondok Indah,Eka Pitaloka,B 3867 PWF,"450,415"
"Sep 19, 2025, 18:25",WO-143906661877185632,SPAREPART,ec86c430-e74c-451d-8d93-6d47384acc17,Tire 90/90-12 H3 (KENDA) H3,"135,796","135,796",1,0,0,1,"135,796",NOT_COVERED,APPLIED,GEN-F0500-001-N-MA,"1,741",REGULAR,Grab - Cakung,Agus Dwi Prasetyo,B 4482 SVV,"25,092"
"Sep 19, 2025, 18:18",WO-143879011750122428,SPAREPART,87eede8f-1064-4c4e-912d-9319aa96d5b0,Brake Pad H3 FR / RR H3,"26,000","26,000",2,0,0,2,"52,000",NOT_COVERED,APPLIED,GEN-F0130-001-N-NE,"1,075",STORING,Pondok Indah,Ahmad Agus Sudiro Parhusnan Marzuki,B 4698 SWC,"3,456"
"Sep 19, 2025, 18:11",WO-143905241132203104,SPAREPART,87eede8f-1064-4c4e-912d-9319aa96d5b0,Brake Pad H3 FR / RR H3,"26,000","26,000",1,0,0,1,"26,000",NOT_COVERED,APPLIED,GEN-F0130-001-N-NE,"1,075",WALK_IN_MAINTENANCE,Grab - Cakung,Agus Dwi Prasetyo,B 3435 PWG,"21,831"
"Sep 19, 2025, 18:08",WO-143888587279045564,SPAREPART,87eede8f-1064-4c4e-912d-9319aa96d5b0,Brake Pad H3 FR / RR H3,"26,000",0,2,0,0,2,0,NOT_COVERED,APPLIED,GEN-F0130-001-N-NE,"1,075",STORING,Pondok Indah,Eka Pitaloka,B 3979 PWF,"46,477"
"Sep 19, 2025, 18:08",WO-143904033961180256,SPAREPART,83ff687a-bfd0-4975-936c-81b8115da6d5,Brake Fluid H3,"24,484","24,484",1,0,0,1,"24,484",NOT_COVERED,APPLIED,GEN-K0050-001-N-NE,"1,737",WALK_IN_MAINTENANCE,Grab - Cakung,Agus Dwi Prasetyo,B 4118 SVV,"28,210"
"Sep 19, 2025, 18:06",WO-143856188579150944,SPAREPART,ec86c430-e74c-451d-8d93-6d47384acc17,Tire 90/90-12 H3 (KENDA) H3,"100,000",0,1,0,0,1,0,NOT_COVERED,APPLIED,GEN-F0500-001-N-MA,"1,741",STORING,Pondok Indah,Service Advisor PI,B 4678 SWB,"3,456"
"Sep 19, 2025, 16:51",WO-143881559169045436,SPAREPART,ec86c430-e74c-451d-8d93-6d47384acc17,Tire 90/90-12 H3 (KENDA) H3,"100,000",0,1,0,0,1,0,NOT_COVERED,APPLIED,GEN-F0500-001-N-MA,"1,741",REPO_MAINTENANCE,Pondok Indah,Eka Pitaloka,B 4701 SVN,"98,427"
"Sep 19, 2025, 16:51",WO-143881559169045436,SPAREPART,1ac25aee-ff64-497d-a915-e4617a1892ae,Bearing Nachi 6201 H3,"13,967",0,1,0,0,1,0,NOT_COVERED,APPLIED,GEN-F0060-001-F-NE,"1,735",REPO_MAINTENANCE,Pondok Indah,Eka Pitaloka,B 4701 SVN,"98,427"
"Sep 19, 2025, 16:51",WO-143881559169045436,SPAREPART,79e0bbc0-0b87-4142-8e3f-0b3ccdc86641,Brake Pad Kit H5 -2-01 (Canvas Rem) H5,"28,500",0,1,0,0,1,0,NOT_COVERED,APPLIED,GEN-F1140-001-R-NE,"1,759",REPO_MAINTENANCE,Pondok Indah,Eka Pitaloka,B 4701 SVN,"98,427"
"Sep 19, 2025, 16:42",WO-143892445082424252,SPAREPART,b9d1544b-4822-4e87-8c8a-ad3eccb9bf75,Rear mirror H3,"26,000","50,000",2,0,0,2,"100,000",NOT_COVERED,APPLIED,GEN-A0050-001-R-NE,859,REGULAR,Bekasi,Service Advisor Bekasi,B 4745 SVT,"457,168"
"Sep 19, 2025, 16:42",WO-143892445082424252,SPAREPART,87eede8f-1064-4c4e-912d-9319aa96d5b0,Brake Pad H3 FR / RR H3,"26,000",0,2,0,0,2,0,NOT_COVERED,APPLIED,GEN-F0130-001-N-NE,"1,075",REGULAR,Bekasi,Service Advisor Bekasi,B 4745 SVT,"457,168"
"Sep 19, 2025, 16:32",WO-143893274833222752,SPAREPART,87eede8f-1064-4c4e-912d-9319aa96d5b0,Brake Pad H3 FR / RR H3,"26,000",0,1,0,0,1,0,NOT_COVERED,APPLIED,GEN-F0130-001-N-NE,"1,075",REGULAR,Kembangan,Irawan,B 4052 SVT,"38,062"
"Sep 19, 2025, 16:31",WO-143895217601281120,SPAREPART,100f831b-2f8a-450d-b561-f652c2f6d14c,Smart lock (GO PLUS) H5,"100,000","100,000",1,0,0,1,"100,000",NOT_COVERED,APPLIED,H5A-E70130-001-N-NE,944,STORING,Pondok Indah,Service Advisor PI,B 4961 SVN,"68,955"
"Sep 19, 2025, 16:15",WO-143892445082424252,SPAREPART,0e63dd11-3dfb-40f2-9820-7fc9cc0b12bc,Front fork bearings H3,"42,021","100,000",1,0,0,1,"100,000",NOT_COVERED,APPLIED,GEN-F0100-001-F-NE,849,REGULAR,Bekasi,Service Advisor Bekasi,B 4745 SVT,"457,168"
"Sep 19, 2025, 16:15",WO-143892445082424252,SPAREPART,e0402ad2-4c70-44c0-b2a2-8bccaf20ce7b,Steering rack assembly 6.42±0.04kg H3,"100,000","100,000",1,0,0,1,"100,000",NOT_COVERED,APPLIED,H3A-F0070-001-N-NE,845,REGULAR,Bekasi,Service Advisor Bekasi,B 4745 SVT,"457,168"
"Sep 19, 2025, 16:13",WO-143768659980981180,SPAREPART,40a85d18-f2dc-4c6e-bdfb-ad4debc9320e,lock H1,"83,444",0,1,0,0,1,0,NOT_COVERED,APPLIED,H1A-E70150-001-N-NE,"1,048",STORING,Pondok Indah,Service Advisor PI,B 4736 SWD,0
"Sep 19, 2025, 15:54",WO-143886465464538044,SPAREPART,87eede8f-1064-4c4e-912d-9319aa96d5b0,Brake Pad H3 FR / RR H3,"26,000","26,000",2,0,0,2,"52,000",NOT_COVERED,APPLIED,GEN-F0130-001-N-NE,"1,075",REGULAR,Pondok Indah,Randy,B 4174 SVT,"37,752"
"Sep 19, 2025, 15:54",WO-143888476180321212,SPAREPART,fa116921-3f09-44e1-b709-86b1780d9253,Brake Pad Kit H5 -1-01 (Canvas Rem) H5,"39,500",0,1,0,0,1,0,NOT_COVERED,APPLIED,GEN-F1130-001-F-NE,"1,758",WALK_IN_MAINTENANCE,Kembangan,Irawan,B 5259 SVL,"47,658"
"Sep 19, 2025, 15:54",WO-143888476180321212,SPAREPART,37dc324d-ba63-404f-b663-747c4a4566a1,disc Brake H5,"70,000",0,1,0,0,1,0,NOT_COVERED,APPLIED,GEN-F1120-001-R-NE,"1,761",WALK_IN_MAINTENANCE,Kembangan,Irawan,B 5259 SVL,"47,658"
"Sep 19, 2025, 15:54",WO-143888476180321212,SPAREPART,79e0bbc0-0b87-4142-8e3f-0b3ccdc86641,Brake Pad Kit H5 -2-01 (Canvas Rem) H5,"28,500",0,1,0,0,1,0,NOT_COVERED,APPLIED,GEN-F1140-001-R-NE,"1,759",WALK_IN_MAINTENANCE,Kembangan,Irawan,B 5259 SVL,"47,658"
"Sep 19, 2025, 15:47",WO-143890761203612768,SPAREPART,87eede8f-1064-4c4e-912d-9319aa96d5b0,Brake Pad H3 FR / RR H3,"26,000",0,1,0,0,1,0,NOT_COVERED,APPLIED,GEN-F0130-001-N-NE,"1,075",WALK_IN_MAINTENANCE,Depok,Aji Fadilah,B 4015 SWB,"19,723"
"Sep 19, 2025, 15:36",WO-143590335438658269,SPAREPART,1ac25aee-ff64-497d-a915-e4617a1892ae,Bearing Nachi 6201 H3,"13,967",0,1,0,0,1,0,NOT_COVERED,APPLIED,GEN-F0060-001-F-NE,"1,735",REPO_MAINTENANCE,Pondok Indah,Eka Pitaloka,B 4576 SVL,"49,011"
"Sep 19, 2025, 15:36",WO-143590335438658269,SPAREPART,fa116921-3f09-44e1-b709-86b1780d9253,Brake Pad Kit H5 -1-01 (Canvas Rem) H5,"39,500",0,2,0,0,2,0,NOT_COVERED,APPLIED,GEN-F1130-001-F-NE,"1,758",REPO_MAINTENANCE,Pondok Indah,Eka Pitaloka,B 4576 SVL,"49,011"
"Sep 19, 2025, 15:36",WO-143590335438658269,SPAREPART,7429bc57-bb65-4afc-9756-811a1cb9a922,"Wires, Motor 4# ham with ears (+ backing bracket state) ham H5",0,0,1,0,0,1,0,NOT_COVERED,APPLIED,H5A-E20040-001-N-NE,957,REPO_MAINTENANCE,Pondok Indah,Eka Pitaloka,B 4576 SVL,"49,011"
"Sep 19, 2025, 15:36",WO-143590335438658269,SPAREPART,8ce4250a-b0be-4d3c-97ca-b3dda84a0b6d,Bearing Nachi 6004 H5,"17,980",0,1,0,0,1,0,NOT_COVERED,APPLIED,GEN-F0580-001-R-NE,"1,760",REPO_MAINTENANCE,Pondok Indah,Eka Pitaloka,B 4576 SVL,"49,011"
"Sep 19, 2025, 15:29",WO-143880420952407136,SPAREPART,87eede8f-1064-4c4e-912d-9319aa96d5b0,Brake Pad H3 FR / RR H3,"26,000",0,1,0,0,1,0,NOT_COVERED,APPLIED,GEN-F0130-001-N-NE,"1,075",REPO_MAINTENANCE,Kembangan,Irawan,B 4433 SVR,365
"Sep 19, 2025, 15:29",WO-143880420952407136,SPAREPART,ec86c430-e74c-451d-8d93-6d47384acc17,Tire 90/90-12 H3 (KENDA) H3,"100,000",0,1,0,0,1,0,NOT_COVERED,APPLIED,GEN-F0500-001-N-MA,"1,741",REPO_MAINTENANCE,Kembangan,Irawan,B 4433 SVR,365
"Sep 19, 2025, 15:29",WO-143880420952407136,SPAREPART,29ae4c69-46d5-4754-bf7e-f808ca55ebe7,Lock Set H3,"32,338",0,1,0,0,1,0,NOT_COVERED,APPLIED,H3A-E70050-001-N-NE,865,REPO_MAINTENANCE,Kembangan,Irawan,B 4433 SVR,365
"Sep 19, 2025, 15:03",WO-143882261832432736,SPAREPART,87eede8f-1064-4c4e-912d-9319aa96d5b0,Brake Pad H3 FR / RR H3,"26,000",0,2,0,0,2,0,NOT_COVERED,APPLIED,GEN-F0130-001-N-NE,"1,075",REGULAR,Kembangan,Intan melina,B 3468 PWE,"51,512"
"Sep 19, 2025, 15:03",WO-143882261832432736,SPAREPART,00c93cf0-bacc-4e53-aab2-4aeeebf5bf3b,Air tape PVR 50 (5 mm) H3,"3,500","24,000",1,0,0,1,"24,000",NOT_COVERED,APPLIED,GEN-F0420-002-N-NE,"1,740",REGULAR,Kembangan,Intan melina,B 3468 PWE,"51,512"
"Sep 19, 2025, 14:57",WO-143885671919025248,SPAREPART,87eede8f-1064-4c4e-912d-9319aa96d5b0,Brake Pad H3 FR / RR H3,"26,000",0,2,0,0,2,0,NEW_ONBOARDING,APPLIED,GEN-F0130-001-N-NE,"1,075",REGULAR,Pondok Indah,Faris Abdurrahan,B 4683 SVR,"50,432"
"Sep 19, 2025, 14:54",WO-143754292006780000,SPAREPART,0e0b97f2-dbdf-406c-9f9f-50593bec1724,Cable throttle holder H5,"5,129","49,000",1,0,0,1,"49,000",NOT_COVERED,APPLIED,H5A-E70160-001-N-NE,950,STORING,Pondok Indah,Eka Pitaloka,B 5381 SVL,"63,132"
"Sep 19, 2025, 14:50",WO-143884487095254112,SPAREPART,87eede8f-1064-4c4e-912d-9319aa96d5b0,Brake Pad H3 FR / RR H3,"26,000",0,2,0,0,2,0,NOT_COVERED,APPLIED,GEN-F0130-001-N-NE,"1,075",STORING,Pondok Indah,Eka Pitaloka,B 4350 SVT,"45,678"
"Sep 19, 2025, 14:47",WO-143876811233694652,SPAREPART,ec86c430-e74c-451d-8d93-6d47384acc17,Tire 90/90-12 H3 (KENDA) H3,"100,000",0,1,0,0,1,0,NOT_COVERED,APPLIED,GEN-F0500-001-N-MA,"1,741",WALK_IN_MAINTENANCE,Kembangan,Irawan,B 3920 PWF,"34,900"
"Sep 19, 2025, 14:47",WO-143876811233694652,SPAREPART,24f4995a-befd-4ad6-a490-c6318261742f,Cover Plat Nomer H3,"18,500",0,1,0,0,1,0,NOT_COVERED,APPLIED,GEN-A0140-001-N-MA,"1,738",WALK_IN_MAINTENANCE,Kembangan,Irawan,B 3920 PWF,"34,900"
"Sep 19, 2025, 14:47",WO-143884765462795196,SPAREPART,fa116921-3f09-44e1-b709-86b1780d9253,Brake Pad Kit H5 -1-01 (Canvas Rem) H5,"39,500",0,1,0,0,1,0,NEW_ONBOARDING,APPLIED,GEN-F1130-001-F-NE,"1,758",REGULAR,Pondok Indah,Hilman Zacky,B 5171 SVL,"2,743"
"Sep 19, 2025, 14:47",WO-143884765462795196,SPAREPART,79e0bbc0-0b87-4142-8e3f-0b3ccdc86641,Brake Pad Kit H5 -2-01 (Canvas Rem) H5,"28,500",0,1,0,0,1,0,NEW_ONBOARDING,APPLIED,GEN-F1140-001-R-NE,"1,759",REGULAR,Pondok Indah,Hilman Zacky,B 5171 SVL,"2,743"
"Sep 19, 2025, 14:38",WO-143883762839589820,SPAREPART,87eede8f-1064-4c4e-912d-9319aa96d5b0,Brake Pad H3 FR / RR H3,"26,000",0,2,0,0,2,0,NEW_ONBOARDING,APPLIED,GEN-F0130-001-N-NE,"1,075",REGULAR,Pondok Indah,Muhammad Riduwan,B 4460 SVR,"32,165"
"Sep 19, 2025, 14:33",WO-143883262190687164,SPAREPART,87eede8f-1064-4c4e-912d-9319aa96d5b0,Brake Pad H3 FR / RR H3,"26,000",0,2,0,0,2,0,NEW_ONBOARDING,APPLIED,GEN-F0130-001-N-NE,"1,075",REGULAR,Pondok Indah,Muhammad Riduwan,B 4238 SVT,"40,132"
"Sep 19, 2025, 14:22",WO-143881114522516576,SPAREPART,87eede8f-1064-4c4e-912d-9319aa96d5b0,Brake Pad H3 FR / RR H3,"26,000",0,2,0,0,2,0,PREVIOUS_SERVICE,APPLIED,GEN-F0130-001-N-NE,"1,075",REGULAR,Depok,rizki nuriman,B 4353 SVT,"401,094"
"Sep 19, 2025, 14:10",WO-143852647361838176,SPAREPART,999f14b8-db39-41e5-a31a-b5e0b7e8d909,Tires (far star) H5,"100,000",0,1,0,0,1,0,NOT_COVERED,APPLIED,GEN-F1090-001-N-NE,982,WALK_IN_MAINTENANCE,Kembangan,Irawan,B 4957 SVN,"34,237"
"Sep 19, 2025, 14:09",WO-143880949954778044,SPAREPART,fa116921-3f09-44e1-b709-86b1780d9253,Brake Pad Kit H5 -1-01 (Canvas Rem) H5,"39,500",0,1,0,0,1,0,NEW_ONBOARDING,APPLIED,GEN-F1130-001-F-NE,"1,758",REGULAR,Pondok Indah,Hilman Zacky,B 4021 SVO,"40,124"
"Sep 19, 2025, 14:09",WO-143880949954778044,SPAREPART,79e0bbc0-0b87-4142-8e3f-0b3ccdc86641,Brake Pad Kit H5 -2-01 (Canvas Rem) H5,"28,500",0,1,0,0,1,0,NEW_ONBOARDING,APPLIED,GEN-F1140-001-R-NE,"1,759",REGULAR,Pondok Indah,Hilman Zacky,B 4021 SVO,"40,124"
"Sep 19, 2025, 14:03",WO-143877726095309920,SPAREPART,fa116921-3f09-44e1-b709-86b1780d9253,Brake Pad Kit H5 -1-01 (Canvas Rem) H5,"39,500",0,1,0,0,1,0,NOT_COVERED,APPLIED,GEN-F1130-001-F-NE,"1,758",REGULAR,Kembangan,Irawan,B 5177 SVL,"21,920"
"Sep 19, 2025, 14:01",WO-143857315890598844,SPAREPART,e52a6762-bb04-453f-90f6-dfeed6ec8877,Single stand power off switch H3,"20,838","20,838",1,0,0,1,"20,838",NOT_COVERED,APPLIED,H3A-E70070-001-N-BL,873,REGULAR,Pondok Indah,Randy,B 4179 SVV,"3,273"
"Sep 19, 2025, 14:01",WO-143857315890598844,SPAREPART,a8ecb0d4-1cf0-465a-99cc-7f4d7ead94aa,Side stand H3,"9,706","9,706",1,0,0,1,"9,706",NOT_COVERED,APPLIED,H3A-A0080-001-N-BL,831,REGULAR,Pondok Indah,Randy,B 4179 SVV,"3,273"
"Sep 19, 2025, 13:59",WO-143876086441213024,SPAREPART,78dbc5c8-3366-4e63-846e-172f3415433f,USB charging interface H5,"74,359",0,1,0,0,1,0,NEW_ONBOARDING,APPLIED,H5A-E40030-001-N-NE,988,REGULAR,Pondok Indah,Muhammad Riduwan,B 4065 SVO,"28,143"
"Sep 19, 2025, 13:59",WO-143879936241832892,SPAREPART,1ac25aee-ff64-497d-a915-e4617a1892ae,Bearing Nachi 6201 H3,"13,967",0,2,0,0,2,0,NEW_ONBOARDING,APPLIED,GEN-F0060-001-F-NE,"1,735",REGULAR,Pondok Indah,Randy,B 4643 SVT,"37,955"
"Sep 19, 2025, 13:56",WO-143865341607443552,SPAREPART,79e0bbc0-0b87-4142-8e3f-0b3ccdc86641,Brake Pad Kit H5 -2-01 (Canvas Rem) H5,"28,500",0,1,0,0,1,0,NOT_COVERED,APPLIED,GEN-F1140-001-R-NE,"1,759",STORING,Pondok Indah,Eka Pitaloka,B 4028 SVO,"43,384"
"Sep 19, 2025, 13:56",WO-143865341607443552,SPAREPART,fa116921-3f09-44e1-b709-86b1780d9253,Brake Pad Kit H5 -1-01 (Canvas Rem) H5,"39,500",0,1,0,0,1,0,NOT_COVERED,APPLIED,GEN-F1130-001-F-NE,"1,758",STORING,Pondok Indah,Eka Pitaloka,B 4028 SVO,"43,384"
"Sep 19, 2025, 13:56",WO-143879611955051616,SPAREPART,87eede8f-1064-4c4e-912d-9319aa96d5b0,Brake Pad H3 FR / RR H3,"26,000",0,2,0,0,2,0,NEW_ONBOARDING,APPLIED,GEN-F0130-001-N-NE,"1,075",REGULAR,Pondok Indah,Muhammad Riduwan,B 5228 BWJ,"28,440"
"Sep 19, 2025, 13:50",WO-143878966082540476,SPAREPART,87eede8f-1064-4c4e-912d-9319aa96d5b0,Brake Pad H3 FR / RR H3,"26,000",0,1,0,0,1,0,NOT_COVERED,APPLIED,GEN-F0130-001-N-NE,"1,075",REGULAR,Depok,Aji Fadilah,B 4701 SVO,"525,668"
"Sep 19, 2025, 13:50",WO-143875785810279520,SPAREPART,1ac25aee-ff64-497d-a915-e4617a1892ae,Bearing Nachi 6201 H3,"13,967","13,500",2,0,0,2,"27,000",NOT_COVERED,APPLIED,GEN-F0060-001-F-NE,"1,735",REGULAR,Pondok Indah,Eka Pitaloka,B 4233 SWA,"92,382"
"Sep 19, 2025, 13:48",WO-143878894225751136,SPAREPART,87eede8f-1064-4c4e-912d-9319aa96d5b0,Brake Pad H3 FR / RR H3,"26,000",0,2,0,0,2,0,NEW_ONBOARDING,APPLIED,GEN-F0130-001-N-NE,"1,075",REGULAR,Pondok Indah,Muhammad Riduwan,B 4641 SVR,"52,830"
"Sep 19, 2025, 13:43",WO-143878193172976572,SPAREPART,87eede8f-1064-4c4e-912d-9319aa96d5b0,Brake Pad H3 FR / RR H3,"26,000",0,2,0,0,2,0,NEW_ONBOARDING,APPLIED,GEN-F0130-001-N-NE,"1,075",REGULAR,Pondok Indah,Randy,B 4896 SVT,"41,685"
"Sep 19, 2025, 13:42",WO-143875723583558588,SPAREPART,87eede8f-1064-4c4e-912d-9319aa96d5b0,Brake Pad H3 FR / RR H3,"26,000",0,2,0,0,2,0,NOT_COVERED,APPLIED,GEN-F0130-001-N-NE,"1,075",REGULAR,Kembangan,Irawan,B 3580 PWE,"37,175"
"Sep 19, 2025, 13:40",WO-143874924249906272,SPAREPART,87eede8f-1064-4c4e-912d-9319aa96d5b0,Brake Pad H3 FR / RR H3,"26,000",0,2,0,0,2,0,NOT_COVERED,APPLIED,GEN-F0130-001-N-NE,"1,075",REGULAR,Kembangan,Irawan,B 3739 PWE,"37,193"
"Sep 19, 2025, 13:38",WO-143877794865091516,SPAREPART,87eede8f-1064-4c4e-912d-9319aa96d5b0,Brake Pad H3 FR / RR H3,"26,000",0,2,0,0,2,0,NEW_ONBOARDING,APPLIED,GEN-F0130-001-N-NE,"1,075",REGULAR,Pondok Indah,Faris Abdurrahan,B 4570 SVV,"13,297"
"Sep 19, 2025, 13:35",WO-143877437778852960,SPAREPART,87eede8f-1064-4c4e-912d-9319aa96d5b0,Brake Pad H3 FR / RR H3,"26,000",0,2,0,0,2,0,NEW_ONBOARDING,APPLIED,GEN-F0130-001-N-NE,"1,075",REGULAR,Pondok Indah,Eka Pitaloka,B 4162 SWB,"23,947"
"Sep 19, 2025, 13:35",WO-143877437778852960,SPAREPART,c52ca52a-85ef-43ad-8637-a9a65142da16,Rear disc brake disc H3,"26,519","80,000",1,0,0,1,"80,000",NOT_COVERED,APPLIED,GEN-F0190-001-R-NE,854,REGULAR,Pondok Indah,Eka Pitaloka,B 4162 SWB,"23,947"
"Sep 19, 2025, 13:35",WO-143877437778852960,SPAREPART,ec86c430-e74c-451d-8d93-6d47384acc17,Tire 90/90-12 H3 (KENDA) H3,"100,000","100,000",1,0,0,1,"100,000",NOT_COVERED,APPLIED,GEN-F0500-001-N-MA,"1,741",REGULAR,Pondok Indah,Eka Pitaloka,B 4162 SWB,"23,947"
"Sep 19, 2025, 13:32",WO-143876239617168316,SPAREPART,87eede8f-1064-4c4e-912d-9319aa96d5b0,Brake Pad H3 FR / RR H3,"26,000",0,2,0,0,2,0,NOT_COVERED,APPLIED,GEN-F0130-001-N-NE,"1,075",REGULAR,Kembangan,Irawan,B 4874 SVS,"38,799"
"Sep 19, 2025, 13:24",WO-143876457419013216,SPAREPART,87eede8f-1064-4c4e-912d-9319aa96d5b0,Brake Pad H3 FR / RR H3,"26,000",0,2,0,0,2,0,NEW_ONBOARDING,APPLIED,GEN-F0130-001-N-NE,"1,075",REGULAR,Pondok Indah,Muhammad Riduwan,B 4074 SWD,"1,067"
"Sep 19, 2025, 13:18",WO-143875785810279520,SPAREPART,87eede8f-1064-4c4e-912d-9319aa96d5b0,Brake Pad H3 FR / RR H3,"26,000",0,1,0,0,1,0,NEW_ONBOARDING,APPLIED,GEN-F0130-001-N-NE,"1,075",REGULAR,Pondok Indah,Eka Pitaloka,B 4233 SWA,"92,382"
"Sep 19, 2025, 13:14",WO-143865662840798304,SPAREPART,87eede8f-1064-4c4e-912d-9319aa96d5b0,Brake Pad H3 FR / RR H3,"26,000",0,1,0,0,1,0,NOT_COVERED,APPLIED,GEN-F0130-001-N-NE,"1,075",REGULAR,Kembangan,Irawan,B 4523 SWA,"15,706"
"Sep 19, 2025, 13:14",WO-143875303331075004,SPAREPART,87eede8f-1064-4c4e-912d-9319aa96d5b0,Brake Pad H3 FR / RR H3,"26,000",0,1,0,0,1,0,NOT_COVERED,APPLIED,GEN-F0130-001-N-NE,"1,075",REGULAR,Pondok Indah,Eka Pitaloka,B 4451 SWA,"9,365"
"Sep 19, 2025, 13:10",WO-143874978339650656,SPAREPART,87eede8f-1064-4c4e-912d-9319aa96d5b0,Brake Pad H3 FR / RR H3,"26,000",0,2,0,0,2,0,NEW_ONBOARDING,APPLIED,GEN-F0130-001-N-NE,"1,075",REGULAR,Pondok Indah,Fikri,B 4496 SVP,"31,823"
"Sep 19, 2025, 13:06",WO-143874609022768060,SPAREPART,87eede8f-1064-4c4e-912d-9319aa96d5b0,Brake Pad H3 FR / RR H3,"26,000",0,2,0,0,2,0,NEW_ONBOARDING,APPLIED,GEN-F0130-001-N-NE,"1,075",REGULAR,Pondok Indah,Faris Abdurrahan,B 5212 BWJ,"16,932"
"Sep 19, 2025, 13:06",WO-143874609022768060,SPAREPART,0e63dd11-3dfb-40f2-9820-7fc9cc0b12bc,Front fork bearings H3,"42,021",0,1,0,0,1,0,NEW_ONBOARDING,APPLIED,GEN-F0100-001-F-NE,849,REGULAR,Pondok Indah,Faris Abdurrahan,B 5212 BWJ,"16,932"
"Sep 19, 2025, 11:36",WO-143853702883578812,SPAREPART,87eede8f-1064-4c4e-912d-9319aa96d5b0,Brake Pad H3 FR / RR H3,"26,000",0,1,0,0,1,0,NOT_COVERED,APPLIED,GEN-F0130-001-N-NE,"1,075",WALK_IN_MAINTENANCE,Kembangan,Irawan,B 4344 SVP,"41,488"
"Sep 19, 2025, 11:28",WO-143859012822137952,SPAREPART,87eede8f-1064-4c4e-912d-9319aa96d5b0,Brake Pad H3 FR / RR H3,"26,000",0,2,0,0,2,0,NOT_COVERED,APPLIED,GEN-F0130-001-N-NE,"1,075",REGULAR,Kembangan,Irawan,B 4831 SVR,"71,133"
"Sep 19, 2025, 11:26",WO-143856280920921020,SPAREPART,898b6dbb-208a-48d0-a482-94eb150f2254,tailstock H3,"89,562","89,562",1,0,0,1,"89,562",NOT_COVERED,APPLIED,H3A-C0170-001-N-GL,837,REGULAR,Pondok Indah,Randy,B 4353 SVV,"13,949"
"Sep 19, 2025, 11:18",WO-143859444818672736,SPAREPART,fa116921-3f09-44e1-b709-86b1780d9253,Brake Pad Kit H5 -1-01 (Canvas Rem) H5,"39,500",0,1,0,0,1,0,NOT_COVERED,APPLIED,GEN-F1130-001-F-NE,"1,758",STORING,Pondok Indah,Eka Pitaloka,B 4123 SVO,"46,000"
"Sep 19, 2025, 11:18",WO-143859444818672736,SPAREPART,79e0bbc0-0b87-4142-8e3f-0b3ccdc86641,Brake Pad Kit H5 -2-01 (Canvas Rem) H5,"28,500",0,1,0,0,1,0,NOT_COVERED,APPLIED,GEN-F1140-001-R-NE,"1,759",STORING,Pondok Indah,Eka Pitaloka,B 4123 SVO,"46,000"
"Sep 19, 2025, 11:15",WO-143863302974372960,SPAREPART,fa116921-3f09-44e1-b709-86b1780d9253,Brake Pad Kit H5 -1-01 (Canvas Rem) H5,"39,500",0,1,0,0,1,0,NOT_COVERED,APPLIED,GEN-F1130-001-F-NE,"1,758",REGULAR,Depok,Aji Fadilah,B 4195 SVO,"57,272"
"Sep 19, 2025, 11:15",WO-143863302974372960,SPAREPART,79e0bbc0-0b87-4142-8e3f-0b3ccdc86641,Brake Pad Kit H5 -2-01 (Canvas Rem) H5,"28,500",0,1,0,0,1,0,NOT_COVERED,APPLIED,GEN-F1140-001-R-NE,"1,759",REGULAR,Depok,Aji Fadilah,B 4195 SVO,"57,272"
"Sep 19, 2025, 11:13",WO-143858170219991996,SPAREPART,79e0bbc0-0b87-4142-8e3f-0b3ccdc86641,Brake Pad Kit H5 -2-01 (Canvas Rem) H5,"28,500",0,1,0,0,1,0,NOT_COVERED,APPLIED,GEN-F1140-001-R-NE,"1,759",REGULAR,Kembangan,Intan melina,B 5179 SVL,"19,820"
"Sep 19, 2025, 11:13",WO-143858170219991996,SPAREPART,fa116921-3f09-44e1-b709-86b1780d9253,Brake Pad Kit H5 -1-01 (Canvas Rem) H5,"39,500",0,1,0,0,1,0,NOT_COVERED,APPLIED,GEN-F1130-001-F-NE,"1,758",REGULAR,Kembangan,Intan melina,B 5179 SVL,"19,820"
"Sep 19, 2025, 11:13",WO-143858170219991996,SPAREPART,8ce4250a-b0be-4d3c-97ca-b3dda84a0b6d,Bearing Nachi 6004 H5,"17,980","24,000",1,0,0,1,"24,000",NOT_COVERED,APPLIED,GEN-F0580-001-R-NE,"1,760",REGULAR,Kembangan,Intan melina,B 5179 SVL,"19,820"
"Sep 19, 2025, 11:04",WO-143862078539594848,SPAREPART,1ac25aee-ff64-497d-a915-e4617a1892ae,Bearing Nachi 6201 H3,"13,967",0,2,0,0,2,0,NEW_ONBOARDING,APPLIED,GEN-F0060-001-F-NE,"1,735",REGULAR,Bekasi,Service Advisor Bekasi,B 4835 SVS,"307,652"
"Sep 19, 2025, 11:04",WO-143862078539594848,SPAREPART,87eede8f-1064-4c4e-912d-9319aa96d5b0,Brake Pad H3 FR / RR H3,"26,000",0,1,0,0,1,0,NOT_COVERED,APPLIED,GEN-F0130-001-N-NE,"1,075",REGULAR,Bekasi,Service Advisor Bekasi,B 4835 SVS,"307,652"
"Sep 19, 2025, 10:57",WO-143854160717053024,SPAREPART,1ac25aee-ff64-497d-a915-e4617a1892ae,Bearing Nachi 6201 H3,"13,967","27,000",1,0,0,1,"27,000",NOT_COVERED,APPLIED,GEN-F0060-001-F-NE,"1,735",REGULAR,Pondok Indah,Eka Pitaloka,B 4811 SVN,"43,653"
"Sep 19, 2025, 10:50",WO-143852678903004256,SPAREPART,1ac25aee-ff64-497d-a915-e4617a1892ae,Bearing Nachi 6201 H3,"13,967","27,000",1,0,0,1,"27,000",NOT_COVERED,APPLIED,GEN-F0060-001-F-NE,"1,735",STORING,Pondok Indah,Eka Pitaloka,B 4844 SVS,"46,788"
"Sep 19, 2025, 10:50",WO-143852678903004256,SPAREPART,87eede8f-1064-4c4e-912d-9319aa96d5b0,Brake Pad H3 FR / RR H3,"26,000",0,1,0,0,1,0,NOT_COVERED,APPLIED,GEN-F0130-001-N-NE,"1,075",STORING,Pondok Indah,Eka Pitaloka,B 4844 SVS,"46,788"
"Sep 19, 2025, 10:50",WO-143852678903004256,SPAREPART,e0402ad2-4c70-44c0-b2a2-8bccaf20ce7b,Steering rack assembly 6.42±0.04kg H3,"100,000","100,000",1,0,0,1,"100,000",NOT_COVERED,APPLIED,H3A-F0070-001-N-NE,845,STORING,Pondok Indah,Eka Pitaloka,B 4844 SVS,"46,788"
"Sep 19, 2025, 10:47",WO-143860616489079740,SPAREPART,87eede8f-1064-4c4e-912d-9319aa96d5b0,Brake Pad H3 FR / RR H3,"26,000",0,1,0,0,1,0,NOT_COVERED,APPLIED,GEN-F0130-001-N-NE,"1,075",REGULAR,Bekasi,Service Advisor Bekasi,B 4112 SWB,"145,146"
"Sep 19, 2025, 10:47",WO-143852692375081916,SPAREPART,1ac25aee-ff64-497d-a915-e4617a1892ae,Bearing Nachi 6201 H3,"13,967","13,500",2,0,0,2,"27,000",NOT_COVERED,APPLIED,GEN-F0060-001-F-NE,"1,735",REGULAR,Pondok Indah,Eka Pitaloka,B 4078 SVT,"39,564"
"Sep 19, 2025, 10:44",WO-143855572117099452,SPAREPART,87eede8f-1064-4c4e-912d-9319aa96d5b0,Brake Pad H3 FR / RR H3,"26,000",0,2,0,0,2,0,NOT_COVERED,APPLIED,GEN-F0130-001-N-NE,"1,075",STORING,Pondok Indah,Eka Pitaloka,B 4088 SVP,"513,823"
"Sep 19, 2025, 10:44",WO-143855629209992288,SPAREPART,fa116921-3f09-44e1-b709-86b1780d9253,Brake Pad Kit H5 -1-01 (Canvas Rem) H5,"39,500",0,1,0,0,1,0,NOT_COVERED,APPLIED,GEN-F1130-001-F-NE,"1,758",WALK_IN_MAINTENANCE,Pondok Indah,Eka Pitaloka,B 4785 SVN,"40,452"
"Sep 19, 2025, 10:44",WO-143855629209992288,SPAREPART,79e0bbc0-0b87-4142-8e3f-0b3ccdc86641,Brake Pad Kit H5 -2-01 (Canvas Rem) H5,"28,500",0,1,0,0,1,0,NOT_COVERED,APPLIED,GEN-F1140-001-R-NE,"1,759",WALK_IN_MAINTENANCE,Pondok Indah,Eka Pitaloka,B 4785 SVN,"40,452"
"Sep 19, 2025, 10:33",WO-143859224416386144,SPAREPART,87eede8f-1064-4c4e-912d-9319aa96d5b0,Brake Pad H3 FR / RR H3,"26,000",0,1,0,0,1,0,NEW_ONBOARDING,APPLIED,GEN-F0130-001-N-NE,"1,075",REGULAR,Pondok Indah,Faris Abdurrahan,B 4256 SWA,"13,854"
"Sep 19, 2025, 10:30",WO-143850598964427872,SPAREPART,87eede8f-1064-4c4e-912d-9319aa96d5b0,Brake Pad H3 FR / RR H3,"26,000",0,1,0,0,1,0,NOT_COVERED,APPLIED,GEN-F0130-001-N-NE,"1,075",REGULAR,Kembangan,Irawan,B 4826 SVP,"62,000"
"Sep 19, 2025, 10:19",WO-143855707274351548,SPAREPART,87eede8f-1064-4c4e-912d-9319aa96d5b0,Brake Pad H3 FR / RR H3,"26,000",0,2,0,0,2,0,NOT_COVERED,APPLIED,GEN-F0130-001-N-NE,"1,075",REGULAR,Kembangan,Irawan,B 3969 PWF,"31,811"
"Sep 19, 2025, 10:18",WO-143857660729523296,SPAREPART,87eede8f-1064-4c4e-912d-9319aa96d5b0,Brake Pad H3 FR / RR H3,"26,000",0,1,0,0,1,0,NOT_COVERED,APPLIED,GEN-F0130-001-N-NE,"1,075",REGULAR,Bekasi,Service Advisor Bekasi,B 4332 SVT,"440,226"
"Sep 19, 2025, 10:15",WO-143768685281022908,SPAREPART,87eede8f-1064-4c4e-912d-9319aa96d5b0,Brake Pad H3 FR / RR H3,"26,000",0,1,0,0,1,0,NOT_COVERED,APPLIED,GEN-F0130-001-N-NE,"1,075",REPO_MAINTENANCE,Pondok Indah,Eka Pitaloka,B 4163 SWA,"15,179"
"Sep 19, 2025, 10:15",WO-143768685281022908,SPAREPART,ec86c430-e74c-451d-8d93-6d47384acc17,Tire 90/90-12 H3 (KENDA) H3,"100,000",0,1,0,0,1,0,NOT_COVERED,APPLIED,GEN-F0500-001-N-MA,"1,741",REPO_MAINTENANCE,Pondok Indah,Eka Pitaloka,B 4163 SWA,"15,179"
"Sep 19, 2025, 10:15",WO-143857315890598844,SPAREPART,87eede8f-1064-4c4e-912d-9319aa96d5b0,Brake Pad H3 FR / RR H3,"26,000",0,2,0,0,2,0,NEW_ONBOARDING,APPLIED,GEN-F0130-001-N-NE,"1,075",REGULAR,Pondok Indah,Randy,B 4179 SVV,"3,273"
"Sep 19, 2025, 10:15",WO-143857315890598844,SPAREPART,1ac25aee-ff64-497d-a915-e4617a1892ae,Bearing Nachi 6201 H3,"13,967",0,2,0,0,2,0,NEW_ONBOARDING,APPLIED,GEN-F0060-001-F-NE,"1,735",REGULAR,Pondok Indah,Randy,B 4179 SVV,"3,273"
"Sep 19, 2025, 10:10",WO-143856744089549920,SPAREPART,c52ca52a-85ef-43ad-8637-a9a65142da16,Rear disc brake disc H3,"26,519","100,000",1,0,0,1,"100,000",NOT_COVERED,APPLIED,GEN-F0190-001-R-NE,854,REGULAR,Pondok Indah,Eka Pitaloka,B 3478 PWE,"37,602"
"Sep 19, 2025, 10:10",WO-143856744089549920,SPAREPART,ec86c430-e74c-451d-8d93-6d47384acc17,Tire 90/90-12 H3 (KENDA) H3,"100,000","100,000",1,0,0,1,"100,000",NOT_COVERED,APPLIED,GEN-F0500-001-N-MA,"1,741",REGULAR,Pondok Indah,Eka Pitaloka,B 3478 PWE,"37,602"
"Sep 19, 2025, 10:10",WO-143856744089549920,SPAREPART,87eede8f-1064-4c4e-912d-9319aa96d5b0,Brake Pad H3 FR / RR H3,"26,000",0,2,0,0,2,0,NEW_ONBOARDING,APPLIED,GEN-F0130-001-N-NE,"1,075",REGULAR,Pondok Indah,Eka Pitaloka,B 3478 PWE,"37,602"
"Sep 19, 2025, 10:07",WO-143856632202296416,SPAREPART,87eede8f-1064-4c4e-912d-9319aa96d5b0,Brake Pad H3 FR / RR H3,"26,000",0,1,0,0,1,0,NOT_COVERED,APPLIED,GEN-F0130-001-N-NE,"1,075",REGULAR,Bekasi,Service Advisor Bekasi,B 4247 SVP,"508,019"
"Sep 19, 2025, 10:04",WO-143856280920921020,SPAREPART,87eede8f-1064-4c4e-912d-9319aa96d5b0,Brake Pad H3 FR / RR H3,"26,000",0,2,0,0,2,0,NEW_ONBOARDING,APPLIED,GEN-F0130-001-N-NE,"1,075",REGULAR,Pondok Indah,Randy,B 4353 SVV,"13,949"
"Sep 19, 2025, 10:02",WO-143765695379831904,SPAREPART,87eede8f-1064-4c4e-912d-9319aa96d5b0,Brake Pad H3 FR / RR H3,"26,000",0,1,0,0,1,0,NOT_COVERED,APPLIED,GEN-F0130-001-N-NE,"1,075",REPO_MAINTENANCE,Pondok Indah,Eka Pitaloka,B 4702 SVT,"41,934"
"Sep 19, 2025, 10:02",WO-143765695379831904,SPAREPART,6f887a0a-e2ae-4556-afe9-b554bb26559f,Headlight H3,"100,000",0,1,0,0,1,0,NOT_COVERED,APPLIED,H3A-E60030-001-N-NE,821,REPO_MAINTENANCE,Pondok Indah,Eka Pitaloka,B 4702 SVT,"41,934"
"Sep 19, 2025, 10:02",WO-143765695379831904,SPAREPART,c52ca52a-85ef-43ad-8637-a9a65142da16,Rear disc brake disc H3,"26,519",0,1,0,0,1,0,NOT_COVERED,APPLIED,GEN-F0190-001-R-NE,854,REPO_MAINTENANCE,Pondok Indah,Eka Pitaloka,B 4702 SVT,"41,934"
"Sep 19, 2025, 09:58",WO-143854016248446048,SPAREPART,87eede8f-1064-4c4e-912d-9319aa96d5b0,Brake Pad H3 FR / RR H3,"26,000",0,1,0,0,1,0,NOT_COVERED,APPLIED,GEN-F0130-001-N-NE,"1,075",REGULAR,Kembangan,Irawan,B 3702 PWE,"26,383"
"Sep 19, 2025, 09:56",WO-143855326196694112,SPAREPART,87eede8f-1064-4c4e-912d-9319aa96d5b0,Brake Pad H3 FR / RR H3,"26,000",0,1,0,0,1,0,NOT_COVERED,APPLIED,GEN-F0130-001-N-NE,"1,075",WALK_IN_MAINTENANCE,Bekasi,Service Advisor Bekasi,B 4253 SVT,"371,973"
"Sep 19, 2025, 09:54",WO-143852489655980988,SPAREPART,79e0bbc0-0b87-4142-8e3f-0b3ccdc86641,Brake Pad Kit H5 -2-01 (Canvas Rem) H5,"28,500",0,1,0,0,1,0,NOT_COVERED,APPLIED,GEN-F1140-001-R-NE,"1,759",REGULAR,Kembangan,Irawan,B 4797 SVN,"38,100"
"Sep 19, 2025, 09:54",WO-143852489655980988,SPAREPART,fa116921-3f09-44e1-b709-86b1780d9253,Brake Pad Kit H5 -1-01 (Canvas Rem) H5,"39,500",0,1,0,0,1,0,NOT_COVERED,APPLIED,GEN-F1130-001-F-NE,"1,758",REGULAR,Kembangan,Irawan,B 4797 SVN,"38,100"
"Sep 19, 2025, 09:54",WO-143715822353808480,SPAREPART,6f887a0a-e2ae-4556-afe9-b554bb26559f,Headlight H3,"100,000",0,1,0,0,1,0,NOT_COVERED,APPLIED,H3A-E60030-001-N-NE,821,WALK_IN_MAINTENANCE,Pondok Indah,Service Advisor PI,B 4460 SVT,"49,771"
"Sep 19, 2025, 09:54",WO-143715822353808480,SPAREPART,c52ca52a-85ef-43ad-8637-a9a65142da16,Rear disc brake disc H3,"26,519",0,1,0,0,1,0,NOT_COVERED,APPLIED,GEN-F0190-001-R-NE,854,WALK_IN_MAINTENANCE,Pondok Indah,Service Advisor PI,B 4460 SVT,"49,771"
"Sep 19, 2025, 09:54",WO-143715822353808480,SPAREPART,87eede8f-1064-4c4e-912d-9319aa96d5b0,Brake Pad H3 FR / RR H3,"26,000",0,1,0,0,1,0,NOT_COVERED,APPLIED,GEN-F0130-001-N-NE,"1,075",WALK_IN_MAINTENANCE,Pondok Indah,Service Advisor PI,B 4460 SVT,"49,771"
"Sep 19, 2025, 09:54",WO-143715822353808480,SPAREPART,ec86c430-e74c-451d-8d93-6d47384acc17,Tire 90/90-12 H3 (KENDA) H3,"100,000",0,1,0,0,1,0,NOT_COVERED,APPLIED,GEN-F0500-001-N-MA,"1,741",WALK_IN_MAINTENANCE,Pondok Indah,Service Advisor PI,B 4460 SVT,"49,771"
"Sep 19, 2025, 09:52",WO-143850810961302460,SPAREPART,9b01b703-7045-4259-8568-5232da055e27,Instrument cover H1,"26,312",0,1,0,0,1,0,NOT_COVERED,APPLIED,H1A-B1140-001-N-MA,"1,070",REGULAR,Pondok Indah,Service Advisor PI,B 4609 SWD,"1,959"
"Sep 19, 2025, 09:52",WO-143850810961302460,SPAREPART,5075f880-8de8-488e-9bca-4db3d05c3583,Brake pad Front H1 - Fr H1,"26,000",0,1,0,0,1,0,NOT_COVERED,APPLIED,GEN-F1280-001-N-NE,"1,789",REGULAR,Pondok Indah,Service Advisor PI,B 4609 SWD,"1,959"
"Sep 19, 2025, 09:47",WO-143854517719432288,SPAREPART,fa116921-3f09-44e1-b709-86b1780d9253,Brake Pad Kit H5 -1-01 (Canvas Rem) H5,"39,500",0,1,0,0,1,0,NEW_ONBOARDING,APPLIED,GEN-F1130-001-F-NE,"1,758",REGULAR,Pondok Indah,Faris Abdurrahan,B 5269 SVL,"88,326"
"Sep 19, 2025, 09:47",WO-143854517719432288,SPAREPART,79e0bbc0-0b87-4142-8e3f-0b3ccdc86641,Brake Pad Kit H5 -2-01 (Canvas Rem) H5,"28,500",0,1,0,0,1,0,NEW_ONBOARDING,APPLIED,GEN-F1140-001-R-NE,"1,759",REGULAR,Pondok Indah,Faris Abdurrahan,B 5269 SVL,"88,326"
"Sep 19, 2025, 09:42",WO-143853921423621216,SPAREPART,87eede8f-1064-4c4e-912d-9319aa96d5b0,Brake Pad H3 FR / RR H3,"26,000",0,2,0,0,2,0,NOT_COVERED,APPLIED,GEN-F0130-001-N-NE,"1,075",REGULAR,Bekasi,Service Advisor Bekasi,B 4844 SVT,"635,970"
"Sep 19, 2025, 09:37",WO-143853565897610172,SPAREPART,87eede8f-1064-4c4e-912d-9319aa96d5b0,Brake Pad H3 FR / RR H3,"26,000",0,2,0,0,2,0,NEW_ONBOARDING,APPLIED,GEN-F0130-001-N-NE,"1,075",REGULAR,Pondok Indah,Muhammad Riduwan,B 4617 SVT,"156,552"
"Sep 19, 2025, 09:33",WO-143853134941262780,SPAREPART,87eede8f-1064-4c4e-912d-9319aa96d5b0,Brake Pad H3 FR / RR H3,"26,000",0,2,0,0,2,0,NEW_ONBOARDING,APPLIED,GEN-F0130-001-N-NE,"1,075",REGULAR,Pondok Indah,Muhammad Riduwan,B 3733 PWG,"22,636"
"Sep 19, 2025, 09:29",WO-143852692375081916,SPAREPART,87eede8f-1064-4c4e-912d-9319aa96d5b0,Brake Pad H3 FR / RR H3,"26,000",0,2,0,0,2,0,NEW_ONBOARDING,APPLIED,GEN-F0130-001-N-NE,"1,075",REGULAR,Pondok Indah,Eka Pitaloka,B 4078 SVT,"39,564"
"Sep 19, 2025, 09:19",WO-143851701999244220,SPAREPART,ec86c430-e74c-451d-8d93-6d47384acc17,Tire 90/90-12 H3 (KENDA) H3,"100,000","100,000",1,0,0,1,"100,000",NOT_COVERED,APPLIED,GEN-F0500-001-N-MA,"1,741",REGULAR,Pondok Indah,Randy,B 4801 SVR,"36,819"
"Sep 19, 2025, 09:19",WO-143851701999244220,SPAREPART,87eede8f-1064-4c4e-912d-9319aa96d5b0,Brake Pad H3 FR / RR H3,"26,000",0,2,0,0,2,0,NEW_ONBOARDING,APPLIED,GEN-F0130-001-N-NE,"1,075",REGULAR,Pondok Indah,Randy,B 4801 SVR,"36,819"
"Sep 19, 2025, 09:18",WO-143785715933674592,SPAREPART,c52ca52a-85ef-43ad-8637-a9a65142da16,Rear disc brake disc H3,"26,519","80,000",1,0,0,1,"80,000",NOT_COVERED,APPLIED,GEN-F0190-001-R-NE,854,STORING,Pondok Indah,Eka Pitaloka,B 4048 SVT,"376,437"
"Sep 19, 2025, 09:15",WO-143851291074892732,SPAREPART,c52ca52a-85ef-43ad-8637-a9a65142da16,Rear disc brake disc H3,"26,519","80,000",1,0,0,1,"80,000",NOT_COVERED,APPLIED,GEN-F0190-001-R-NE,854,REGULAR,Pondok Indah,Eka Pitaloka,B 4609 SVP,"44,352"
"Sep 19, 2025, 09:15",WO-143851291074892732,SPAREPART,87eede8f-1064-4c4e-912d-9319aa96d5b0,Brake Pad H3 FR / RR H3,"26,000",0,2,0,0,2,0,NEW_ONBOARDING,APPLIED,GEN-F0130-001-N-NE,"1,075",REGULAR,Pondok Indah,Eka Pitaloka,B 4609 SVP,"44,352"
"Sep 19, 2025, 09:12",WO-143768133797182560,SPAREPART,87eede8f-1064-4c4e-912d-9319aa96d5b0,Brake Pad H3 FR / RR H3,"26,000",0,2,0,0,2,0,NOT_COVERED,APPLIED,GEN-F0130-001-N-NE,"1,075",REPO_MAINTENANCE,Pondok Indah,Eka Pitaloka,B 3728 PWE,"23,637"
"Sep 19, 2025, 09:12",WO-143768133797182560,SPAREPART,1ac25aee-ff64-497d-a915-e4617a1892ae,Bearing Nachi 6201 H3,"13,967",0,1,0,0,1,0,NOT_COVERED,APPLIED,GEN-F0060-001-F-NE,"1,735",REPO_MAINTENANCE,Pondok Indah,Eka Pitaloka,B 3728 PWE,"23,637"
"Sep 19, 2025, 09:05",WO-143850171346719676,SPAREPART,fa116921-3f09-44e1-b709-86b1780d9253,Brake Pad Kit H5 -1-01 (Canvas Rem) H5,"39,500",0,1,0,0,1,0,NEW_ONBOARDING,APPLIED,GEN-F1130-001-F-NE,"1,758",REGULAR,Pondok Indah,Muhammad Riduwan,B 4587 SVL,"86,521"
"Sep 19, 2025, 09:05",WO-143850171346719676,SPAREPART,79e0bbc0-0b87-4142-8e3f-0b3ccdc86641,Brake Pad Kit H5 -2-01 (Canvas Rem) H5,"28,500",0,1,0,0,1,0,NEW_ONBOARDING,APPLIED,GEN-F1140-001-R-NE,"1,759",REGULAR,Pondok Indah,Muhammad Riduwan,B 4587 SVL,"86,521"
"Sep 19, 2025, 09:02",WO-143849559179689056,SPAREPART,d817abf8-0b63-4932-8312-589963fffb97,Front and rear linkage disc assembly H5,"100,000","100,000",1,0,0,1,"100,000",NOT_COVERED,APPLIED,H5A-F2380-001-F-NE,975,STORING,Pondok Indah,Muhamad Chaerudin,B 4670 SVN,"57,886"
"Sep 19, 2025, 08:04",WO-143842820141120608,SPAREPART,00c93cf0-bacc-4e53-aab2-4aeeebf5bf3b,Air tape PVR 50 (5 mm) H3,"3,500",0,1,0,0,1,0,NOT_COVERED,APPLIED,GEN-F0420-002-N-NE,"1,740",STORING,Pondok Indah,Naufal Rabbani,B 4685 SWA,"45,678"
"Sep 18, 2025, 22:58",WO-143784907540272060,SPAREPART,ec86c430-e74c-451d-8d93-6d47384acc17,Tire 90/90-12 H3 (KENDA) H3,"100,000",0,1,0,0,1,0,NOT_COVERED,APPLIED,GEN-F0500-001-N-MA,"1,741",STORING,Pondok Indah,Naufal Rabbani,B 4182 SWA,"23,573"
"Sep 18, 2025, 22:58",WO-143784907540272060,SPAREPART,87eede8f-1064-4c4e-912d-9319aa96d5b0,Brake Pad H3 FR / RR H3,"26,000",0,1,0,0,1,0,NOT_COVERED,APPLIED,GEN-F0130-001-N-NE,"1,075",STORING,Pondok Indah,Naufal Rabbani,B 4182 SWA,"23,573"
"Sep 18, 2025, 22:15",WO-143783835107070908,SPAREPART,9ae448db-156e-4e8b-8980-6f520521c921,Speed control handle cable H3,"16,169",0,1,0,0,1,0,NOT_COVERED,APPLIED,H3A-E70090-001-N-BL,857,STORING,Pondok Indah,Service Advisor PI,B 4407 SVR,"521,257"
"Sep 18, 2025, 22:12",WO-143784511463756732,SPAREPART,999f14b8-db39-41e5-a31a-b5e0b7e8d909,Tires (far star) H5,"100,000","100,000",1,0,0,1,"100,000",NOT_COVERED,APPLIED,GEN-F1090-001-N-NE,982,STORING,Pondok Indah,M. Risky Julio Hardianto,B 5331 SVL,"13,707"
"Sep 18, 2025, 21:36",WO-143749834266934368,SPAREPART,00c93cf0-bacc-4e53-aab2-4aeeebf5bf3b,Air tape PVR 50 (5 mm) H3,"3,500","24,000",1,0,0,1,"24,000",NOT_COVERED,APPLIED,GEN-F0420-002-N-NE,"1,740",STORING,Pondok Indah,Service Advisor PI,B 4583 SVR,0
"Sep 18, 2025, 21:36",WO-143749834266934368,SPAREPART,999f14b8-db39-41e5-a31a-b5e0b7e8d909,Tires (far star) H5,"100,000","100,000",1,0,0,1,"100,000",NOT_COVERED,APPLIED,GEN-F1090-001-N-NE,982,STORING,Pondok Indah,Service Advisor PI,B 4583 SVR,0
"Sep 18, 2025, 21:15",WO-143772182860796860,SPAREPART,fa116921-3f09-44e1-b709-86b1780d9253,Brake Pad Kit H5 -1-01 (Canvas Rem) H5,"39,500",0,1,0,0,1,0,NOT_COVERED,APPLIED,GEN-F1130-001-F-NE,"1,758",STORING,Pondok Indah,Naufal Rabbani,B 4058 SVO,"74,425"
"Sep 18, 2025, 21:15",WO-143772182860796860,SPAREPART,79e0bbc0-0b87-4142-8e3f-0b3ccdc86641,Brake Pad Kit H5 -2-01 (Canvas Rem) H5,"28,500",0,1,0,0,1,0,NOT_COVERED,APPLIED,GEN-F1140-001-R-NE,"1,759",STORING,Pondok Indah,Naufal Rabbani,B 4058 SVO,"74,425"
"Sep 18, 2025, 21:15",WO-143772182860796860,SPAREPART,999f14b8-db39-41e5-a31a-b5e0b7e8d909,Tires (far star) H5,"100,000",0,1,0,0,1,0,NOT_COVERED,APPLIED,GEN-F1090-001-N-NE,982,STORING,Pondok Indah,Naufal Rabbani,B 4058 SVO,"74,425"
"Sep 18, 2025, 20:18",WO-143770380249600956,SPAREPART,87eede8f-1064-4c4e-912d-9319aa96d5b0,Brake Pad H3 FR / RR H3,"26,000",0,2,0,0,2,0,NOT_COVERED,APPLIED,GEN-F0130-001-N-NE,"1,075",STORING,Pondok Indah,Eka Pitaloka,B 4597 SWA,0
"Sep 18, 2025, 20:11",WO-143754878622110652,SPAREPART,87eede8f-1064-4c4e-912d-9319aa96d5b0,Brake Pad H3 FR / RR H3,"26,000",0,2,0,0,2,0,NOT_COVERED,APPLIED,GEN-F0130-001-N-NE,"1,075",STORING,Pondok Indah,Eka Pitaloka,B 4085 SWB,"11,083"
"Sep 18, 2025, 19:36",WO-143754545627927484,SPAREPART,fa116921-3f09-44e1-b709-86b1780d9253,Brake Pad Kit H5 -1-01 (Canvas Rem) H5,"39,500",0,1,0,0,1,0,NOT_COVERED,APPLIED,GEN-F1130-001-F-NE,"1,758",STORING,Pondok Indah,Service Advisor PI,B 5298 SVL,"8,454"
"Sep 18, 2025, 19:32",WO-143750901918628960,SPAREPART,3cb2a551-8898-476b-a8a5-0a016d76e96b,The rear disc brake assembly has no logo H3,"100,000",0,1,0,0,1,0,NOT_COVERED,APPLIED,H3A-F0220-001-R-NE,851,REPO_MAINTENANCE,Pondok Indah,Eka Pitaloka,B 3488 PWE,"29,107"
"Sep 18, 2025, 19:32",WO-143750901918628960,SPAREPART,87eede8f-1064-4c4e-912d-9319aa96d5b0,Brake Pad H3 FR / RR H3,"26,000",0,1,0,0,1,0,NOT_COVERED,APPLIED,GEN-F0130-001-N-NE,"1,075",REPO_MAINTENANCE,Pondok Indah,Eka Pitaloka,B 3488 PWE,"29,107"
"Sep 18, 2025, 19:26",WO-143721871261569980,SPAREPART,83ff687a-bfd0-4975-936c-81b8115da6d5,Brake Fluid H3,"24,484",0,1,0,0,1,0,NOT_COVERED,APPLIED,GEN-K0050-001-N-NE,"1,737",WALK_IN_MAINTENANCE,Pondok Indah,Eka Pitaloka,B 5196 SVL,"10,222"
"Sep 18, 2025, 19:26",WO-143721871261569980,SPAREPART,fa116921-3f09-44e1-b709-86b1780d9253,Brake Pad Kit H5 -1-01 (Canvas Rem) H5,"39,500",0,1,0,0,1,0,NOT_COVERED,APPLIED,GEN-F1130-001-F-NE,"1,758",WALK_IN_MAINTENANCE,Pondok Indah,Eka Pitaloka,B 5196 SVL,"10,222"
"Sep 18, 2025, 19:26",WO-143721871261569980,SPAREPART,79e0bbc0-0b87-4142-8e3f-0b3ccdc86641,Brake Pad Kit H5 -2-01 (Canvas Rem) H5,"28,500",0,1,0,0,1,0,NOT_COVERED,APPLIED,GEN-F1140-001-R-NE,"1,759",WALK_IN_MAINTENANCE,Pondok Indah,Eka Pitaloka,B 5196 SVL,"10,222"
"Sep 18, 2025, 19:23",WO-143753248631716960,SPAREPART,87eede8f-1064-4c4e-912d-9319aa96d5b0,Brake Pad H3 FR / RR H3,"26,000",0,2,0,0,2,0,NOT_COVERED,APPLIED,GEN-F0130-001-N-NE,"1,075",STORING,Pondok Indah,Naufal Rabbani,B 3550 PWE,0
"Sep 18, 2025, 19:22",WO-143753248631716960,SPAREPART,e0402ad2-4c70-44c0-b2a2-8bccaf20ce7b,Steering rack assembly 6.42±0.04kg H3,"100,000",0,1,0,0,1,0,NOT_COVERED,APPLIED,H3A-F0070-001-N-NE,845,STORING,Pondok Indah,Naufal Rabbani,B 3550 PWE,0
"Sep 18, 2025, 19:15",WO-143751981649919072,SPAREPART,ec86c430-e74c-451d-8d93-6d47384acc17,Tire 90/90-12 H3 (KENDA) H3,"100,000",0,1,0,0,1,0,NOT_COVERED,APPLIED,GEN-F0500-001-N-MA,"1,741",REPO_MAINTENANCE,Pondok Indah,Service Advisor PI,B 4142 SWB,"11,166"
"Sep 18, 2025, 19:15",WO-143751981649919072,SPAREPART,87eede8f-1064-4c4e-912d-9319aa96d5b0,Brake Pad H3 FR / RR H3,"26,000",0,2,0,0,2,0,NOT_COVERED,APPLIED,GEN-F0130-001-N-NE,"1,075",REPO_MAINTENANCE,Pondok Indah,Service Advisor PI,B 4142 SWB,"11,166"
"Sep 18, 2025, 18:48",WO-143759310843837536,SPAREPART,24f4995a-befd-4ad6-a490-c6318261742f,Cover Plat Nomer H3,"18,500",0,1,0,0,1,0,NOT_COVERED,APPLIED,GEN-A0140-001-N-MA,"1,738",REPO_MAINTENANCE,Pondok Indah,Eka Pitaloka,B 4761 SVT,"33,862"
"Sep 18, 2025, 18:48",WO-143759310843837536,SPAREPART,87eede8f-1064-4c4e-912d-9319aa96d5b0,Brake Pad H3 FR / RR H3,"26,000",0,1,0,0,1,0,NOT_COVERED,APPLIED,GEN-F0130-001-N-NE,"1,075",REPO_MAINTENANCE,Pondok Indah,Eka Pitaloka,B 4761 SVT,"33,862"
"Sep 18, 2025, 17:57",WO-143699406317689565,SPAREPART,0e0b97f2-dbdf-406c-9f9f-50593bec1724,Cable throttle holder H5,"5,129","41,000",1,0,0,1,"41,000",NOT_COVERED,APPLIED,H5A-E70160-001-N-NE,950,STORING,Pondok Indah,Eka Pitaloka,B 4929 SVN,"7,967"
"Sep 18, 2025, 17:50",WO-143741581252394080,SPAREPART,fa116921-3f09-44e1-b709-86b1780d9253,Brake Pad Kit H5 -1-01 (Canvas Rem) H5,"39,500",0,1,0,0,1,0,NOT_COVERED,APPLIED,GEN-F1130-001-F-NE,"1,758",REPO_MAINTENANCE,Pondok Indah,Eka Pitaloka,B 5109 SVL,"79,680"
"Sep 18, 2025, 17:50",WO-143741581252394080,SPAREPART,79e0bbc0-0b87-4142-8e3f-0b3ccdc86641,Brake Pad Kit H5 -2-01 (Canvas Rem) H5,"28,500",0,1,0,0,1,0,NOT_COVERED,APPLIED,GEN-F1140-001-R-NE,"1,759",REPO_MAINTENANCE,Pondok Indah,Eka Pitaloka,B 5109 SVL,"79,680"
"Sep 18, 2025, 17:50",WO-143741581252394080,SPAREPART,24f4995a-befd-4ad6-a490-c6318261742f,Cover Plat Nomer H3,"18,500",0,1,0,0,1,0,NOT_COVERED,APPLIED,GEN-A0140-001-N-MA,"1,738",REPO_MAINTENANCE,Pondok Indah,Eka Pitaloka,B 5109 SVL,"79,680"
"Sep 18, 2025, 17:50",WO-143741581252394080,SPAREPART,100f831b-2f8a-450d-b561-f652c2f6d14c,Smart lock (GO PLUS) H5,"100,000",0,1,0,0,1,0,NOT_COVERED,APPLIED,H5A-E70130-001-N-NE,944,REPO_MAINTENANCE,Pondok Indah,Eka Pitaloka,B 5109 SVL,"79,680"
"Sep 18, 2025, 17:50",WO-143741581252394080,SPAREPART,37dc324d-ba63-404f-b663-747c4a4566a1,disc Brake H5,"70,000",0,1,0,0,1,0,NOT_COVERED,APPLIED,GEN-F1120-001-R-NE,"1,761",REPO_MAINTENANCE,Pondok Indah,Eka Pitaloka,B 5109 SVL,"79,680"
"Sep 18, 2025, 17:50",WO-143741581252394080,SPAREPART,264a9a64-1694-465f-9053-b85c94fa6607,Capricorn auxilliary cable (Headlight) H5,"16,882",0,1,0,0,1,0,NOT_COVERED,APPLIED,H5A-E50110-001-L-NE,962,REPO_MAINTENANCE,Pondok Indah,Eka Pitaloka,B 5109 SVL,"79,680"
"Sep 18, 2025, 17:35",WO-143744213949879228,SPAREPART,87eede8f-1064-4c4e-912d-9319aa96d5b0,Brake Pad H3 FR / RR H3,"26,000",0,1,0,0,1,0,NOT_COVERED,APPLIED,GEN-F0130-001-N-NE,"1,075",WALK_IN_MAINTENANCE,Pondok Indah,Eka Pitaloka,B 4557 SVP,"46,360"
"Sep 18, 2025, 17:32",WO-143745013551993788,SPAREPART,87eede8f-1064-4c4e-912d-9319aa96d5b0,Brake Pad H3 FR / RR H3,"26,000",0,2,0,0,2,0,NOT_COVERED,APPLIED,GEN-F0130-001-N-NE,"1,075",STORING,Pondok Indah,Service Advisor PI,B 4836 SWC,"17,264"
"Sep 18, 2025, 17:28",WO-143746464747650144,SPAREPART,dd2a8a8a-2754-4afb-a57e-cb1336bb234c,Front fender H5,"91,241",0,1,0,0,1,0,NOT_COVERED,APPLIED,H5A-B0760-001-F-BL,883,WALK_IN_MAINTENANCE,Pondok Indah,Eka Pitaloka,B 4869 SVN,"51,263"
"Sep 18, 2025, 17:23",WO-143740269945191520,SPAREPART,fa116921-3f09-44e1-b709-86b1780d9253,Brake Pad Kit H5 -1-01 (Canvas Rem) H5,"39,500",0,1,0,0,1,0,NOT_COVERED,APPLIED,GEN-F1130-001-F-NE,"1,758",STORING,Pondok Indah,Eka Pitaloka,B 5270 SVL,"46,578"
"Sep 18, 2025, 17:23",WO-143740269945191520,SPAREPART,79e0bbc0-0b87-4142-8e3f-0b3ccdc86641,Brake Pad Kit H5 -2-01 (Canvas Rem) H5,"28,500",0,1,0,0,1,0,NOT_COVERED,APPLIED,GEN-F1140-001-R-NE,"1,759",STORING,Pondok Indah,Eka Pitaloka,B 5270 SVL,"46,578"
"Sep 18, 2025, 17:20",WO-143748557705319356,SPAREPART,e690e2c0-63af-4657-8428-91e226c44d8b,Horn H3,"11,983",0,1,0,0,1,0,NOT_COVERED,APPLIED,H3A-E60040-001-N-NE,872,STORING,Pondok Indah,Service Advisor PI,B 4506 SVV,"40,647"
"Sep 18, 2025, 17:20",WO-143329675819675701,SPAREPART,ec86c430-e74c-451d-8d93-6d47384acc17,Tire 90/90-12 H3 (KENDA) H3,"100,000",0,1,0,0,1,0,NOT_COVERED,APPLIED,GEN-F0500-001-N-MA,"1,741",URGENT,Pondok Indah,Service Advisor PI,B 5513 SVL,0
"Sep 18, 2025, 17:20",WO-143329675819675701,SPAREPART,1ac25aee-ff64-497d-a915-e4617a1892ae,Bearing Nachi 6201 H3,"13,967",0,1,0,0,1,0,NOT_COVERED,APPLIED,GEN-F0060-001-F-NE,"1,735",URGENT,Pondok Indah,Service Advisor PI,B 5513 SVL,0
"Sep 18, 2025, 17:10",WO-143637055975463645,SPAREPART,0f6ae3ea-bbd1-40bb-a8ee-46b1883a0c2d,Headlight H5,"100,000",0,1,0,0,1,0,NOT_COVERED,APPLIED,H5A-E60080-001-N-NE,937,REPO_MAINTENANCE,Pondok Indah,Eka Pitaloka,B 4722 SVN,"14,723"
"Sep 18, 2025, 17:10",WO-143637055975463645,SPAREPART,fa116921-3f09-44e1-b709-86b1780d9253,Brake Pad Kit H5 -1-01 (Canvas Rem) H5,"39,500",0,1,0,0,1,0,NOT_COVERED,APPLIED,GEN-F1130-001-F-NE,"1,758",REPO_MAINTENANCE,Pondok Indah,Eka Pitaloka,B 4722 SVN,"14,723"
"Sep 18, 2025, 17:10",WO-143637055975463645,SPAREPART,64cde6f9-4cf9-4026-88c7-51d71c6d8351,Capricorn five switches (Headlight always on) H5,"24,173",0,1,0,0,1,0,NOT_COVERED,APPLIED,H5A-E60170-001-N-NE,951,REPO_MAINTENANCE,Pondok Indah,Eka Pitaloka,B 4722 SVN,"14,723"
"Sep 18, 2025, 17:10",WO-143637055975463645,SPAREPART,79e0bbc0-0b87-4142-8e3f-0b3ccdc86641,Brake Pad Kit H5 -2-01 (Canvas Rem) H5,"28,500",0,1,0,0,1,0,NOT_COVERED,APPLIED,GEN-F1140-001-R-NE,"1,759",REPO_MAINTENANCE,Pondok Indah,Eka Pitaloka,B 4722 SVN,"14,723"
"Sep 18, 2025, 17:10",WO-143738338652722108,SPAREPART,87eede8f-1064-4c4e-912d-9319aa96d5b0,Brake Pad H3 FR / RR H3,"26,000",0,2,0,0,2,0,NOT_COVERED,APPLIED,GEN-F0130-001-N-NE,"1,075",WALK_IN_MAINTENANCE,Pondok Indah,Eka Pitaloka,B 4507 SVT,"29,938"
"Sep 18, 2025, 17:10",WO-143738338652722108,SPAREPART,1ac25aee-ff64-497d-a915-e4617a1892ae,Bearing Nachi 6201 H3,"13,967",0,2,0,0,2,0,NOT_COVERED,APPLIED,GEN-F0060-001-F-NE,"1,735",WALK_IN_MAINTENANCE,Pondok Indah,Eka Pitaloka,B 4507 SVT,"29,938"
"Sep 18, 2025, 17:07",WO-143713272250530912,SPAREPART,9ae448db-156e-4e8b-8980-6f520521c921,Speed control handle cable H3,"16,169",0,1,0,0,1,0,NOT_COVERED,APPLIED,H3A-E70090-001-N-BL,857,STORING,Pondok Indah,Service Advisor PI,B 4609 SVO,"656,066"
"Sep 18, 2025, 17:04",WO-143748557705319356,SPAREPART,87eede8f-1064-4c4e-912d-9319aa96d5b0,Brake Pad H3 FR / RR H3,"26,000",0,2,0,0,2,0,NOT_COVERED,APPLIED,GEN-F0130-001-N-NE,"1,075",STORING,Pondok Indah,Service Advisor PI,B 4506 SVV,"40,647"
"Sep 18, 2025, 17:03",WO-143753499031665760,SPAREPART,c52ca52a-85ef-43ad-8637-a9a65142da16,Rear disc brake disc H3,"26,519","80,000",1,0,0,1,"80,000",NOT_COVERED,APPLIED,GEN-F0190-001-R-NE,854,REPO_MAINTENANCE,Bekasi,Service Advisor Bekasi,B 4095 SVT,"56,245"
"Sep 18, 2025, 17:03",WO-143753499031665760,SPAREPART,87eede8f-1064-4c4e-912d-9319aa96d5b0,Brake Pad H3 FR / RR H3,"26,000",0,1,0,0,1,0,NOT_COVERED,APPLIED,GEN-F0130-001-N-NE,"1,075",REPO_MAINTENANCE,Bekasi,Service Advisor Bekasi,B 4095 SVT,"56,245"
"Sep 18, 2025, 16:59",WO-143739623653276768,SPAREPART,9ae448db-156e-4e8b-8980-6f520521c921,Speed control handle cable H3,"16,169","49,000",1,0,0,1,"49,000",NOT_COVERED,APPLIED,H3A-E70090-001-N-BL,857,STORING,Pondok Indah,Service Advisor PI,B 3816 PWF,"377,626"
"Sep 18, 2025, 16:57",WO-143633619599028277,SPAREPART,87eede8f-1064-4c4e-912d-9319aa96d5b0,Brake Pad H3 FR / RR H3,"26,000",0,1,0,0,1,0,NOT_COVERED,APPLIED,GEN-F0130-001-N-NE,"1,075",REPO_MAINTENANCE,Pondok Indah,Eka Pitaloka,B 4823 SVT,"42,206"
"Sep 18, 2025, 16:57",WO-143633619599028277,SPAREPART,1ac25aee-ff64-497d-a915-e4617a1892ae,Bearing Nachi 6201 H3,"13,967",0,1,0,0,1,0,NOT_COVERED,APPLIED,GEN-F0060-001-F-NE,"1,735",REPO_MAINTENANCE,Pondok Indah,Eka Pitaloka,B 4823 SVT,"42,206"
"Sep 18, 2025, 16:57",WO-143633619599028277,SPAREPART,ec86c430-e74c-451d-8d93-6d47384acc17,Tire 90/90-12 H3 (KENDA) H3,"100,000",0,2,0,0,2,0,NOT_COVERED,APPLIED,GEN-F0500-001-N-MA,"1,741",REPO_MAINTENANCE,Pondok Indah,Eka Pitaloka,B 4823 SVT,"42,206"
"Sep 18, 2025, 16:57",WO-143633619599028277,SPAREPART,0e63dd11-3dfb-40f2-9820-7fc9cc0b12bc,Front fork bearings H3,"42,021",0,1,0,0,1,0,NOT_COVERED,APPLIED,GEN-F0100-001-F-NE,849,REPO_MAINTENANCE,Pondok Indah,Eka Pitaloka,B 4823 SVT,"42,206"
"Sep 18, 2025, 16:57",WO-143633619599028277,SPAREPART,6f887a0a-e2ae-4556-afe9-b554bb26559f,Headlight H3,"100,000",0,1,0,0,1,0,NOT_COVERED,APPLIED,H3A-E60030-001-N-NE,821,REPO_MAINTENANCE,Pondok Indah,Eka Pitaloka,B 4823 SVT,"42,206"
"Sep 18, 2025, 16:53",WO-143731863536565344,SPAREPART,1ac25aee-ff64-497d-a915-e4617a1892ae,Bearing Nachi 6201 H3,"13,967",0,1,0,0,1,0,NOT_COVERED,APPLIED,GEN-F0060-001-F-NE,"1,735",REPO_MAINTENANCE,Pondok Indah,Eka Pitaloka,B 4629 SVP,"43,955"
"Sep 18, 2025, 16:52",WO-143740393861682108,SPAREPART,79e0bbc0-0b87-4142-8e3f-0b3ccdc86641,Brake Pad Kit H5 -2-01 (Canvas Rem) H5,"28,500",0,1,0,0,1,0,NOT_COVERED,APPLIED,GEN-F1140-001-R-NE,"1,759",REPO_MAINTENANCE,Pondok Indah,Service Advisor PI,B 4209 SVO,"54,303"
"Sep 18, 2025, 16:52",WO-143740393861682108,SPAREPART,37dc324d-ba63-404f-b663-747c4a4566a1,disc Brake H5,"70,000",0,1,0,0,1,0,NOT_COVERED,APPLIED,GEN-F1120-001-R-NE,"1,761",REPO_MAINTENANCE,Pondok Indah,Service Advisor PI,B 4209 SVO,"54,303"
"Sep 18, 2025, 16:52",WO-143740393861682108,SPAREPART,24f4995a-befd-4ad6-a490-c6318261742f,Cover Plat Nomer H3,"18,500",0,1,0,0,1,0,NOT_COVERED,APPLIED,GEN-A0140-001-N-MA,"1,738",REPO_MAINTENANCE,Pondok Indah,Service Advisor PI,B 4209 SVO,"54,303"
"Sep 18, 2025, 16:52",WO-143740393861682108,SPAREPART,fa116921-3f09-44e1-b709-86b1780d9253,Brake Pad Kit H5 -1-01 (Canvas Rem) H5,"39,500",0,1,0,0,1,0,NOT_COVERED,APPLIED,GEN-F1130-001-F-NE,"1,758",REPO_MAINTENANCE,Pondok Indah,Service Advisor PI,B 4209 SVO,"54,303"
"Sep 18, 2025, 16:52",WO-143746377589986236,SPAREPART,87eede8f-1064-4c4e-912d-9319aa96d5b0,Brake Pad H3 FR / RR H3,"26,000",0,2,0,0,2,0,NOT_COVERED,APPLIED,GEN-F0130-001-N-NE,"1,075",STORING,Pondok Indah,Naufal Rabbani,B 4662 SWA,"14,734"
"Sep 18, 2025, 16:36",WO-143746377589986236,SPAREPART,ec86c430-e74c-451d-8d93-6d47384acc17,Tire 90/90-12 H3 (KENDA) H3,"100,000",0,1,0,0,1,0,NOT_COVERED,APPLIED,GEN-F0500-001-N-MA,"1,741",STORING,Pondok Indah,Naufal Rabbani,B 4662 SWA,"14,734"
"Sep 18, 2025, 16:35",WO-143750605465222240,SPAREPART,87eede8f-1064-4c4e-912d-9319aa96d5b0,Brake Pad H3 FR / RR H3,"26,000",0,2,0,0,2,0,NOT_COVERED,APPLIED,GEN-F0130-001-N-NE,"1,075",REPO_MAINTENANCE,Bekasi,Service Advisor Bekasi,B 4307 SVT,"288,596"
"Sep 18, 2025, 16:35",WO-143446715943361245,SPAREPART,87eede8f-1064-4c4e-912d-9319aa96d5b0,Brake Pad H3 FR / RR H3,"26,000",0,2,0,0,2,0,NOT_COVERED,APPLIED,GEN-F0130-001-N-NE,"1,075",STORING,Pondok Indah,Eka Pitaloka,B 5294 BWJ,"30,221"
"Sep 18, 2025, 16:29",WO-143634071526895669,SPAREPART,37dc324d-ba63-404f-b663-747c4a4566a1,disc Brake H5,"70,000",0,1,0,0,1,0,NOT_COVERED,APPLIED,GEN-F1120-001-R-NE,"1,761",REPO_MAINTENANCE,Pondok Indah,Eka Pitaloka,B 4575 SVL,"68,326"
"Sep 18, 2025, 16:29",WO-143634071526895669,SPAREPART,f2da30c2-ccf7-4543-abf2-ebf2596dbdd4,Front shock absorber (left) H5,"100,000",0,1,0,0,1,0,NOT_COVERED,APPLIED,H5A-F0820-001-L-NE,977,REPO_MAINTENANCE,Pondok Indah,Eka Pitaloka,B 4575 SVL,"68,326"
"Sep 18, 2025, 16:29",WO-143634071526895669,SPAREPART,0e0b97f2-dbdf-406c-9f9f-50593bec1724,Cable throttle holder H5,"5,129",0,1,0,0,1,0,NOT_COVERED,APPLIED,H5A-E70160-001-N-NE,950,REPO_MAINTENANCE,Pondok Indah,Eka Pitaloka,B 4575 SVL,"68,326"
"Sep 18, 2025, 16:29",WO-143634071526895669,SPAREPART,fa116921-3f09-44e1-b709-86b1780d9253,Brake Pad Kit H5 -1-01 (Canvas Rem) H5,"39,500",0,2,0,0,2,0,NOT_COVERED,APPLIED,GEN-F1130-001-F-NE,"1,758",REPO_MAINTENANCE,Pondok Indah,Eka Pitaloka,B 4575 SVL,"68,326"
"Sep 18, 2025, 16:29",WO-143634071526895669,SPAREPART,8ce4250a-b0be-4d3c-97ca-b3dda84a0b6d,Bearing Nachi 6004 H5,"17,980",0,1,0,0,1,0,NOT_COVERED,APPLIED,GEN-F0580-001-R-NE,"1,760",REPO_MAINTENANCE,Pondok Indah,Eka Pitaloka,B 4575 SVL,"68,326"
"Sep 18, 2025, 16:29",WO-143634071526895669,SPAREPART,1ed8c3bb-03cc-4b1c-9839-a09259c5e5d3,Front shock absorber (right) H5,"100,000",0,1,0,0,1,0,NOT_COVERED,APPLIED,H5A-F0830-001-R-NE,976,REPO_MAINTENANCE,Pondok Indah,Eka Pitaloka,B 4575 SVL,"68,326"
"Sep 18, 2025, 16:29",WO-143634071526895669,SPAREPART,99aeb49e-788d-4e25-bb08-36891593def4,Front fork R H5,0,0,2,0,0,2,0,NOT_COVERED,APPLIED,H5A-F2390-001-F-NE,"1,767",REPO_MAINTENANCE,Pondok Indah,Eka Pitaloka,B 4575 SVL,"68,326"
"Sep 18, 2025, 16:29",WO-143634071526895669,SPAREPART,999f14b8-db39-41e5-a31a-b5e0b7e8d909,Tires (far star) H5,"100,000",0,1,0,0,1,0,NOT_COVERED,APPLIED,GEN-F1090-001-N-NE,982,REPO_MAINTENANCE,Pondok Indah,Eka Pitaloka,B 4575 SVL,"68,326"
"Sep 18, 2025, 16:29",WO-143634071526895669,SPAREPART,64cde6f9-4cf9-4026-88c7-51d71c6d8351,Capricorn five switches (Headlight always on) H5,"24,173",0,1,0,0,1,0,NOT_COVERED,APPLIED,H5A-E60170-001-N-NE,951,REPO_MAINTENANCE,Pondok Indah,Eka Pitaloka,B 4575 SVL,"68,326"
"Sep 18, 2025, 16:29",WO-143745398857563232,SPAREPART,87eede8f-1064-4c4e-912d-9319aa96d5b0,Brake Pad H3 FR / RR H3,"26,000",0,2,0,0,2,0,NOT_COVERED,APPLIED,GEN-F0130-001-N-NE,"1,075",STORING,Pondok Indah,Eka Pitaloka,B 4479 SVR,"40,169"
"Sep 18, 2025, 16:29",WO-143748089033790396,SPAREPART,87eede8f-1064-4c4e-912d-9319aa96d5b0,Brake Pad H3 FR / RR H3,"26,000",0,1,0,0,1,0,NOT_COVERED,APPLIED,GEN-F0130-001-N-NE,"1,075",WALK_IN_MAINTENANCE,Kembangan,Irawan,B 5235 BWJ,"18,951"
"Sep 18, 2025, 16:28",WO-143744739462615996,SPAREPART,09cdc216-e990-45ad-806c-c63e5fda4d90,Frame number cover H3,"19,159","25,000",1,0,0,1,"25,000",NOT_COVERED,APPLIED,H3A-C0020-001-N-NE,809,WALK_IN_MAINTENANCE,Pondok Indah,Eka Pitaloka,B 4814 SVT,"57,057"
"Sep 18, 2025, 16:28",WO-143744739462615996,SPAREPART,87eede8f-1064-4c4e-912d-9319aa96d5b0,Brake Pad H3 FR / RR H3,"26,000",0,1,0,0,1,0,NOT_COVERED,APPLIED,GEN-F0130-001-N-NE,"1,075",WALK_IN_MAINTENANCE,Pondok Indah,Eka Pitaloka,B 4814 SVT,"57,057"
"Sep 18, 2025, 16:28",WO-143738125632437344,SPAREPART,87eede8f-1064-4c4e-912d-9319aa96d5b0,Brake Pad H3 FR / RR H3,"26,000",0,1,0,0,1,0,NOT_COVERED,APPLIED,GEN-F0130-001-N-NE,"1,075",WALK_IN_MAINTENANCE,Kembangan,Irawan,B 4577 SVR,"621,620"
"Sep 18, 2025, 16:28",WO-143738125632437344,SPAREPART,0e63dd11-3dfb-40f2-9820-7fc9cc0b12bc,Front fork bearings H3,"42,021",0,2,0,0,2,0,NOT_COVERED,APPLIED,GEN-F0100-001-F-NE,849,WALK_IN_MAINTENANCE,Kembangan,Irawan,B 4577 SVR,"621,620"
"Sep 18, 2025, 16:21",WO-143745337452952672,SPAREPART,87eede8f-1064-4c4e-912d-9319aa96d5b0,Brake Pad H3 FR / RR H3,"26,000",0,2,0,0,2,0,NOT_COVERED,APPLIED,GEN-F0130-001-N-NE,"1,075",WALK_IN_MAINTENANCE,Pondok Indah,Eka Pitaloka,B 4543 SWA,"13,849"
"Sep 18, 2025, 16:19",WO-143747716009169852,SPAREPART,87eede8f-1064-4c4e-912d-9319aa96d5b0,Brake Pad H3 FR / RR H3,"26,000",0,2,0,0,2,0,NOT_COVERED,APPLIED,GEN-F0130-001-N-NE,"1,075",REGULAR,Kembangan,Irawan,B 4640 SVR,"69,121"
"Sep 18, 2025, 16:11",WO-143733115385287612,SPAREPART,1ac25aee-ff64-497d-a915-e4617a1892ae,Bearing Nachi 6201 H3,"13,967","13,500",2,0,0,2,"27,000",NOT_COVERED,APPLIED,GEN-F0060-001-F-NE,"1,735",STORING,Pondok Indah,Service Advisor PI,B 5140 SVL,"75,355"
"Sep 18, 2025, 16:01",WO-143741223981579360,SPAREPART,87eede8f-1064-4c4e-912d-9319aa96d5b0,Brake Pad H3 FR / RR H3,"26,000",0,2,0,0,2,0,NOT_COVERED,APPLIED,GEN-F0130-001-N-NE,"1,075",WALK_IN_MAINTENANCE,Pondok Indah,Eka Pitaloka,B 4563 SVP,"19,872"
"Sep 18, 2025, 16:00",WO-143746955565077436,SPAREPART,87eede8f-1064-4c4e-912d-9319aa96d5b0,Brake Pad H3 FR / RR H3,"26,000",0,1,0,0,1,0,NOT_COVERED,APPLIED,GEN-F0130-001-N-NE,"1,075",REGULAR,Depok,Aji Fadilah,B 4610 SWA,"249,438"
"Sep 18, 2025, 15:59",WO-143738872738616252,SPAREPART,87eede8f-1064-4c4e-912d-9319aa96d5b0,Brake Pad H3 FR / RR H3,"26,000",0,2,0,0,2,0,NOT_COVERED,APPLIED,GEN-F0130-001-N-NE,"1,075",STORING,Pondok Indah,Eka Pitaloka,B 4764 SVO,"342,057"
"Sep 18, 2025, 15:59",WO-143734947927063648,SPAREPART,87eede8f-1064-4c4e-912d-9319aa96d5b0,Brake Pad H3 FR / RR H3,"26,000",0,2,0,0,2,0,NOT_COVERED,APPLIED,GEN-F0130-001-N-NE,"1,075",WALK_IN_MAINTENANCE,Pondok Indah,Eka Pitaloka,B 4705 SVP,"45,300"
"Sep 18, 2025, 15:59",WO-143734947927063648,SPAREPART,1ac25aee-ff64-497d-a915-e4617a1892ae,Bearing Nachi 6201 H3,"13,967",0,1,0,0,1,0,NOT_COVERED,APPLIED,GEN-F0060-001-F-NE,"1,735",WALK_IN_MAINTENANCE,Pondok Indah,Eka Pitaloka,B 4705 SVP,"45,300"
"Sep 18, 2025, 15:59",WO-143734947927063648,SPAREPART,f254f829-8173-472e-b0ef-11f788620af5,Lock plate H3,"36,846",0,1,0,0,1,0,NOT_COVERED,APPLIED,H3A-F0410-001-N-NE,858,WALK_IN_MAINTENANCE,Pondok Indah,Eka Pitaloka,B 4705 SVP,"45,300"
"Sep 18, 2025, 15:23",WO-143633927393778397,SPAREPART,87eede8f-1064-4c4e-912d-9319aa96d5b0,Brake Pad H3 FR / RR H3,"26,000",0,2,0,0,2,0,NOT_COVERED,APPLIED,GEN-F0130-001-N-NE,"1,075",REPO_MAINTENANCE,Pondok Indah,Eka Pitaloka,B 4395 SVT,0
"Sep 18, 2025, 15:23",WO-143633927393778397,SPAREPART,c52ca52a-85ef-43ad-8637-a9a65142da16,Rear disc brake disc H3,"26,519",0,1,0,0,1,0,NOT_COVERED,APPLIED,GEN-F0190-001-R-NE,854,REPO_MAINTENANCE,Pondok Indah,Eka Pitaloka,B 4395 SVT,0
"Sep 18, 2025, 15:23",WO-143633927393778397,SPAREPART,1ac25aee-ff64-497d-a915-e4617a1892ae,Bearing Nachi 6201 H3,"13,967",0,1,0,0,1,0,NOT_COVERED,APPLIED,GEN-F0060-001-F-NE,"1,735",REPO_MAINTENANCE,Pondok Indah,Eka Pitaloka,B 4395 SVT,0
"Sep 18, 2025, 15:12",WO-143741365564478396,SPAREPART,ec86c430-e74c-451d-8d93-6d47384acc17,Tire 90/90-12 H3 (KENDA) H3,"100,000","100,000",1,0,0,1,"100,000",NOT_COVERED,APPLIED,GEN-F0500-001-N-MA,"1,741",REGULAR,Kembangan,Intan melina,B 4439 SVR,"51,597"
"Sep 18, 2025, 15:12",WO-143741365564478396,SPAREPART,87eede8f-1064-4c4e-912d-9319aa96d5b0,Brake Pad H3 FR / RR H3,"26,000",0,2,0,0,2,0,NOT_COVERED,APPLIED,GEN-F0130-001-N-NE,"1,075",REGULAR,Kembangan,Intan melina,B 4439 SVR,"51,597"
"Sep 18, 2025, 15:05",WO-143741410745547872,SPAREPART,e0402ad2-4c70-44c0-b2a2-8bccaf20ce7b,Steering rack assembly 6.42±0.04kg H3,"100,000","100,000",1,0,0,1,"100,000",NOT_COVERED,APPLIED,H3A-F0070-001-N-NE,845,STORING,Pondok Indah,Muhamad Chaerudin,B 4766 SVT,"45,778"
"Sep 18, 2025, 15:03",WO-143741489514550204,SPAREPART,87eede8f-1064-4c4e-912d-9319aa96d5b0,Brake Pad H3 FR / RR H3,"26,000",0,1,0,0,1,0,NOT_COVERED,APPLIED,GEN-F0130-001-N-NE,"1,075",REGULAR,Bekasi,Service Advisor Bekasi,B 4762 SVP,"182,582"
"Sep 18, 2025, 14:51",WO-143731884860380092,SPAREPART,5075f880-8de8-488e-9bca-4db3d05c3583,Brake pad Front H1 - Fr H1,"26,000",0,2,0,0,2,0,NOT_COVERED,APPLIED,GEN-F1280-001-N-NE,"1,789",WALK_IN_MAINTENANCE,Pondok Indah,Eka Pitaloka,B 4818 SVR,"42,309"
"Sep 18, 2025, 14:51",WO-143731884860380092,SPAREPART,ec86c430-e74c-451d-8d93-6d47384acc17,Tire 90/90-12 H3 (KENDA) H3,"100,000",0,1,0,0,1,0,NOT_COVERED,APPLIED,GEN-F0500-001-N-MA,"1,741",WALK_IN_MAINTENANCE,Pondok Indah,Eka Pitaloka,B 4818 SVR,"42,309"
"Sep 18, 2025, 14:49",WO-143740008505807804,SPAREPART,87eede8f-1064-4c4e-912d-9319aa96d5b0,Brake Pad H3 FR / RR H3,"26,000",0,2,0,0,2,0,NEW_ONBOARDING,APPLIED,GEN-F0130-001-N-NE,"1,075",REGULAR,Pondok Indah,Faris Abdurrahan,B 4146 SVP,"38,617"
"Sep 18, 2025, 14:44",WO-143739352785124448,SPAREPART,87eede8f-1064-4c4e-912d-9319aa96d5b0,Brake Pad H3 FR / RR H3,"26,000",0,1,0,0,1,0,NOT_COVERED,APPLIED,GEN-F0130-001-N-NE,"1,075",REGULAR,Depok,Aji Fadilah,B 4022 SVP,"55,091"
"Sep 18, 2025, 14:44",WO-143739352785124448,SPAREPART,4f61b5b1-5307-4fb7-b626-d5a1c1cabd30,Lock plate cable H3,"8,096","49,000",1,0,0,1,"49,000",NOT_COVERED,APPLIED,H3A-F0400-001-N-NE,856,REGULAR,Depok,Aji Fadilah,B 4022 SVP,"55,091"
"Sep 18, 2025, 14:40",WO-143739124027784288,SPAREPART,c52ca52a-85ef-43ad-8637-a9a65142da16,Rear disc brake disc H3,"26,519","80,000",1,0,0,1,"80,000",NOT_COVERED,APPLIED,GEN-F0190-001-R-NE,854,REGULAR,Pondok Indah,Eka Pitaloka,B 3594 PWE,"40,198"
"Sep 18, 2025, 14:36",WO-143738647118642272,SPAREPART,fa116921-3f09-44e1-b709-86b1780d9253,Brake Pad Kit H5 -1-01 (Canvas Rem) H5,"39,500",0,1,0,0,1,0,NEW_ONBOARDING,APPLIED,GEN-F1130-001-F-NE,"1,758",REGULAR,Pondok Indah,Randy,B 5223 SVL,"72,348"
"Sep 18, 2025, 14:36",WO-143738647118642272,SPAREPART,79e0bbc0-0b87-4142-8e3f-0b3ccdc86641,Brake Pad Kit H5 -2-01 (Canvas Rem) H5,"28,500",0,1,0,0,1,0,NEW_ONBOARDING,APPLIED,GEN-F1140-001-R-NE,"1,759",REGULAR,Pondok Indah,Randy,B 5223 SVL,"72,348"
"Sep 18, 2025, 14:36",WO-143738647118642272,SPAREPART,999f14b8-db39-41e5-a31a-b5e0b7e8d909,Tires (far star) H5,"100,000","100,000",1,0,0,1,"100,000",NOT_COVERED,APPLIED,GEN-F1090-001-N-NE,982,REGULAR,Pondok Indah,Randy,B 5223 SVL,"72,348"
"Sep 18, 2025, 14:35",WO-143738462149835872,SPAREPART,ec86c430-e74c-451d-8d93-6d47384acc17,Tire 90/90-12 H3 (KENDA) H3,"100,000","100,000",1,0,0,1,"100,000",NOT_COVERED,APPLIED,GEN-F0500-001-N-MA,"1,741",REPO_MAINTENANCE,Bekasi,Service Advisor Bekasi,B 4316 SVP,"544,034"
"Sep 18, 2025, 14:35",WO-143738462149835872,SPAREPART,87eede8f-1064-4c4e-912d-9319aa96d5b0,Brake Pad H3 FR / RR H3,"26,000",0,1,0,0,1,0,NOT_COVERED,APPLIED,GEN-F0130-001-N-NE,"1,075",REPO_MAINTENANCE,Bekasi,Service Advisor Bekasi,B 4316 SVP,"544,034"
"Sep 18, 2025, 14:28",WO-143634428109789917,SPAREPART,87eede8f-1064-4c4e-912d-9319aa96d5b0,Brake Pad H3 FR / RR H3,"26,000",0,2,0,0,2,0,NOT_COVERED,APPLIED,GEN-F0130-001-N-NE,"1,075",REPO_MAINTENANCE,Pondok Indah,Eka Pitaloka,B 4185 SWA,"15,381"
"Sep 18, 2025, 14:28",WO-143634428109789917,SPAREPART,ec86c430-e74c-451d-8d93-6d47384acc17,Tire 90/90-12 H3 (KENDA) H3,"100,000",0,1,0,0,1,0,NOT_COVERED,APPLIED,GEN-F0500-001-N-MA,"1,741",REPO_MAINTENANCE,Pondok Indah,Eka Pitaloka,B 4185 SWA,"15,381"
"Sep 18, 2025, 14:26",WO-143737617064688736,SPAREPART,b9d1544b-4822-4e87-8c8a-ad3eccb9bf75,Rear mirror H3,"26,000","100,000",1,0,0,1,"100,000",NOT_COVERED,APPLIED,GEN-A0050-001-R-NE,859,WALK_IN_MAINTENANCE,Depok,Aji Fadilah,B 4793 SVT,"582,506"
"Sep 18, 2025, 14:26",WO-143737685297599420,SPAREPART,87eede8f-1064-4c4e-912d-9319aa96d5b0,Brake Pad H3 FR / RR H3,"26,000",0,2,0,0,2,0,NEW_ONBOARDING,APPLIED,GEN-F0130-001-N-NE,"1,075",REGULAR,Pondok Indah,Muhammad Riduwan,B 4407 SVR,"51,293"
"Sep 18, 2025, 14:21",WO-143636816665254621,SPAREPART,87eede8f-1064-4c4e-912d-9319aa96d5b0,Brake Pad H3 FR / RR H3,"26,000",0,1,0,0,1,0,NOT_COVERED,APPLIED,GEN-F0130-001-N-NE,"1,075",REPO_MAINTENANCE,Pondok Indah,Eka Pitaloka,B 3576 PWE,"39,636"
"Sep 18, 2025, 14:21",WO-143636816665254621,SPAREPART,0e63dd11-3dfb-40f2-9820-7fc9cc0b12bc,Front fork bearings H3,"42,021",0,1,0,0,1,0,NOT_COVERED,APPLIED,GEN-F0100-001-F-NE,849,REPO_MAINTENANCE,Pondok Indah,Eka Pitaloka,B 3576 PWE,"39,636"
"Sep 18, 2025, 14:21",WO-143636816665254621,SPAREPART,d625acb9-40c7-43a1-9f20-99489c41ef5f,Front disc brake disc H3,"56,580",0,1,0,0,1,0,NOT_COVERED,APPLIED,GEN-F0140-001-F-NE,853,REPO_MAINTENANCE,Pondok Indah,Eka Pitaloka,B 3576 PWE,"39,636"
"Sep 18, 2025, 14:20",WO-143721322713715644,SPAREPART,1ac25aee-ff64-497d-a915-e4617a1892ae,Bearing Nachi 6201 H3,"13,967",0,1,0,0,1,0,NOT_COVERED,APPLIED,GEN-F0060-001-F-NE,"1,735",WALK_IN_MAINTENANCE,Pondok Indah,Service Advisor PI,B 4644 SVP,"29,956"
"Sep 18, 2025, 14:20",WO-143721322713715644,SPAREPART,c52ca52a-85ef-43ad-8637-a9a65142da16,Rear disc brake disc H3,"26,519",0,1,0,0,1,0,NOT_COVERED,APPLIED,GEN-F0190-001-R-NE,854,WALK_IN_MAINTENANCE,Pondok Indah,Service Advisor PI,B 4644 SVP,"29,956"
"Sep 18, 2025, 14:17",WO-143736731009553340,SPAREPART,79e0bbc0-0b87-4142-8e3f-0b3ccdc86641,Brake Pad Kit H5 -2-01 (Canvas Rem) H5,"28,500",0,1,0,0,1,0,NOT_COVERED,APPLIED,GEN-F1140-001-R-NE,"1,759",REGULAR,Bekasi,Service Advisor Bekasi,B 5194 SVL,"70,593"
"Sep 18, 2025, 14:17",WO-143736731009553340,SPAREPART,fa116921-3f09-44e1-b709-86b1780d9253,Brake Pad Kit H5 -1-01 (Canvas Rem) H5,"39,500",0,1,0,0,1,0,NOT_COVERED,APPLIED,GEN-F1130-001-F-NE,"1,758",REGULAR,Bekasi,Service Advisor Bekasi,B 5194 SVL,"70,593"
"Sep 18, 2025, 14:11",WO-143734923667209312,SPAREPART,b9d1544b-4822-4e87-8c8a-ad3eccb9bf75,Rear mirror H3,"26,000","100,000",1,0,0,1,"100,000",NOT_COVERED,APPLIED,GEN-A0050-001-R-NE,859,REPO_MAINTENANCE,Depok,Aji Fadilah,B 4793 SVT,"582,506"
"Sep 18, 2025, 14:03",WO-143724819135861692,SPAREPART,87eede8f-1064-4c4e-912d-9319aa96d5b0,Brake Pad H3 FR / RR H3,"26,000",0,2,0,0,2,0,NOT_COVERED,APPLIED,GEN-F0130-001-N-NE,"1,075",STORING,Pondok Indah,Eka Pitaloka,B 4182 SVT,"359,849"
"Sep 18, 2025, 13:56",WO-143733690659247036,SPAREPART,64cde6f9-4cf9-4026-88c7-51d71c6d8351,Capricorn five switches (Headlight always on) H5,"24,173",0,1,0,0,1,0,NOT_COVERED,APPLIED,H5A-E60170-001-N-NE,951,REGULAR,Bekasi,Service Advisor Bekasi,B 4952 SVN,"37,681"
"Sep 18, 2025, 13:48",WO-143733674620255328,SPAREPART,87eede8f-1064-4c4e-912d-9319aa96d5b0,Brake Pad H3 FR / RR H3,"26,000",0,2,0,0,2,0,NEW_ONBOARDING,APPLIED,GEN-F0130-001-N-NE,"1,075",REGULAR,Pondok Indah,Faris Abdurrahan,B 4286 SWA,"13,659"
"Sep 18, 2025, 13:43",WO-143714847312319420,SPAREPART,ec86c430-e74c-451d-8d93-6d47384acc17,Tire 90/90-12 H3 (KENDA) H3,"100,000",0,1,0,0,1,0,NOT_COVERED,APPLIED,GEN-F0500-001-N-MA,"1,741",WALK_IN_MAINTENANCE,Pondok Indah,Service Advisor PI,B 4810 SVR,"34,857"
"Sep 18, 2025, 13:43",WO-143714847312319420,SPAREPART,87eede8f-1064-4c4e-912d-9319aa96d5b0,Brake Pad H3 FR / RR H3,"26,000",0,2,0,0,2,0,NOT_COVERED,APPLIED,GEN-F0130-001-N-NE,"1,075",WALK_IN_MAINTENANCE,Pondok Indah,Service Advisor PI,B 4810 SVR,"34,857"
"Sep 18, 2025, 13:43",WO-143714847312319420,SPAREPART,c52ca52a-85ef-43ad-8637-a9a65142da16,Rear disc brake disc H3,"26,519",0,1,0,0,1,0,NOT_COVERED,APPLIED,GEN-F0190-001-R-NE,854,WALK_IN_MAINTENANCE,Pondok Indah,Service Advisor PI,B 4810 SVR,"34,857"
"Sep 18, 2025, 13:40",WO-143732809805075388,SPAREPART,0e0b97f2-dbdf-406c-9f9f-50593bec1724,Cable throttle holder H5,"5,129",0,1,0,0,1,0,NOT_COVERED,APPLIED,H5A-E70160-001-N-NE,950,STORING,Pondok Indah,Eka Pitaloka,B 4674 SVN,"37,465"
"Sep 18, 2025, 13:34",WO-143732340378571708,SPAREPART,79e0bbc0-0b87-4142-8e3f-0b3ccdc86641,Brake Pad Kit H5 -2-01 (Canvas Rem) H5,"28,500",0,1,0,0,1,0,NEW_ONBOARDING,APPLIED,GEN-F1140-001-R-NE,"1,759",REGULAR,Pondok Indah,Faris Abdurrahan,B 5323 SVL,"81,820"
"Sep 18, 2025, 13:34",WO-143732340378571708,SPAREPART,fa116921-3f09-44e1-b709-86b1780d9253,Brake Pad Kit H5 -1-01 (Canvas Rem) H5,"39,500",0,1,0,0,1,0,NEW_ONBOARDING,APPLIED,GEN-F1130-001-F-NE,"1,758",REGULAR,Pondok Indah,Faris Abdurrahan,B 5323 SVL,"81,820"
"Sep 18, 2025, 13:33",WO-143716554175943612,SPAREPART,87eede8f-1064-4c4e-912d-9319aa96d5b0,Brake Pad H3 FR / RR H3,"26,000",0,1,0,0,1,0,NOT_COVERED,APPLIED,GEN-F0130-001-N-NE,"1,075",WALK_IN_MAINTENANCE,Pondok Indah,Eka Pitaloka,B 4690 SVR,"42,447"
"Sep 18, 2025, 13:24",WO-143731484438565820,SPAREPART,87eede8f-1064-4c4e-912d-9319aa96d5b0,Brake Pad H3 FR / RR H3,"26,000",0,2,0,0,2,0,NEW_ONBOARDING,APPLIED,GEN-F0130-001-N-NE,"1,075",REGULAR,Pondok Indah,Faris Abdurrahan,B 4205 SVT,"44,526"
"Sep 18, 2025, 13:23",WO-143731190484991072,SPAREPART,87eede8f-1064-4c4e-912d-9319aa96d5b0,Brake Pad H3 FR / RR H3,"26,000",0,2,0,0,2,0,NOT_COVERED,APPLIED,GEN-F0130-001-N-NE,"1,075",REGULAR,Bekasi,Service Advisor Bekasi,B 4865 SVO,"36,483"
"Sep 18, 2025, 13:18",WO-143730840596124604,SPAREPART,87eede8f-1064-4c4e-912d-9319aa96d5b0,Brake Pad H3 FR / RR H3,"26,000",0,2,0,0,2,0,NEW_ONBOARDING,APPLIED,GEN-F0130-001-N-NE,"1,075",REGULAR,Pondok Indah,Randy,B 4425 SVR,"48,362"
"Sep 18, 2025, 13:18",WO-143730756626185312,SPAREPART,87eede8f-1064-4c4e-912d-9319aa96d5b0,Brake Pad H3 FR / RR H3,"26,000",0,2,0,0,2,0,NOT_COVERED,APPLIED,GEN-F0130-001-N-NE,"1,075",WALK_IN_MAINTENANCE,Bekasi,Service Advisor Bekasi,B 4779 SVR,"473,544"
"Sep 18, 2025, 13:18",WO-143730756626185312,SPAREPART,ec86c430-e74c-451d-8d93-6d47384acc17,Tire 90/90-12 H3 (KENDA) H3,"100,000","100,000",1,0,0,1,"100,000",NOT_COVERED,APPLIED,GEN-F0500-001-N-MA,"1,741",WALK_IN_MAINTENANCE,Bekasi,Service Advisor Bekasi,B 4779 SVR,"473,544"
"Sep 18, 2025, 13:18",WO-143730756626185312,SPAREPART,c52ca52a-85ef-43ad-8637-a9a65142da16,Rear disc brake disc H3,"26,519","80,000",1,0,0,1,"80,000",NOT_COVERED,APPLIED,GEN-F0190-001-R-NE,854,WALK_IN_MAINTENANCE,Bekasi,Service Advisor Bekasi,B 4779 SVR,"473,544"
"Sep 18, 2025, 13:14",WO-143730366975343712,SPAREPART,fa116921-3f09-44e1-b709-86b1780d9253,Brake Pad Kit H5 -1-01 (Canvas Rem) H5,"39,500",0,1,0,0,1,0,NEW_ONBOARDING,APPLIED,GEN-F1130-001-F-NE,"1,758",REGULAR,Pondok Indah,Faris Abdurrahan,B 4160 SVO,"18,032"
"Sep 18, 2025, 13:14",WO-143730366975343712,SPAREPART,79e0bbc0-0b87-4142-8e3f-0b3ccdc86641,Brake Pad Kit H5 -2-01 (Canvas Rem) H5,"28,500",0,1,0,0,1,0,NEW_ONBOARDING,APPLIED,GEN-F1140-001-R-NE,"1,759",REGULAR,Pondok Indah,Faris Abdurrahan,B 4160 SVO,"18,032"
"Sep 18, 2025, 13:08",WO-143633222767483613,SPAREPART,87eede8f-1064-4c4e-912d-9319aa96d5b0,Brake Pad H3 FR / RR H3,"26,000",0,2,0,0,2,0,NOT_COVERED,APPLIED,GEN-F0130-001-N-NE,"1,075",REPO_MAINTENANCE,Pondok Indah,Eka Pitaloka,B 4785 SVT,"43,858"
"Sep 18, 2025, 13:06",WO-143632626991820853,SPAREPART,849a10fd-aa14-4894-927f-c8045f2bc1f9,Front disc brake assembly without logo H3,"100,000",0,1,0,0,1,0,NOT_COVERED,APPLIED,H3A-F0120-001-F-NE,850,REPO_MAINTENANCE,Pondok Indah,Eka Pitaloka,B 4514 SVR,"59,951"
"Sep 18, 2025, 13:06",WO-143632626991820853,SPAREPART,87eede8f-1064-4c4e-912d-9319aa96d5b0,Brake Pad H3 FR / RR H3,"26,000",0,2,0,0,2,0,NOT_COVERED,APPLIED,GEN-F0130-001-N-NE,"1,075",REPO_MAINTENANCE,Pondok Indah,Eka Pitaloka,B 4514 SVR,"59,951"
"Sep 18, 2025, 13:06",WO-143632626991820853,SPAREPART,6f887a0a-e2ae-4556-afe9-b554bb26559f,Headlight H3,"100,000",0,1,0,0,1,0,NOT_COVERED,APPLIED,H3A-E60030-001-N-NE,821,REPO_MAINTENANCE,Pondok Indah,Eka Pitaloka,B 4514 SVR,"59,951"
"Sep 18, 2025, 13:06",WO-143632626991820853,SPAREPART,9ae448db-156e-4e8b-8980-6f520521c921,Speed control handle cable H3,"16,169",0,1,0,0,1,0,NOT_COVERED,APPLIED,H3A-E70090-001-N-BL,857,REPO_MAINTENANCE,Pondok Indah,Eka Pitaloka,B 4514 SVR,"59,951"
"Sep 18, 2025, 13:06",WO-143632626991820853,SPAREPART,ec86c430-e74c-451d-8d93-6d47384acc17,Tire 90/90-12 H3 (KENDA) H3,"100,000",0,1,0,0,1,0,NOT_COVERED,APPLIED,GEN-F0500-001-N-MA,"1,741",REPO_MAINTENANCE,Pondok Indah,Eka Pitaloka,B 4514 SVR,"59,951"
"Sep 18, 2025, 12:40",WO-143589242889575133,SPAREPART,c52ca52a-85ef-43ad-8637-a9a65142da16,Rear disc brake disc H3,"26,519",0,1,0,0,1,0,NOT_COVERED,APPLIED,GEN-F0190-001-R-NE,854,REPO_MAINTENANCE,Pondok Indah,Eka Pitaloka,B 4108 SVT,"38,266"
"Sep 18, 2025, 12:40",WO-143589242889575133,SPAREPART,0e63dd11-3dfb-40f2-9820-7fc9cc0b12bc,Front fork bearings H3,"42,021",0,1,0,0,1,0,NOT_COVERED,APPLIED,GEN-F0100-001-F-NE,849,REPO_MAINTENANCE,Pondok Indah,Eka Pitaloka,B 4108 SVT,"38,266"
"Sep 18, 2025, 12:40",WO-143589242889575133,SPAREPART,87eede8f-1064-4c4e-912d-9319aa96d5b0,Brake Pad H3 FR / RR H3,"26,000",0,2,0,0,2,0,NOT_COVERED,APPLIED,GEN-F0130-001-N-NE,"1,075",REPO_MAINTENANCE,Pondok Indah,Eka Pitaloka,B 4108 SVT,"38,266"
"Sep 18, 2025, 12:40",WO-143589242889575133,SPAREPART,1ac25aee-ff64-497d-a915-e4617a1892ae,Bearing Nachi 6201 H3,"13,967",0,1,0,0,1,0,NOT_COVERED,APPLIED,GEN-F0060-001-F-NE,"1,735",REPO_MAINTENANCE,Pondok Indah,Eka Pitaloka,B 4108 SVT,"38,266"
"Sep 18, 2025, 12:40",WO-143589242889575133,SPAREPART,ec86c430-e74c-451d-8d93-6d47384acc17,Tire 90/90-12 H3 (KENDA) H3,"100,000",0,1,0,0,1,0,NOT_COVERED,APPLIED,GEN-F0500-001-N-MA,"1,741",REPO_MAINTENANCE,Pondok Indah,Eka Pitaloka,B 4108 SVT,"38,266"
"Sep 18, 2025, 11:57",WO-143711007158573789,SPAREPART,87eede8f-1064-4c4e-912d-9319aa96d5b0,Brake Pad H3 FR / RR H3,"26,000",0,1,0,0,1,0,NOT_COVERED,APPLIED,GEN-F0130-001-N-NE,"1,075",WALK_IN_MAINTENANCE,Pondok Indah,Eka Pitaloka,B 3493 PWE,"30,010"
"Sep 18, 2025, 11:46",WO-143715626530116540,SPAREPART,00c93cf0-bacc-4e53-aab2-4aeeebf5bf3b,Air tape PVR 50 (5 mm) H3,"3,500","24,000",1,0,0,1,"24,000",NOT_COVERED,APPLIED,GEN-F0420-002-N-NE,"1,740",REGULAR,Bekasi,Service Advisor Bekasi,B 4429 SVR,"529,081"
"Sep 18, 2025, 11:39",WO-143720795036718012,SPAREPART,87eede8f-1064-4c4e-912d-9319aa96d5b0,Brake Pad H3 FR / RR H3,"26,000",0,2,0,0,2,0,NOT_COVERED,APPLIED,GEN-F0130-001-N-NE,"1,075",REGULAR,Kembangan,Irawan,B 4933 SWC,"12,874"
"Sep 18, 2025, 11:36",WO-143720604850224224,SPAREPART,87eede8f-1064-4c4e-912d-9319aa96d5b0,Brake Pad H3 FR / RR H3,"26,000",0,2,0,0,2,0,NEW_ONBOARDING,APPLIED,GEN-F0130-001-N-NE,"1,075",REGULAR,Pondok Indah,Randy,B 4276 SVP,"66,769"
"Sep 18, 2025, 11:36",WO-143628440002687029,SPAREPART,c52ca52a-85ef-43ad-8637-a9a65142da16,Rear disc brake disc H3,"26,519",0,1,0,0,1,0,NOT_COVERED,APPLIED,GEN-F0190-001-R-NE,854,STORING,Pondok Indah,Naufal Rabbani,B 4702 SVO,"27,283"
"Sep 18, 2025, 11:33",WO-143717769383279712,SPAREPART,87eede8f-1064-4c4e-912d-9319aa96d5b0,Brake Pad H3 FR / RR H3,"26,000",0,2,0,0,2,0,NOT_COVERED,APPLIED,GEN-F0130-001-N-NE,"1,075",REGULAR,Kembangan,Intan melina,B 4836 SVS,"48,791"
"Sep 18, 2025, 11:33",WO-143717769383279712,SPAREPART,1ac25aee-ff64-497d-a915-e4617a1892ae,Bearing Nachi 6201 H3,"13,967","27,000",1,0,0,1,"27,000",NOT_COVERED,APPLIED,GEN-F0060-001-F-NE,"1,735",REGULAR,Kembangan,Intan melina,B 4836 SVS,"48,791"
"Sep 18, 2025, 11:28",WO-143719815733842876,SPAREPART,87eede8f-1064-4c4e-912d-9319aa96d5b0,Brake Pad H3 FR / RR H3,"26,000",0,2,0,0,2,0,NEW_ONBOARDING,APPLIED,GEN-F0130-001-N-NE,"1,075",REGULAR,Pondok Indah,Faris Abdurrahan,B 4154 SVP,"55,466"
"Sep 18, 2025, 11:19",WO-143714237309549664,SPAREPART,1ac25aee-ff64-497d-a915-e4617a1892ae,Bearing Nachi 6201 H3,"13,967","13,500",2,0,0,2,"27,000",NOT_COVERED,APPLIED,GEN-F0060-001-F-NE,"1,735",STORING,Pondok Indah,Eka Pitaloka,B 4124 SVP,"435,510"
"Sep 18, 2025, 11:18",WO-143718574119195580,SPAREPART,79e0bbc0-0b87-4142-8e3f-0b3ccdc86641,Brake Pad Kit H5 -2-01 (Canvas Rem) H5,"28,500",0,1,0,0,1,0,NEW_ONBOARDING,APPLIED,GEN-F1140-001-R-NE,"1,759",REGULAR,Pondok Indah,Muhammad Riduwan,B 4919 SVN,"58,198"
"Sep 18, 2025, 11:18",WO-143718574119195580,SPAREPART,fa116921-3f09-44e1-b709-86b1780d9253,Brake Pad Kit H5 -1-01 (Canvas Rem) H5,"39,500",0,1,0,0,1,0,NEW_ONBOARDING,APPLIED,GEN-F1130-001-F-NE,"1,758",REGULAR,Pondok Indah,Muhammad Riduwan,B 4919 SVN,"58,198"
"Sep 18, 2025, 11:16",WO-143718440337675196,SPAREPART,79e0bbc0-0b87-4142-8e3f-0b3ccdc86641,Brake Pad Kit H5 -2-01 (Canvas Rem) H5,"28,500",0,1,0,0,1,0,NOT_COVERED,APPLIED,GEN-F1140-001-R-NE,"1,759",REGULAR,Kembangan,Irawan,B 5266 SVL,"55,396"
"Sep 18, 2025, 11:16",WO-143718440337675196,SPAREPART,fa116921-3f09-44e1-b709-86b1780d9253,Brake Pad Kit H5 -1-01 (Canvas Rem) H5,"39,500",0,1,0,0,1,0,NOT_COVERED,APPLIED,GEN-F1130-001-F-NE,"1,758",REGULAR,Kembangan,Irawan,B 5266 SVL,"55,396"
"Sep 18, 2025, 11:11",WO-143712014496176861,SPAREPART,9ae448db-156e-4e8b-8980-6f520521c921,Speed control handle cable H3,"16,169","49,000",1,0,0,1,"49,000",NOT_COVERED,APPLIED,H3A-E70090-001-N-BL,857,STORING,Pondok Indah,Eka Pitaloka,B 4513 SVT,"39,385"
"Sep 18, 2025, 11:11",WO-143707463709889468,SPAREPART,87eede8f-1064-4c4e-912d-9319aa96d5b0,Brake Pad H3 FR / RR H3,"26,000",0,2,0,0,2,0,NOT_COVERED,APPLIED,GEN-F0130-001-N-NE,"1,075",WALK_IN_MAINTENANCE,Pondok Indah,Eka Pitaloka,B 4131 SVO,"69,239"
"Sep 18, 2025, 11:05",WO-143717290175659104,SPAREPART,fa116921-3f09-44e1-b709-86b1780d9253,Brake Pad Kit H5 -1-01 (Canvas Rem) H5,"39,500",0,1,0,0,1,0,NOT_COVERED,APPLIED,GEN-F1130-001-F-NE,"1,758",REGULAR,Kembangan,Irawan,B 4634 SVN,"41,859"
"Sep 18, 2025, 10:59",WO-143715208777438140,SPAREPART,c52ca52a-85ef-43ad-8637-a9a65142da16,Rear disc brake disc H3,"26,519",0,1,0,0,1,0,NOT_COVERED,APPLIED,GEN-F0190-001-R-NE,854,WALK_IN_MAINTENANCE,Kembangan,Irawan,B 4405 SVR,"46,235"
"Sep 18, 2025, 10:55",WO-143634754309200605,SPAREPART,d625acb9-40c7-43a1-9f20-99489c41ef5f,Front disc brake disc H3,"56,580",0,1,0,0,1,0,NOT_COVERED,APPLIED,GEN-F0140-001-F-NE,853,REPO_MAINTENANCE,Pondok Indah,Eka Pitaloka,B 3593 PWE,"38,893"
"Sep 18, 2025, 10:55",WO-143634754309200605,SPAREPART,ec86c430-e74c-451d-8d93-6d47384acc17,Tire 90/90-12 H3 (KENDA) H3,"100,000",0,1,0,0,1,0,NOT_COVERED,APPLIED,GEN-F0500-001-N-MA,"1,741",REPO_MAINTENANCE,Pondok Indah,Eka Pitaloka,B 3593 PWE,"38,893"
"Sep 18, 2025, 10:55",WO-143634754309200605,SPAREPART,87eede8f-1064-4c4e-912d-9319aa96d5b0,Brake Pad H3 FR / RR H3,"26,000",0,1,0,0,1,0,NOT_COVERED,APPLIED,GEN-F0130-001-N-NE,"1,075",REPO_MAINTENANCE,Pondok Indah,Eka Pitaloka,B 3593 PWE,"38,893"
"Sep 18, 2025, 10:55",WO-143634754309200605,SPAREPART,480bd233-ea0b-49c5-a495-ea69ca0e6e81,M3 license plate light H1,0,0,1,0,0,1,0,NOT_COVERED,APPLIED,GEN-F2180-001-N-NE,"1,098",REPO_MAINTENANCE,Pondok Indah,Eka Pitaloka,B 3593 PWE,"38,893"
"Sep 18, 2025, 10:55",WO-143634754309200605,SPAREPART,83ff687a-bfd0-4975-936c-81b8115da6d5,Brake Fluid H3,"24,484",0,1,0,0,1,0,NOT_COVERED,APPLIED,GEN-K0050-001-N-NE,"1,737",REPO_MAINTENANCE,Pondok Indah,Eka Pitaloka,B 3593 PWE,"38,893"
"Sep 18, 2025, 10:50",WO-143601534280669917,SPAREPART,ec86c430-e74c-451d-8d93-6d47384acc17,Tire 90/90-12 H3 (KENDA) H3,"100,000",0,1,0,0,1,0,NOT_COVERED,APPLIED,GEN-F0500-001-N-MA,"1,741",REPO_MAINTENANCE,Pondok Indah,Eka Pitaloka,B 3672 PWE,"38,001"
"Sep 18, 2025, 10:50",WO-143601534280669917,SPAREPART,c52ca52a-85ef-43ad-8637-a9a65142da16,Rear disc brake disc H3,"26,519",0,1,0,0,1,0,NOT_COVERED,APPLIED,GEN-F0190-001-R-NE,854,REPO_MAINTENANCE,Pondok Indah,Eka Pitaloka,B 3672 PWE,"38,001"
"Sep 18, 2025, 10:50",WO-143601534280669917,SPAREPART,0e63dd11-3dfb-40f2-9820-7fc9cc0b12bc,Front fork bearings H3,"42,021",0,1,0,0,1,0,NOT_COVERED,APPLIED,GEN-F0100-001-F-NE,849,REPO_MAINTENANCE,Pondok Indah,Eka Pitaloka,B 3672 PWE,"38,001"
"Sep 18, 2025, 10:50",WO-143601534280669917,SPAREPART,87eede8f-1064-4c4e-912d-9319aa96d5b0,Brake Pad H3 FR / RR H3,"26,000",0,2,0,0,2,0,NOT_COVERED,APPLIED,GEN-F0130-001-N-NE,"1,075",REPO_MAINTENANCE,Pondok Indah,Eka Pitaloka,B 3672 PWE,"38,001"
"Sep 18, 2025, 10:48",WO-143715431545338976,SPAREPART,87eede8f-1064-4c4e-912d-9319aa96d5b0,Brake Pad H3 FR / RR H3,"26,000",0,2,0,0,2,0,NEW_ONBOARDING,APPLIED,GEN-F0130-001-N-NE,"1,075",REGULAR,Pondok Indah,Randy,B 3410 PWG,"20,077"
"Sep 18, 2025, 10:48",WO-143715431545338976,SPAREPART,c52ca52a-85ef-43ad-8637-a9a65142da16,Rear disc brake disc H3,"26,519",0,1,0,0,1,0,NEW_ONBOARDING,APPLIED,GEN-F0190-001-R-NE,854,REGULAR,Pondok Indah,Randy,B 3410 PWG,"20,077"
"Sep 18, 2025, 10:47",WO-143715626530116540,SPAREPART,87eede8f-1064-4c4e-912d-9319aa96d5b0,Brake Pad H3 FR / RR H3,"26,000",0,1,0,0,1,0,NOT_COVERED,APPLIED,GEN-F0130-001-N-NE,"1,075",REGULAR,Bekasi,Service Advisor Bekasi,B 4429 SVR,"529,081"
"Sep 18, 2025, 10:47",WO-143715626530116540,SPAREPART,ec86c430-e74c-451d-8d93-6d47384acc17,Tire 90/90-12 H3 (KENDA) H3,"100,000","100,000",1,0,0,1,"100,000",NOT_COVERED,APPLIED,GEN-F0500-001-N-MA,"1,741",REGULAR,Bekasi,Service Advisor Bekasi,B 4429 SVR,"529,081"
"Sep 18, 2025, 10:47",WO-143715626530116540,SPAREPART,c52ca52a-85ef-43ad-8637-a9a65142da16,Rear disc brake disc H3,"26,519","80,000",1,0,0,1,"80,000",NOT_COVERED,APPLIED,GEN-F0190-001-R-NE,854,REGULAR,Bekasi,Service Advisor Bekasi,B 4429 SVR,"529,081"
"Sep 18, 2025, 10:46",WO-143628440002687029,SPAREPART,ec86c430-e74c-451d-8d93-6d47384acc17,Tire 90/90-12 H3 (KENDA) H3,"100,000",0,1,0,0,1,0,NOT_COVERED,APPLIED,GEN-F0500-001-N-MA,"1,741",STORING,Pondok Indah,Naufal Rabbani,B 4702 SVO,"27,283"
"Sep 18, 2025, 10:42",WO-143713325367196768,SPAREPART,79e0bbc0-0b87-4142-8e3f-0b3ccdc86641,Brake Pad Kit H5 -2-01 (Canvas Rem) H5,"28,500",0,1,0,0,1,0,NOT_COVERED,APPLIED,GEN-F1140-001-R-NE,"1,759",REGULAR,Kembangan,Irawan,B 5248 SVL,"3,098"
"Sep 18, 2025, 10:42",WO-143638308965061564,SPAREPART,87eede8f-1064-4c4e-912d-9319aa96d5b0,Brake Pad H3 FR / RR H3,"26,000",0,2,0,0,2,0,NOT_COVERED,APPLIED,GEN-F0130-001-N-NE,"1,075",REPO_MAINTENANCE,Pondok Indah,Eka Pitaloka,B 4572 SWA,"12,594"
"Sep 18, 2025, 10:42",WO-143638308965061564,SPAREPART,ec86c430-e74c-451d-8d93-6d47384acc17,Tire 90/90-12 H3 (KENDA) H3,"100,000",0,1,0,0,1,0,NOT_COVERED,APPLIED,GEN-F0500-001-N-MA,"1,741",REPO_MAINTENANCE,Pondok Indah,Eka Pitaloka,B 4572 SWA,"12,594"
"Sep 18, 2025, 10:40",WO-143714973443429308,SPAREPART,87eede8f-1064-4c4e-912d-9319aa96d5b0,Brake Pad H3 FR / RR H3,"26,000",0,2,0,0,2,0,NEW_ONBOARDING,APPLIED,GEN-F0130-001-N-NE,"1,075",REGULAR,Pondok Indah,Muhammad Riduwan,B 4183 SWA,"16,225"
"Sep 18, 2025, 10:39",WO-143602242799278813,SPAREPART,0e63dd11-3dfb-40f2-9820-7fc9cc0b12bc,Front fork bearings H3,"42,021",0,1,0,0,1,0,NOT_COVERED,APPLIED,GEN-F0100-001-F-NE,849,REPO_MAINTENANCE,Pondok Indah,Service Advisor PI,B 4614 SVP,"35,775"
"Sep 18, 2025, 10:39",WO-143602242799278813,SPAREPART,e0402ad2-4c70-44c0-b2a2-8bccaf20ce7b,Steering rack assembly 6.42±0.04kg H3,"100,000",0,1,0,0,1,0,NOT_COVERED,APPLIED,H3A-F0070-001-N-NE,845,REPO_MAINTENANCE,Pondok Indah,Service Advisor PI,B 4614 SVP,"35,775"
"Sep 18, 2025, 10:39",WO-143602242799278813,SPAREPART,87eede8f-1064-4c4e-912d-9319aa96d5b0,Brake Pad H3 FR / RR H3,"26,000",0,2,0,0,2,0,NOT_COVERED,APPLIED,GEN-F0130-001-N-NE,"1,075",REPO_MAINTENANCE,Pondok Indah,Service Advisor PI,B 4614 SVP,"35,775"
"Sep 18, 2025, 10:26",WO-143713487820952508,SPAREPART,1ac25aee-ff64-497d-a915-e4617a1892ae,Bearing Nachi 6201 H3,"13,967",0,2,0,0,2,0,NEW_ONBOARDING,APPLIED,GEN-F0060-001-F-NE,"1,735",REGULAR,Pondok Indah,Faris Abdurrahan,B 4771 SWB,"5,702"
"Sep 18, 2025, 10:22",WO-143713074380018620,SPAREPART,d09f6b27-05e3-429e-8d59-5978689af06f,USB charging port H3,"12,627",0,1,0,0,1,0,NEW_ONBOARDING,APPLIED,H3A-E40010-001-N-NE,871,REGULAR,Pondok Indah,Randy,B 4769 SVT,"49,792"
"Sep 18, 2025, 10:22",WO-143713074380018620,SPAREPART,87eede8f-1064-4c4e-912d-9319aa96d5b0,Brake Pad H3 FR / RR H3,"26,000",0,2,0,0,2,0,NEW_ONBOARDING,APPLIED,GEN-F0130-001-N-NE,"1,075",REGULAR,Pondok Indah,Randy,B 4769 SVT,"49,792"
"Sep 18, 2025, 10:20",WO-143710748621675229,SPAREPART,c52ca52a-85ef-43ad-8637-a9a65142da16,Rear disc brake disc H3,"26,519","80,000",1,0,0,1,"80,000",NOT_COVERED,APPLIED,GEN-F0190-001-R-NE,854,REGULAR,Kembangan,Intan melina,B 4111 SWA,"30,525"
"Sep 18, 2025, 10:19",WO-143712056539880157,SPAREPART,87eede8f-1064-4c4e-912d-9319aa96d5b0,Brake Pad H3 FR / RR H3,"26,000",0,1,0,0,1,0,NOT_COVERED,APPLIED,GEN-F0130-001-N-NE,"1,075",REGULAR,Depok,Aji Fadilah,B 5267 BWJ,"28,075"
"Sep 18, 2025, 10:19",WO-143712056539880157,SPAREPART,ec86c430-e74c-451d-8d93-6d47384acc17,Tire 90/90-12 H3 (KENDA) H3,"100,000",0,1,0,0,1,0,NOT_COVERED,APPLIED,GEN-F0500-001-N-MA,"1,741",REGULAR,Depok,Aji Fadilah,B 5267 BWJ,"28,075"
"Sep 18, 2025, 10:18",WO-143497776846609117,SPAREPART,79e0bbc0-0b87-4142-8e3f-0b3ccdc86641,Brake Pad Kit H5 -2-01 (Canvas Rem) H5,"28,500",0,1,0,0,1,0,NOT_COVERED,APPLIED,GEN-F1140-001-R-NE,"1,759",STORING,Pondok Indah,Service Advisor PI,B 4637 SVN,0
"Sep 18, 2025, 10:17",WO-143712644732320864,SPAREPART,87eede8f-1064-4c4e-912d-9319aa96d5b0,Brake Pad H3 FR / RR H3,"26,000",0,2,0,0,2,0,NEW_ONBOARDING,APPLIED,GEN-F0130-001-N-NE,"1,075",REGULAR,Pondok Indah,Faris Abdurrahan,B 4185 SVP,"48,346"
"Sep 18, 2025, 10:17",WO-143711427159399133,SPAREPART,87eede8f-1064-4c4e-912d-9319aa96d5b0,Brake Pad H3 FR / RR H3,"26,000",0,1,0,0,1,0,NOT_COVERED,APPLIED,GEN-F0130-001-N-NE,"1,075",REGULAR,Kembangan,Irawan,B 3914 PWF,"39,036"
"Sep 18, 2025, 10:12",WO-143712074927707068,SPAREPART,87eede8f-1064-4c4e-912d-9319aa96d5b0,Brake Pad H3 FR / RR H3,"26,000",0,2,0,0,2,0,NEW_ONBOARDING,APPLIED,GEN-F0130-001-N-NE,"1,075",REGULAR,Pondok Indah,Faris Abdurrahan,B 4174 SWA,"19,202"
"Sep 18, 2025, 10:06",WO-143709137706949341,SPAREPART,ec86c430-e74c-451d-8d93-6d47384acc17,Tire 90/90-12 H3 (KENDA) H3,"100,000","100,000",1,0,0,1,"100,000",NOT_COVERED,APPLIED,GEN-F0500-001-N-MA,"1,741",REGULAR,Kembangan,Andi hidayat,B 4532 SVR,"50,253"
"Sep 18, 2025, 10:06",WO-143711430749721532,SPAREPART,87eede8f-1064-4c4e-912d-9319aa96d5b0,Brake Pad H3 FR / RR H3,"26,000",0,2,0,0,2,0,NEW_ONBOARDING,APPLIED,GEN-F0130-001-N-NE,"1,075",REGULAR,Pondok Indah,Randy,B 4023 SVP,"58,469"
"Sep 18, 2025, 10:06",WO-143711430749721532,SPAREPART,d09f6b27-05e3-429e-8d59-5978689af06f,USB charging port H3,"12,627",0,1,0,0,1,0,NEW_ONBOARDING,APPLIED,H3A-E40010-001-N-NE,871,REGULAR,Pondok Indah,Randy,B 4023 SVP,"58,469"
"Sep 18, 2025, 09:58",WO-143708973910989533,SPAREPART,87eede8f-1064-4c4e-912d-9319aa96d5b0,Brake Pad H3 FR / RR H3,"26,000",0,2,0,0,2,0,NOT_COVERED,APPLIED,GEN-F0130-001-N-NE,"1,075",WALK_IN_MAINTENANCE,Kembangan,Irawan,B 4739 SVP,"45,870"
"Sep 18, 2025, 09:57",WO-143601857678340149,SPAREPART,87eede8f-1064-4c4e-912d-9319aa96d5b0,Brake Pad H3 FR / RR H3,"26,000",0,1,0,0,1,0,NOT_COVERED,APPLIED,GEN-F0130-001-N-NE,"1,075",STORING,Pondok Indah,Eka Pitaloka,B 4095 SWB,0
"Sep 18, 2025, 09:56",WO-143710509747673821,SPAREPART,87eede8f-1064-4c4e-912d-9319aa96d5b0,Brake Pad H3 FR / RR H3,"26,000",0,2,0,0,2,0,NOT_COVERED,APPLIED,GEN-F0130-001-N-NE,"1,075",REGULAR,Bekasi,Service Advisor Bekasi,B 4696 SVT,"404,808"
"Sep 18, 2025, 09:49",WO-143708462356894652,SPAREPART,79e0bbc0-0b87-4142-8e3f-0b3ccdc86641,Brake Pad Kit H5 -2-01 (Canvas Rem) H5,"28,500",0,1,0,0,1,0,NOT_COVERED,APPLIED,GEN-F1140-001-R-NE,"1,759",REGULAR,Kembangan,Irawan,B 4953 SVN,"53,711"
"Sep 18, 2025, 09:49",WO-143709541953967036,SPAREPART,ec86c430-e74c-451d-8d93-6d47384acc17,Tire 90/90-12 H3 (KENDA) H3,"100,000","100,000",1,0,0,1,"100,000",NOT_COVERED,APPLIED,GEN-F0500-001-N-MA,"1,741",REGULAR,Bekasi,Affani,B 4618 SVO,"535,442"
"Sep 18, 2025, 09:49",WO-143709541953967036,SPAREPART,87eede8f-1064-4c4e-912d-9319aa96d5b0,Brake Pad H3 FR / RR H3,"26,000","26,000",1,0,0,1,"26,000",NOT_COVERED,APPLIED,GEN-F0130-001-N-NE,"1,075",REGULAR,Bekasi,Affani,B 4618 SVO,"535,442"
"Sep 18, 2025, 09:45",WO-143602343143862325,SPAREPART,87eede8f-1064-4c4e-912d-9319aa96d5b0,Brake Pad H3 FR / RR H3,"26,000",0,1,0,0,1,0,NOT_COVERED,APPLIED,GEN-F0130-001-N-NE,"1,075",WALK_IN_MAINTENANCE,Pondok Indah,Eka Pitaloka,B 4162 SWA,"11,532"
"Sep 18, 2025, 09:37",WO-143706572353180604,SPAREPART,9ae448db-156e-4e8b-8980-6f520521c921,Speed control handle cable H3,"16,169","49,000",1,0,0,1,"49,000",NOT_COVERED,APPLIED,H3A-E70090-001-N-BL,857,STORING,Pondok Indah,Eka Pitaloka,B 4299 SVT,"463,333"
"Sep 18, 2025, 09:36",WO-143708529063107293,SPAREPART,ec86c430-e74c-451d-8d93-6d47384acc17,Tire 90/90-12 H3 (KENDA) H3,"135,796","135,796",1,0,0,1,"135,796",NOT_COVERED,APPLIED,GEN-F0500-001-N-MA,"1,741",REGULAR,Bekasi,Affani,B 4136 SWB,"228,402"
"Sep 18, 2025, 09:36",WO-143708529063107293,SPAREPART,87eede8f-1064-4c4e-912d-9319aa96d5b0,Brake Pad H3 FR / RR H3,"26,000","26,000",1,0,0,1,"26,000",NOT_COVERED,APPLIED,GEN-F0130-001-N-NE,"1,075",REGULAR,Bekasi,Affani,B 4136 SWB,"228,402"
"Sep 18, 2025, 09:30",WO-143636962425705404,SPAREPART,87eede8f-1064-4c4e-912d-9319aa96d5b0,Brake Pad H3 FR / RR H3,"26,000",0,2,0,0,2,0,NOT_COVERED,APPLIED,GEN-F0130-001-N-NE,"1,075",REPO_MAINTENANCE,Pondok Indah,Eka Pitaloka,B 4217 SWA,"6,794"
"Sep 18, 2025, 09:29",WO-143706438890427324,SPAREPART,ec86c430-e74c-451d-8d93-6d47384acc17,Tire 90/90-12 H3 (KENDA) H3,"100,000","100,000",1,0,0,1,"100,000",NOT_COVERED,APPLIED,GEN-F0500-001-N-MA,"1,741",WALK_IN_MAINTENANCE,Bekasi,Service Advisor Bekasi,B 4644 SVT,"476,583"
"Sep 18, 2025, 09:29",WO-143706438890427324,SPAREPART,87eede8f-1064-4c4e-912d-9319aa96d5b0,Brake Pad H3 FR / RR H3,"26,000",0,1,0,0,1,0,NOT_COVERED,APPLIED,GEN-F0130-001-N-NE,"1,075",WALK_IN_MAINTENANCE,Bekasi,Service Advisor Bekasi,B 4644 SVT,"476,583"
"Sep 18, 2025, 09:27",WO-143707620526527420,SPAREPART,5075f880-8de8-488e-9bca-4db3d05c3583,Brake pad Front H1 - Fr H1,"26,000",0,2,0,0,2,0,NOT_COVERED,APPLIED,GEN-F1280-001-N-NE,"1,789",WALK_IN_MAINTENANCE,Bekasi,Service Advisor Bekasi,B 4383 SVT,"537,345"
"Sep 18, 2025, 09:27",WO-143707620526527420,SPAREPART,ec86c430-e74c-451d-8d93-6d47384acc17,Tire 90/90-12 H3 (KENDA) H3,"100,000","100,000",1,0,0,1,"100,000",NOT_COVERED,APPLIED,GEN-F0500-001-N-MA,"1,741",WALK_IN_MAINTENANCE,Bekasi,Service Advisor Bekasi,B 4383 SVT,"537,345"
"Sep 18, 2025, 09:20",WO-143706894106630877,SPAREPART,ec86c430-e74c-451d-8d93-6d47384acc17,Tire 90/90-12 H3 (KENDA) H3,"100,000",0,1,0,0,1,0,NEW_ONBOARDING,APPLIED,GEN-F0500-001-N-MA,"1,741",REGULAR,Bekasi,Affani,B 4640 SVO,"418,159"
"Sep 18, 2025, 09:20",WO-143706894106630877,SPAREPART,87eede8f-1064-4c4e-912d-9319aa96d5b0,Brake Pad H3 FR / RR H3,"26,000",0,1,0,0,1,0,NEW_ONBOARDING,APPLIED,GEN-F0130-001-N-NE,"1,075",REGULAR,Bekasi,Affani,B 4640 SVO,"418,159"
"Sep 18, 2025, 09:19",WO-143706714070325981,SPAREPART,87eede8f-1064-4c4e-912d-9319aa96d5b0,Brake Pad H3 FR / RR H3,"26,000",0,2,0,0,2,0,NEW_ONBOARDING,APPLIED,GEN-F0130-001-N-NE,"1,075",REGULAR,Pondok Indah,Muhammad Riduwan,B 4528 SVV,"3,053"
"Sep 18, 2025, 09:19",WO-143706714070325981,SPAREPART,ec86c430-e74c-451d-8d93-6d47384acc17,Tire 90/90-12 H3 (KENDA) H3,"135,796","135,796",1,0,0,1,"135,796",NOT_COVERED,APPLIED,GEN-F0500-001-N-MA,"1,741",REGULAR,Pondok Indah,Muhammad Riduwan,B 4528 SVV,"3,053"
"Sep 18, 2025, 09:17",WO-143705369393238972,SPAREPART,87eede8f-1064-4c4e-912d-9319aa96d5b0,Brake Pad H3 FR / RR H3,"26,000",0,1,0,0,1,0,NOT_COVERED,APPLIED,GEN-F0130-001-N-NE,"1,075",REGULAR,Kembangan,Irawan,B 3621 PWE,"25,963"
"Sep 18, 2025, 09:15",WO-143706359735524061,SPAREPART,0e63dd11-3dfb-40f2-9820-7fc9cc0b12bc,Front fork bearings H3,"42,021",0,1,0,0,1,0,NEW_ONBOARDING,APPLIED,GEN-F0100-001-F-NE,849,REGULAR,Pondok Indah,Faris Abdurrahan,B 4381 SWA,"18,092"
"Sep 18, 2025, 09:15",WO-143706359735524061,SPAREPART,87eede8f-1064-4c4e-912d-9319aa96d5b0,Brake Pad H3 FR / RR H3,"26,000",0,2,0,0,2,0,NEW_ONBOARDING,APPLIED,GEN-F0130-001-N-NE,"1,075",REGULAR,Pondok Indah,Faris Abdurrahan,B 4381 SWA,"18,092"
"Sep 18, 2025, 09:13",WO-143703044524086204,SPAREPART,c52ca52a-85ef-43ad-8637-a9a65142da16,Rear disc brake disc H3,"26,519","80,000",1,0,0,1,"80,000",NOT_COVERED,APPLIED,GEN-F0190-001-R-NE,854,STORING,Pondok Indah,Eka Pitaloka,B 4077 SWB,"46,788"
"Sep 18, 2025, 09:13",WO-143703044524086204,SPAREPART,87eede8f-1064-4c4e-912d-9319aa96d5b0,Brake Pad H3 FR / RR H3,"26,000",0,1,0,0,1,0,NOT_COVERED,APPLIED,GEN-F0130-001-N-NE,"1,075",STORING,Pondok Indah,Eka Pitaloka,B 4077 SWB,"46,788"
"Sep 18, 2025, 09:13",WO-143705969531032508,SPAREPART,87eede8f-1064-4c4e-912d-9319aa96d5b0,Brake Pad H3 FR / RR H3,"26,000",0,2,0,0,2,0,NEW_ONBOARDING,APPLIED,GEN-F0130-001-N-NE,"1,075",REGULAR,Pondok Indah,Muhammad Riduwan,B 4268 SWA,"19,091"
"Sep 18, 2025, 09:06",WO-143705430462305212,SPAREPART,87eede8f-1064-4c4e-912d-9319aa96d5b0,Brake Pad H3 FR / RR H3,"26,000",0,2,0,0,2,0,NEW_ONBOARDING,APPLIED,GEN-F0130-001-N-NE,"1,075",REGULAR,Pondok Indah,Randy,B 4458 SWA,"15,829"
"Sep 18, 2025, 09:06",WO-143705430462305212,SPAREPART,ec86c430-e74c-451d-8d93-6d47384acc17,Tire 90/90-12 H3 (KENDA) H3,"100,000","100,000",1,0,0,1,"100,000",NOT_COVERED,APPLIED,GEN-F0500-001-N-MA,"1,741",REGULAR,Pondok Indah,Randy,B 4458 SWA,"15,829"
"Sep 18, 2025, 07:45",WO-143694167598439133,SPAREPART,7aa8d3dc-ff34-4db8-a769-0c1f747b124e,Air tape PVR 70 (10 mm) H5,"3,500","24,000",1,0,0,1,"24,000",NOT_COVERED,APPLIED,GEN-F0430-001-N-NE,"1,755",STORING,Pondok Indah,Eka Pitaloka,B 4875 SVT,"45,678"
"Sep 17, 2025, 23:41",WO-143644548747236284,SPAREPART,9ae448db-156e-4e8b-8980-6f520521c921,Speed control handle cable H3,"16,169",0,1,0,0,1,0,NOT_COVERED,APPLIED,H3A-E70090-001-N-BL,857,STORING,Pondok Indah,Service Advisor PI,B 3684 PWE,"30,800"
"Sep 17, 2025, 22:02",WO-143635462777532469,SPAREPART,87eede8f-1064-4c4e-912d-9319aa96d5b0,Brake Pad H3 FR / RR H3,"26,000",0,1,0,0,1,0,NOT_COVERED,APPLIED,GEN-F0130-001-N-NE,"1,075",STORING,Pondok Indah,Service Advisor PI,B 4792 SVT,"24,961"
"Sep 17, 2025, 21:53",WO-143632325001878237,SPAREPART,87eede8f-1064-4c4e-912d-9319aa96d5b0,Brake Pad H3 FR / RR H3,"26,000",0,1,0,0,1,0,NOT_COVERED,APPLIED,GEN-F0130-001-N-NE,"1,075",STORING,Pondok Indah,Service Advisor PI,B 4565 SVV,0
"Sep 17, 2025, 21:33",WO-143635221353339613,SPAREPART,1ac25aee-ff64-497d-a915-e4617a1892ae,Bearing Nachi 6201 H3,"13,967","13,500",2,0,0,2,"27,000",NOT_COVERED,APPLIED,GEN-F0060-001-F-NE,"1,735",STORING,Pondok Indah,Eka Pitaloka,B 4038 SVO,"39,946"
"Sep 17, 2025, 21:33",WO-143635221353339613,SPAREPART,79e0bbc0-0b87-4142-8e3f-0b3ccdc86641,Brake Pad Kit H5 -2-01 (Canvas Rem) H5,"28,500",0,1,0,0,1,0,NOT_COVERED,APPLIED,GEN-F1140-001-R-NE,"1,759",STORING,Pondok Indah,Eka Pitaloka,B 4038 SVO,"39,946"
"Sep 17, 2025, 21:33",WO-143635221353339613,SPAREPART,fa116921-3f09-44e1-b709-86b1780d9253,Brake Pad Kit H5 -1-01 (Canvas Rem) H5,"39,500",0,1,0,0,1,0,NOT_COVERED,APPLIED,GEN-F1130-001-F-NE,"1,758",STORING,Pondok Indah,Eka Pitaloka,B 4038 SVO,"39,946"
"Sep 17, 2025, 21:19",WO-143585448420241461,SPAREPART,00c93cf0-bacc-4e53-aab2-4aeeebf5bf3b,Air tape PVR 50 (5 mm) H3,"3,500",0,1,0,0,1,0,NOT_COVERED,APPLIED,GEN-F0420-002-N-NE,"1,740",STORING,Pondok Indah,Eka Pitaloka,B 4617 SWA,"178,095"
"Sep 17, 2025, 21:07",WO-143585448420241461,SPAREPART,ec86c430-e74c-451d-8d93-6d47384acc17,Tire 90/90-12 H3 (KENDA) H3,"100,000",0,1,0,0,1,0,NEW_ONBOARDING,APPLIED,GEN-F0500-001-N-MA,"1,741",STORING,Pondok Indah,Eka Pitaloka,B 4617 SWA,"178,095"
"Sep 17, 2025, 21:07",WO-143585448420241461,SPAREPART,87eede8f-1064-4c4e-912d-9319aa96d5b0,Brake Pad H3 FR / RR H3,"26,000",0,1,0,0,1,0,NOT_COVERED,APPLIED,GEN-F0130-001-N-NE,"1,075",STORING,Pondok Indah,Eka Pitaloka,B 4617 SWA,"178,095"
"Sep 17, 2025, 21:03",WO-143631951960480477,SPAREPART,87eede8f-1064-4c4e-912d-9319aa96d5b0,Brake Pad H3 FR / RR H3,"26,000",0,1,0,0,1,0,NOT_COVERED,APPLIED,GEN-F0130-001-N-NE,"1,075",STORING,Pondok Indah,Eka Pitaloka,B 4548 SVP,"622,131"
"Sep 17, 2025, 21:03",WO-143631951960480477,SPAREPART,c52ca52a-85ef-43ad-8637-a9a65142da16,Rear disc brake disc H3,"26,519","80,000",1,0,0,1,"80,000",NOT_COVERED,APPLIED,GEN-F0190-001-R-NE,854,STORING,Pondok Indah,Eka Pitaloka,B 4548 SVP,"622,131"
"Sep 17, 2025, 20:29",WO-143625424113561653,SPAREPART,7aa8d3dc-ff34-4db8-a769-0c1f747b124e,Air tape PVR 70 (10 mm) H5,"3,500",0,1,0,0,1,0,NOT_COVERED,APPLIED,GEN-F0430-001-N-NE,"1,755",STORING,Pondok Indah,Naufal Rabbani,B 4691 SVP,"412,305"
"Sep 17, 2025, 20:29",WO-143625424113561653,SPAREPART,87eede8f-1064-4c4e-912d-9319aa96d5b0,Brake Pad H3 FR / RR H3,"26,000",0,1,0,0,1,0,NOT_COVERED,APPLIED,GEN-F0130-001-N-NE,"1,075",STORING,Pondok Indah,Naufal Rabbani,B 4691 SVP,"412,305"
"Sep 17, 2025, 19:18",WO-143622084893874909,SPAREPART,ec86c430-e74c-451d-8d93-6d47384acc17,Tire 90/90-12 H3 (KENDA) H3,"100,000","100,000",1,0,0,1,"100,000",NOT_COVERED,APPLIED,GEN-F0500-001-N-MA,"1,741",STORING,Pondok Indah,Eka Pitaloka,B 4090 SVT,"419,427"
"Sep 17, 2025, 19:18",WO-143622084893874909,SPAREPART,87eede8f-1064-4c4e-912d-9319aa96d5b0,Brake Pad H3 FR / RR H3,"26,000",0,1,0,0,1,0,NOT_COVERED,APPLIED,GEN-F0130-001-N-NE,"1,075",STORING,Pondok Indah,Eka Pitaloka,B 4090 SVT,"419,427"
"Sep 17, 2025, 18:37",WO-143607216052695093,SPAREPART,87eede8f-1064-4c4e-912d-9319aa96d5b0,Brake Pad H3 FR / RR H3,"26,000",0,2,0,0,2,0,NOT_COVERED,APPLIED,GEN-F0130-001-N-NE,"1,075",STORING,Pondok Indah,Eka Pitaloka,B 3625 PWE,"51,082"
"Sep 17, 2025, 18:30",WO-143610327907495989,SPAREPART,f9379e14-cc76-4242-a231-de76b27e5ce6,Brake Shoe Rr - H1,"36,100",0,1,0,0,1,0,NOT_COVERED,APPLIED,H1A-F1820-001-R-NE,"1,790",STORING,Pondok Indah,Eka Pitaloka,B 4440 SWD,"7,549"
"Sep 17, 2025, 17:58",WO-143553410833062621,SPAREPART,1ac25aee-ff64-497d-a915-e4617a1892ae,Bearing Nachi 6201 H3,"13,967","13,500",2,0,0,2,"27,000",NOT_COVERED,APPLIED,GEN-F0060-001-F-NE,"1,735",STORING,Pondok Indah,Eka Pitaloka,B 4517 SVT,"43,382"
"Sep 17, 2025, 17:48",WO-143604855397740597,SPAREPART,87eede8f-1064-4c4e-912d-9319aa96d5b0,Brake Pad H3 FR / RR H3,"26,000","26,000",2,0,0,2,"52,000",NOT_COVERED,APPLIED,GEN-F0130-001-N-NE,"1,075",STORING,Pondok Indah,Ahmad Agus Sudiro Parhusnan Marzuki,B 4962 SWC,"12,712"
"Sep 17, 2025, 17:48",WO-143604855397740597,SPAREPART,ec86c430-e74c-451d-8d93-6d47384acc17,Tire 90/90-12 H3 (KENDA) H3,"135,796","135,796",1,0,0,1,"135,796",NOT_COVERED,APPLIED,GEN-F0500-001-N-MA,"1,741",STORING,Pondok Indah,Ahmad Agus Sudiro Parhusnan Marzuki,B 4962 SWC,"12,712"
"Sep 17, 2025, 17:35",WO-143608829366508253,SPAREPART,ec86c430-e74c-451d-8d93-6d47384acc17,Tire 90/90-12 H3 (KENDA) H3,"100,000","100,000",1,0,0,1,"100,000",NOT_COVERED,APPLIED,GEN-F0500-001-N-MA,"1,741",STORING,Pondok Indah,M. Risky Julio Hardianto,B 4766 SVO,"50,036"
"Sep 17, 2025, 17:31",WO-143611249127649333,SPAREPART,1ac25aee-ff64-497d-a915-e4617a1892ae,Bearing Nachi 6201 H3,"13,967","13,967",1,0,0,1,"13,967",NOT_COVERED,APPLIED,GEN-F0060-001-F-NE,"1,735",REGULAR,Depok,Aji Fadilah,B 4275 SVV,"27,375"
"Sep 17, 2025, 17:27",WO-143610831995673309,SPAREPART,ec86c430-e74c-451d-8d93-6d47384acc17,Tire 90/90-12 H3 (KENDA) H3,"100,000","100,000",1,0,0,1,"100,000",NOT_COVERED,APPLIED,GEN-F0500-001-N-MA,"1,741",REGULAR,Depok,Aji Fadilah,B 4350 SWA,"256,457"
"Sep 17, 2025, 17:22",WO-143610380386573021,SPAREPART,ef497358-de41-434c-9d32-8aeb8e165def,Full set of steel bowls H5,"57,454","57,454",1,0,0,1,"57,454",NOT_COVERED,APPLIED,GEN-F0840-001-F-NE,981,REGULAR,Depok,Aji Fadilah,B 5010 SVL,"51,398"
"Sep 17, 2025, 17:08",WO-143608553381305053,SPAREPART,c52ca52a-85ef-43ad-8637-a9a65142da16,Rear disc brake disc H3,"26,519","80,000",1,0,0,1,"80,000",NOT_COVERED,APPLIED,GEN-F0190-001-R-NE,854,STORING,Pondok Indah,Service Advisor PI,B 4492 SVR,0
"Sep 17, 2025, 17:08",WO-143608553381305053,SPAREPART,87eede8f-1064-4c4e-912d-9319aa96d5b0,Brake Pad H3 FR / RR H3,"26,000",0,1,0,0,1,0,NOT_COVERED,APPLIED,GEN-F0130-001-N-NE,"1,075",STORING,Pondok Indah,Service Advisor PI,B 4492 SVR,0
"Sep 17, 2025, 17:04",WO-143607889121046581,SPAREPART,87eede8f-1064-4c4e-912d-9319aa96d5b0,Brake Pad H3 FR / RR H3,"26,000",0,2,0,0,2,0,NOT_COVERED,APPLIED,GEN-F0130-001-N-NE,"1,075",STORING,Pondok Indah,Eka Pitaloka,B 4482 SVP,0
"Sep 17, 2025, 17:04",WO-143607889121046581,SPAREPART,ec86c430-e74c-451d-8d93-6d47384acc17,Tire 90/90-12 H3 (KENDA) H3,"100,000","100,000",1,0,0,1,"100,000",NOT_COVERED,APPLIED,GEN-F0500-001-N-MA,"1,741",STORING,Pondok Indah,Eka Pitaloka,B 4482 SVP,0
"Sep 17, 2025, 16:46",WO-143604386541607645,SPAREPART,999f14b8-db39-41e5-a31a-b5e0b7e8d909,Tires (far star) H5,"100,000","100,000",1,0,0,1,"100,000",NOT_COVERED,APPLIED,GEN-F1090-001-N-NE,982,STORING,Pondok Indah,Ahmad Agus Sudiro Parhusnan Marzuki,B 4682 SVN,"60,513"
"Sep 17, 2025, 16:32",WO-143605360073120477,SPAREPART,999f14b8-db39-41e5-a31a-b5e0b7e8d909,Tires (far star) H5,"100,000",0,1,0,0,1,0,NOT_COVERED,APPLIED,GEN-F1090-001-N-NE,982,STORING,Pondok Indah,Eka Pitaloka,B 4655 SVN,0
"Sep 17, 2025, 16:30",WO-143476559322290909,SPAREPART,79e0bbc0-0b87-4142-8e3f-0b3ccdc86641,Brake Pad Kit H5 -2-01 (Canvas Rem) H5,"28,500",0,1,0,0,1,0,NOT_COVERED,APPLIED,GEN-F1140-001-R-NE,"1,759",REPO_MAINTENANCE,Pondok Indah,Service Advisor PI,B 5114 SVL,"75,234"
"Sep 17, 2025, 16:30",WO-143476559322290909,SPAREPART,fa116921-3f09-44e1-b709-86b1780d9253,Brake Pad Kit H5 -1-01 (Canvas Rem) H5,"39,500",0,1,0,0,1,0,NOT_COVERED,APPLIED,GEN-F1130-001-F-NE,"1,758",REPO_MAINTENANCE,Pondok Indah,Service Advisor PI,B 5114 SVL,"75,234"
"Sep 17, 2025, 16:28",WO-143476559322290909,SPAREPART,d817abf8-0b63-4932-8312-589963fffb97,Front and rear linkage disc assembly H5,"100,000",0,1,0,0,1,0,NOT_COVERED,APPLIED,H5A-F2380-001-F-NE,975,REPO_MAINTENANCE,Pondok Indah,Service Advisor PI,B 5114 SVL,"75,234"
"Sep 17, 2025, 16:23",WO-143592048912560181,SPAREPART,37dc324d-ba63-404f-b663-747c4a4566a1,disc Brake H5,"70,000",0,1,0,0,1,0,NOT_COVERED,APPLIED,GEN-F1120-001-R-NE,"1,761",WALK_IN_MAINTENANCE,Pondok Indah,Service Advisor PI,B 4074 SVO,"5,059"
"Sep 17, 2025, 16:23",WO-143592048912560181,SPAREPART,79e0bbc0-0b87-4142-8e3f-0b3ccdc86641,Brake Pad Kit H5 -2-01 (Canvas Rem) H5,"28,500",0,1,0,0,1,0,NOT_COVERED,APPLIED,GEN-F1140-001-R-NE,"1,759",WALK_IN_MAINTENANCE,Pondok Indah,Service Advisor PI,B 4074 SVO,"5,059"
"Sep 17, 2025, 16:23",WO-143592048912560181,SPAREPART,64cde6f9-4cf9-4026-88c7-51d71c6d8351,Capricorn five switches (Headlight always on) H5,"24,173",0,1,0,0,1,0,NOT_COVERED,APPLIED,H5A-E60170-001-N-NE,951,WALK_IN_MAINTENANCE,Pondok Indah,Service Advisor PI,B 4074 SVO,"5,059"
"Sep 17, 2025, 16:19",WO-143604181725409333,SPAREPART,87eede8f-1064-4c4e-912d-9319aa96d5b0,Brake Pad H3 FR / RR H3,"26,000",0,1,0,0,1,0,NOT_COVERED,APPLIED,GEN-F0130-001-N-NE,"1,075",WALK_IN_MAINTENANCE,Bekasi,Service Advisor Bekasi,B 4357 SWA,"155,818"
"Sep 17, 2025, 16:12",WO-143602346801295413,SPAREPART,79e0bbc0-0b87-4142-8e3f-0b3ccdc86641,Brake Pad Kit H5 -2-01 (Canvas Rem) H5,"28,500",0,1,0,0,1,0,NOT_COVERED,APPLIED,GEN-F1140-001-R-NE,"1,759",STORING,Pondok Indah,Eka Pitaloka,B 5379 SVL,0
"Sep 17, 2025, 16:12",WO-143602346801295413,SPAREPART,fa116921-3f09-44e1-b709-86b1780d9253,Brake Pad Kit H5 -1-01 (Canvas Rem) H5,"39,500",0,1,0,0,1,0,NOT_COVERED,APPLIED,GEN-F1130-001-F-NE,"1,758",STORING,Pondok Indah,Eka Pitaloka,B 5379 SVL,0
"Sep 17, 2025, 16:10",WO-143553793638854709,SPAREPART,fa116921-3f09-44e1-b709-86b1780d9253,Brake Pad Kit H5 -1-01 (Canvas Rem) H5,"39,500",0,1,0,0,1,0,NOT_COVERED,APPLIED,GEN-F1130-001-F-NE,"1,758",STORING,Pondok Indah,Eka Pitaloka,B 3736 PWE,"523,451"
"Sep 17, 2025, 16:10",WO-143553793638854709,SPAREPART,79e0bbc0-0b87-4142-8e3f-0b3ccdc86641,Brake Pad Kit H5 -2-01 (Canvas Rem) H5,"28,500",0,1,0,0,1,0,NOT_COVERED,APPLIED,GEN-F1140-001-R-NE,"1,759",STORING,Pondok Indah,Eka Pitaloka,B 3736 PWE,"523,451"
"Sep 17, 2025, 15:52",WO-143592933004734517,SPAREPART,87eede8f-1064-4c4e-912d-9319aa96d5b0,Brake Pad H3 FR / RR H3,"26,000",0,2,0,0,2,0,NOT_COVERED,APPLIED,GEN-F0130-001-N-NE,"1,075",STORING,Pondok Indah,Eka Pitaloka,B 4558 SVP,"47,369"
"Sep 17, 2025, 15:48",WO-143598678446185181,SPAREPART,87eede8f-1064-4c4e-912d-9319aa96d5b0,Brake Pad H3 FR / RR H3,"26,000","26,000",1,0,0,1,"26,000",NOT_COVERED,APPLIED,GEN-F0130-001-N-NE,"1,075",STORING,Pondok Indah,Ahmad Agus Sudiro Parhusnan Marzuki,B 4365 SVV,"238,371"
"Sep 17, 2025, 15:24",WO-143598490323316789,SPAREPART,87eede8f-1064-4c4e-912d-9319aa96d5b0,Brake Pad H3 FR / RR H3,"26,000","26,000",2,0,0,2,"52,000",NOT_COVERED,APPLIED,GEN-F0130-001-N-NE,"1,075",REGULAR,Depok,Aji Fadilah,B 4550 SWA,"15,486"
"Sep 17, 2025, 15:17",WO-143597563264637661,SPAREPART,87eede8f-1064-4c4e-912d-9319aa96d5b0,Brake Pad H3 FR / RR H3,"26,000",0,2,0,0,2,0,NEW_ONBOARDING,APPLIED,GEN-F0130-001-N-NE,"1,075",REGULAR,Pondok Indah,Hilman Zacky,B 4132 SWB,"21,336"
"Sep 17, 2025, 15:15",WO-143596874123713245,SPAREPART,87eede8f-1064-4c4e-912d-9319aa96d5b0,Brake Pad H3 FR / RR H3,"26,000",0,2,0,0,2,0,NEW_ONBOARDING,APPLIED,GEN-F0130-001-N-NE,"1,075",REGULAR,Pondok Indah,Hilman Zacky,B 4141 SVT,"4,144"
"Sep 17, 2025, 15:14",WO-143597488522140381,SPAREPART,87eede8f-1064-4c4e-912d-9319aa96d5b0,Brake Pad H3 FR / RR H3,"26,000",0,2,0,0,2,0,NOT_COVERED,APPLIED,GEN-F0130-001-N-NE,"1,075",REGULAR,Bekasi,Service Advisor Bekasi,B 4404 SVR,"546,929"
"Sep 17, 2025, 15:14",WO-143597488522140381,SPAREPART,0e63dd11-3dfb-40f2-9820-7fc9cc0b12bc,Front fork bearings H3,"42,021","100,000",1,0,0,1,"100,000",NOT_COVERED,APPLIED,GEN-F0100-001-F-NE,849,REGULAR,Bekasi,Service Advisor Bekasi,B 4404 SVR,"546,929"
"Sep 17, 2025, 14:56",WO-143595000612057141,SPAREPART,87eede8f-1064-4c4e-912d-9319aa96d5b0,Brake Pad H3 FR / RR H3,"26,000",0,1,0,0,1,0,NOT_COVERED,APPLIED,GEN-F0130-001-N-NE,"1,075",REGULAR,Kembangan,Irawan,B 4518 SVR,"55,787"
"Sep 17, 2025, 14:56",WO-143475762069041205,SPAREPART,849a10fd-aa14-4894-927f-c8045f2bc1f9,Front disc brake assembly without logo H3,"100,000",0,1,0,0,1,0,NOT_COVERED,APPLIED,H3A-F0120-001-F-NE,850,REPO_MAINTENANCE,Pondok Indah,Service Advisor PI,B 4631 SVO,"40,365"
"Sep 17, 2025, 14:56",WO-143475762069041205,SPAREPART,c7216707-bb31-462a-913e-85977a8c34d3,Front right turn signal light H3,"71,829",0,1,0,0,1,0,NOT_COVERED,APPLIED,H3A-E60020-001-R-NE,823,REPO_MAINTENANCE,Pondok Indah,Service Advisor PI,B 4631 SVO,"40,365"
"Sep 17, 2025, 14:56",WO-143475762069041205,SPAREPART,ec86c430-e74c-451d-8d93-6d47384acc17,Tire 90/90-12 H3 (KENDA) H3,"100,000",0,1,0,0,1,0,NOT_COVERED,APPLIED,GEN-F0500-001-N-MA,"1,741",REPO_MAINTENANCE,Pondok Indah,Service Advisor PI,B 4631 SVO,"40,365"
"Sep 17, 2025, 14:56",WO-143475762069041205,SPAREPART,87eede8f-1064-4c4e-912d-9319aa96d5b0,Brake Pad H3 FR / RR H3,"26,000",0,1,0,0,1,0,NOT_COVERED,APPLIED,GEN-F0130-001-N-NE,"1,075",REPO_MAINTENANCE,Pondok Indah,Service Advisor PI,B 4631 SVO,"40,365"
"Sep 17, 2025, 14:56",WO-143475762069041205,SPAREPART,0e63dd11-3dfb-40f2-9820-7fc9cc0b12bc,Front fork bearings H3,"42,021",0,1,0,0,1,0,NOT_COVERED,APPLIED,GEN-F0100-001-F-NE,849,REPO_MAINTENANCE,Pondok Indah,Service Advisor PI,B 4631 SVO,"40,365"
"Sep 17, 2025, 14:48",WO-143592461548133085,SPAREPART,79e0bbc0-0b87-4142-8e3f-0b3ccdc86641,Brake Pad Kit H5 -2-01 (Canvas Rem) H5,"28,500",0,1,0,0,1,0,NOT_COVERED,APPLIED,GEN-F1140-001-R-NE,"1,759",WALK_IN_MAINTENANCE,Kembangan,Irawan,B 4765 SVN,"49,695"
"Sep 17, 2025, 14:46",WO-143594671594074165,SPAREPART,d09f6b27-05e3-429e-8d59-5978689af06f,USB charging port H3,"12,627",0,1,0,0,1,0,NEW_ONBOARDING,APPLIED,H3A-E40010-001-N-NE,871,REGULAR,Pondok Indah,Muhammad Riduwan,B 4199 SWB,"16,255"
"Sep 17, 2025, 14:46",WO-143594671594074165,SPAREPART,0e63dd11-3dfb-40f2-9820-7fc9cc0b12bc,Front fork bearings H3,"42,021",0,1,0,0,1,0,NEW_ONBOARDING,APPLIED,GEN-F0100-001-F-NE,849,REGULAR,Pondok Indah,Muhammad Riduwan,B 4199 SWB,"16,255"
"Sep 17, 2025, 14:44",WO-143586864970919989,SPAREPART,79e0bbc0-0b87-4142-8e3f-0b3ccdc86641,Brake Pad Kit H5 -2-01 (Canvas Rem) H5,"28,500",0,1,0,0,1,0,NOT_COVERED,APPLIED,GEN-F1140-001-R-NE,"1,759",WALK_IN_MAINTENANCE,Kembangan,Irawan,B 4115 SVO,"40,972"
"Sep 17, 2025, 14:42",WO-143594142306409181,SPAREPART,87eede8f-1064-4c4e-912d-9319aa96d5b0,Brake Pad H3 FR / RR H3,"26,000","26,000",2,0,0,2,"52,000",NOT_COVERED,APPLIED,GEN-F0130-001-N-NE,"1,075",REGULAR,Depok,Aji Fadilah,B 4679 SVT,"58,898"
"Sep 17, 2025, 14:40",WO-143592074195770077,SPAREPART,87eede8f-1064-4c4e-912d-9319aa96d5b0,Brake Pad H3 FR / RR H3,"26,000","26,000",1,0,0,1,"26,000",NOT_COVERED,APPLIED,GEN-F0130-001-N-NE,"1,075",STORING,Pondok Indah,Dani Setiawan,B 4443 SVV,"47,686"
"Sep 17, 2025, 14:40",WO-143592074195770077,SPAREPART,d09f6b27-05e3-429e-8d59-5978689af06f,USB charging port H3,"12,627","12,627",1,0,0,1,"12,627",NOT_COVERED,APPLIED,H3A-E40010-001-N-NE,871,STORING,Pondok Indah,Dani Setiawan,B 4443 SVV,"47,686"
"Sep 17, 2025, 14:38",WO-143594019648183005,SPAREPART,87eede8f-1064-4c4e-912d-9319aa96d5b0,Brake Pad H3 FR / RR H3,"26,000",0,2,0,0,2,0,NEW_ONBOARDING,APPLIED,GEN-F0130-001-N-NE,"1,075",REGULAR,Pondok Indah,Hilman Zacky,B 3736 PWE,"52,348"
"Sep 17, 2025, 14:36",WO-143593691553001525,SPAREPART,87eede8f-1064-4c4e-912d-9319aa96d5b0,Brake Pad H3 FR / RR H3,"26,000",0,2,0,0,2,0,NEW_ONBOARDING,APPLIED,GEN-F0130-001-N-NE,"1,075",REGULAR,Pondok Indah,Muhammad Riduwan,B 4621 SVO,"66,245"
"Sep 17, 2025, 14:32",WO-143478949538754613,SPAREPART,87eede8f-1064-4c4e-912d-9319aa96d5b0,Brake Pad H3 FR / RR H3,"26,000",0,1,0,0,1,0,NOT_COVERED,APPLIED,GEN-F0130-001-N-NE,"1,075",REPO_MAINTENANCE,Pondok Indah,Service Advisor PI,B 4904 SVT,"55,413"
"Sep 17, 2025, 14:32",WO-143478949538754613,SPAREPART,ec86c430-e74c-451d-8d93-6d47384acc17,Tire 90/90-12 H3 (KENDA) H3,"100,000",0,1,0,0,1,0,NOT_COVERED,APPLIED,GEN-F0500-001-N-MA,"1,741",REPO_MAINTENANCE,Pondok Indah,Service Advisor PI,B 4904 SVT,"55,413"
"Sep 17, 2025, 14:32",WO-143593298462830645,SPAREPART,87eede8f-1064-4c4e-912d-9319aa96d5b0,Brake Pad H3 FR / RR H3,"26,000","26,000",1,0,0,1,"26,000",NOT_COVERED,APPLIED,GEN-F0130-001-N-NE,"1,075",REGULAR,Bekasi,Faris Abdurrahan,B 4104 SVP,"455,614"
"Sep 17, 2025, 14:31",WO-143592447186890805,SPAREPART,87eede8f-1064-4c4e-912d-9319aa96d5b0,Brake Pad H3 FR / RR H3,"26,000",0,1,0,0,1,0,NOT_COVERED,APPLIED,GEN-F0130-001-N-NE,"1,075",STORING,Pondok Indah,Eka Pitaloka,B 4135 SWB,"129,097"
"Sep 17, 2025, 14:29",WO-143575336406227677,SPAREPART,1ac25aee-ff64-497d-a915-e4617a1892ae,Bearing Nachi 6201 H3,"13,967",0,1,0,0,1,0,NOT_COVERED,APPLIED,GEN-F0060-001-F-NE,"1,735",WALK_IN_MAINTENANCE,Kembangan,Irawan,B 4749 SVT,"31,911"
"Sep 17, 2025, 14:29",WO-143575336406227677,SPAREPART,0e63dd11-3dfb-40f2-9820-7fc9cc0b12bc,Front fork bearings H3,"42,021",0,1,0,0,1,0,NOT_COVERED,APPLIED,GEN-F0100-001-F-NE,849,WALK_IN_MAINTENANCE,Kembangan,Irawan,B 4749 SVT,"31,911"
"Sep 17, 2025, 14:23",WO-143592056562916061,SPAREPART,87eede8f-1064-4c4e-912d-9319aa96d5b0,Brake Pad H3 FR / RR H3,"26,000","26,000",1,0,0,1,"26,000",NOT_COVERED,APPLIED,GEN-F0130-001-N-NE,"1,075",REGULAR,Depok,Aji Fadilah,B 4550 SWA,"15,486"
"Sep 17, 2025, 14:22",WO-143592232472025821,SPAREPART,fa116921-3f09-44e1-b709-86b1780d9253,Brake Pad Kit H5 -1-01 (Canvas Rem) H5,"39,500",0,1,0,0,1,0,NEW_ONBOARDING,APPLIED,GEN-F1130-001-F-NE,"1,758",REGULAR,Pondok Indah,Randy,B 3741 PWE,"25,714"
"Sep 17, 2025, 14:22",WO-143592232472025821,SPAREPART,79e0bbc0-0b87-4142-8e3f-0b3ccdc86641,Brake Pad Kit H5 -2-01 (Canvas Rem) H5,"28,500",0,1,0,0,1,0,NEW_ONBOARDING,APPLIED,GEN-F1140-001-R-NE,"1,759",REGULAR,Pondok Indah,Randy,B 3741 PWE,"25,714"
"Sep 17, 2025, 14:22",WO-143592268593371869,SPAREPART,0e63dd11-3dfb-40f2-9820-7fc9cc0b12bc,Front fork bearings H3,"42,021","100,000",1,0,0,1,"100,000",NOT_COVERED,APPLIED,GEN-F0100-001-F-NE,849,WALK_IN_MAINTENANCE,Bekasi,Service Advisor Bekasi,B 3643 PWE,"384,041"
"Sep 17, 2025, 14:14",WO-143591419263643701,SPAREPART,0e63dd11-3dfb-40f2-9820-7fc9cc0b12bc,Front fork bearings H3,"42,021","100,000",1,0,0,1,"100,000",NOT_COVERED,APPLIED,GEN-F0100-001-F-NE,849,WALK_IN_MAINTENANCE,Bekasi,Service Advisor Bekasi,B 4357 SVP,"678,411"
"Sep 17, 2025, 14:14",WO-143591419263643701,SPAREPART,1ac25aee-ff64-497d-a915-e4617a1892ae,Bearing Nachi 6201 H3,"13,967","27,000",2,0,0,2,"54,000",NOT_COVERED,APPLIED,GEN-F0060-001-F-NE,"1,735",WALK_IN_MAINTENANCE,Bekasi,Service Advisor Bekasi,B 4357 SVP,"678,411"
"Sep 17, 2025, 14:14",WO-143591419263643701,SPAREPART,87eede8f-1064-4c4e-912d-9319aa96d5b0,Brake Pad H3 FR / RR H3,"26,000",0,2,0,0,2,0,NOT_COVERED,APPLIED,GEN-F0130-001-N-NE,"1,075",WALK_IN_MAINTENANCE,Bekasi,Service Advisor Bekasi,B 4357 SVP,"678,411"
"Sep 17, 2025, 14:11",WO-143589191131863773,SPAREPART,79e0bbc0-0b87-4142-8e3f-0b3ccdc86641,Brake Pad Kit H5 -2-01 (Canvas Rem) H5,"28,500","28,500",1,0,0,1,"28,500",NOT_COVERED,APPLIED,GEN-F1140-001-R-NE,"1,759",REGULAR,Depok,Budiman Yusup,B 4660 SVN,"87,858"
"Sep 17, 2025, 14:11",WO-143589191131863773,SPAREPART,fa116921-3f09-44e1-b709-86b1780d9253,Brake Pad Kit H5 -1-01 (Canvas Rem) H5,"39,500","39,500",1,0,0,1,"39,500",NOT_COVERED,APPLIED,GEN-F1130-001-F-NE,"1,758",REGULAR,Depok,Budiman Yusup,B 4660 SVN,"87,858"
"Sep 17, 2025, 14:06",WO-143589163986382901,SPAREPART,87eede8f-1064-4c4e-912d-9319aa96d5b0,Brake Pad H3 FR / RR H3,"26,000",0,1,0,0,1,0,NOT_COVERED,APPLIED,GEN-F0130-001-N-NE,"1,075",REGULAR,Kembangan,Irawan,B 4227 SWA,"13,045"
"Sep 17, 2025, 14:02",WO-143590192631050293,SPAREPART,87eede8f-1064-4c4e-912d-9319aa96d5b0,Brake Pad H3 FR / RR H3,"26,000",0,2,0,0,2,0,NEW_ONBOARDING,APPLIED,GEN-F0130-001-N-NE,"1,075",REGULAR,Pondok Indah,Randy,B 4411 SVV,"25,779"
"Sep 17, 2025, 14:02",WO-143590192631050293,SPAREPART,ec86c430-e74c-451d-8d93-6d47384acc17,Tire 90/90-12 H3 (KENDA) H3,"135,796",0,2,0,0,2,0,NEW_ONBOARDING,APPLIED,GEN-F0500-001-N-MA,"1,741",REGULAR,Pondok Indah,Randy,B 4411 SVV,"25,779"
"Sep 17, 2025, 14:02",WO-143590192631050293,SPAREPART,d09f6b27-05e3-429e-8d59-5978689af06f,USB charging port H3,"12,627",0,1,0,0,1,0,NEW_ONBOARDING,APPLIED,H3A-E40010-001-N-NE,871,REGULAR,Pondok Indah,Randy,B 4411 SVV,"25,779"
"Sep 17, 2025, 13:57",WO-143484915617427509,SPAREPART,87eede8f-1064-4c4e-912d-9319aa96d5b0,Brake Pad H3 FR / RR H3,"26,000",0,1,0,0,1,0,NOT_COVERED,APPLIED,GEN-F0130-001-N-NE,"1,075",REPO_MAINTENANCE,Pondok Indah,Service Advisor PI,B 4689 SWA,"159,752"
"Sep 17, 2025, 13:57",WO-143484915617427509,SPAREPART,ec86c430-e74c-451d-8d93-6d47384acc17,Tire 90/90-12 H3 (KENDA) H3,"100,000",0,1,0,0,1,0,NOT_COVERED,APPLIED,GEN-F0500-001-N-MA,"1,741",REPO_MAINTENANCE,Pondok Indah,Service Advisor PI,B 4689 SWA,"159,752"
"Sep 17, 2025, 13:56",WO-143586926962678493,SPAREPART,999f14b8-db39-41e5-a31a-b5e0b7e8d909,Tires (far star) H5,"100,000",0,1,0,0,1,0,NOT_COVERED,APPLIED,GEN-F1090-001-N-NE,982,REGULAR,Kembangan,Irawan,B 5043 SVL,"55,022"
"Sep 17, 2025, 13:53",WO-143585589013311541,SPAREPART,87eede8f-1064-4c4e-912d-9319aa96d5b0,Brake Pad H3 FR / RR H3,"26,000",0,1,0,0,1,0,NOT_COVERED,APPLIED,GEN-F0130-001-N-NE,"1,075",STORING,Pondok Indah,Eka Pitaloka,B 4556 SVP,"324,006"
"Sep 17, 2025, 13:53",WO-143589230407381045,SPAREPART,fa116921-3f09-44e1-b709-86b1780d9253,Brake Pad Kit H5 -1-01 (Canvas Rem) H5,"39,500","39,500",2,0,0,2,"79,000",NOT_COVERED,APPLIED,GEN-F1130-001-F-NE,"1,758",WALK_IN_MAINTENANCE,Bekasi,Service Advisor Bekasi,B 5141 SVL,"51,781"
"Sep 17, 2025, 13:43",WO-143586650423827165,SPAREPART,00c93cf0-bacc-4e53-aab2-4aeeebf5bf3b,Air tape PVR 50 (5 mm) H3,"3,500","3,500",1,0,0,1,"3,500",NOT_COVERED,APPLIED,GEN-F0420-002-N-NE,"1,740",STORING,Pondok Indah,Dani Setiawan,B 4189 SWB,"4,189"
"Sep 17, 2025, 13:42",WO-143588257161026269,SPAREPART,d09f6b27-05e3-429e-8d59-5978689af06f,USB charging port H3,"12,627","12,627",1,0,0,1,"12,627",NOT_COVERED,APPLIED,H3A-E40010-001-N-NE,871,REGULAR,Pondok Indah,Muhammad Riduwan,B 3640 PWG,"12,286"
"Sep 17, 2025, 13:42",WO-143588257161026269,SPAREPART,87eede8f-1064-4c4e-912d-9319aa96d5b0,Brake Pad H3 FR / RR H3,"26,000",0,2,0,0,2,0,NEW_ONBOARDING,APPLIED,GEN-F0130-001-N-NE,"1,075",REGULAR,Pondok Indah,Muhammad Riduwan,B 3640 PWG,"12,286"
"Sep 17, 2025, 13:30",WO-143585194950007517,SPAREPART,87eede8f-1064-4c4e-912d-9319aa96d5b0,Brake Pad H3 FR / RR H3,"26,000",0,1,0,0,1,0,NOT_COVERED,APPLIED,GEN-F0130-001-N-NE,"1,075",REGULAR,Kembangan,Irawan,B 4224 SVP,"36,499"
"Sep 17, 2025, 13:30",WO-143585194950007517,SPAREPART,d09f6b27-05e3-429e-8d59-5978689af06f,USB charging port H3,"12,627","12,627",1,0,0,1,"12,627",NOT_COVERED,APPLIED,H3A-E40010-001-N-NE,871,REGULAR,Kembangan,Irawan,B 4224 SVP,"36,499"
"Sep 17, 2025, 13:23",WO-143584599023349813,SPAREPART,79e0bbc0-0b87-4142-8e3f-0b3ccdc86641,Brake Pad Kit H5 -2-01 (Canvas Rem) H5,"28,500",0,1,0,0,1,0,NOT_COVERED,APPLIED,GEN-F1140-001-R-NE,"1,759",REGULAR,Kembangan,Irawan,B 4079 SVO,"50,642"
"Sep 17, 2025, 13:23",WO-143584599023349813,SPAREPART,fa116921-3f09-44e1-b709-86b1780d9253,Brake Pad Kit H5 -1-01 (Canvas Rem) H5,"39,500",0,1,0,0,1,0,NOT_COVERED,APPLIED,GEN-F1130-001-F-NE,"1,758",REGULAR,Kembangan,Irawan,B 4079 SVO,"50,642"
"Sep 17, 2025, 13:23",WO-143586376485498933,SPAREPART,87eede8f-1064-4c4e-912d-9319aa96d5b0,Brake Pad H3 FR / RR H3,"26,000",0,2,0,0,2,0,NOT_COVERED,APPLIED,GEN-F0130-001-N-NE,"1,075",WALK_IN_MAINTENANCE,Bekasi,Service Advisor Bekasi,B 4534 SVT,"424,019"
"Sep 17, 2025, 13:21",WO-143586201666908213,SPAREPART,79e0bbc0-0b87-4142-8e3f-0b3ccdc86641,Brake Pad Kit H5 -2-01 (Canvas Rem) H5,"28,500",0,1,0,0,1,0,NEW_ONBOARDING,APPLIED,GEN-F1140-001-R-NE,"1,759",REGULAR,Pondok Indah,Randy,B 5146 SVL,"43,516"
"Sep 17, 2025, 13:21",WO-143586201666908213,SPAREPART,fa116921-3f09-44e1-b709-86b1780d9253,Brake Pad Kit H5 -1-01 (Canvas Rem) H5,"39,500",0,1,0,0,1,0,NEW_ONBOARDING,APPLIED,GEN-F1130-001-F-NE,"1,758",REGULAR,Pondok Indah,Randy,B 5146 SVL,"43,516"
"Sep 17, 2025, 13:20",WO-143584802145103925,SPAREPART,87eede8f-1064-4c4e-912d-9319aa96d5b0,Brake Pad H3 FR / RR H3,"26,000",0,2,0,0,2,0,NOT_COVERED,APPLIED,GEN-F0130-001-N-NE,"1,075",REGULAR,Kembangan,Irawan,B 5272 BWJ,"24,741"
"Sep 17, 2025, 13:18",WO-143585704994151133,SPAREPART,9ae448db-156e-4e8b-8980-6f520521c921,Speed control handle cable H3,"16,169",0,1,0,0,1,0,NEW_ONBOARDING,APPLIED,H3A-E70090-001-N-BL,857,REGULAR,Pondok Indah,Hilman Zacky,B 4074 SVT,"76,555"
"Sep 17, 2025, 13:18",WO-143585704994151133,SPAREPART,d09f6b27-05e3-429e-8d59-5978689af06f,USB charging port H3,"12,627",0,1,0,0,1,0,NEW_ONBOARDING,APPLIED,H3A-E40010-001-N-NE,871,REGULAR,Pondok Indah,Hilman Zacky,B 4074 SVT,"76,555"
"Sep 17, 2025, 13:13",WO-143585244526735413,SPAREPART,87eede8f-1064-4c4e-912d-9319aa96d5b0,Brake Pad H3 FR / RR H3,"26,000",0,2,0,0,2,0,NEW_ONBOARDING,APPLIED,GEN-F0130-001-N-NE,"1,075",REGULAR,Pondok Indah,Muhammad Riduwan,B 4184 SVV,"23,617"
"Sep 17, 2025, 13:13",WO-143585244526735413,SPAREPART,ec86c430-e74c-451d-8d93-6d47384acc17,Tire 90/90-12 H3 (KENDA) H3,"135,796",0,1,0,0,1,0,NEW_ONBOARDING,APPLIED,GEN-F0500-001-N-MA,"1,741",REGULAR,Pondok Indah,Muhammad Riduwan,B 4184 SVV,"23,617"
"Sep 17, 2025, 13:13",WO-143585244526735413,SPAREPART,d625acb9-40c7-43a1-9f20-99489c41ef5f,Front disc brake disc H3,"56,580",0,1,0,0,1,0,NEW_ONBOARDING,APPLIED,GEN-F0140-001-F-NE,853,REGULAR,Pondok Indah,Muhammad Riduwan,B 4184 SVV,"23,617"
"Sep 17, 2025, 13:10",WO-143578409270778589,SPAREPART,87eede8f-1064-4c4e-912d-9319aa96d5b0,Brake Pad H3 FR / RR H3,"26,000",0,2,0,0,2,0,NOT_COVERED,APPLIED,GEN-F0130-001-N-NE,"1,075",REGULAR,Kembangan,Irawan,B 5231 BWJ,"29,294"
"Sep 17, 2025, 13:06",WO-143584624910539485,SPAREPART,87eede8f-1064-4c4e-912d-9319aa96d5b0,Brake Pad H3 FR / RR H3,"26,000",0,2,0,0,2,0,NEW_ONBOARDING,APPLIED,GEN-F0130-001-N-NE,"1,075",REGULAR,Pondok Indah,Randy,B 4109 SVT,"27,403"
"Sep 17, 2025, 13:03",WO-143584291178158813,SPAREPART,87eede8f-1064-4c4e-912d-9319aa96d5b0,Brake Pad H3 FR / RR H3,"26,000",0,2,0,0,2,0,NEW_ONBOARDING,APPLIED,GEN-F0130-001-N-NE,"1,075",REGULAR,Pondok Indah,Hilman Zacky,B 4533 SVV,"22,631"
"Sep 17, 2025, 13:03",WO-143584356156316381,SPAREPART,87eede8f-1064-4c4e-912d-9319aa96d5b0,Brake Pad H3 FR / RR H3,"26,000","26,000",1,0,0,1,"26,000",NOT_COVERED,APPLIED,GEN-F0130-001-N-NE,"1,075",REGULAR,Bekasi,Affani,B 3632 PWE,"290,862"
"Sep 17, 2025, 11:48",WO-143575997847968477,SPAREPART,87eede8f-1064-4c4e-912d-9319aa96d5b0,Brake Pad H3 FR / RR H3,"26,000",0,1,0,0,1,0,NOT_COVERED,APPLIED,GEN-F0130-001-N-NE,"1,075",REGULAR,Kembangan,Irawan,B 4341 SVT,"52,978"
"Sep 17, 2025, 11:41",WO-143572157778161717,SPAREPART,5075f880-8de8-488e-9bca-4db3d05c3583,Brake pad Front H1 - Fr H1,"26,000",0,1,0,0,1,0,NOT_COVERED,APPLIED,GEN-F1280-001-N-NE,"1,789",REGULAR,Pondok Indah,Eka Pitaloka,B 4482 SWD,"4,140"
"Sep 17, 2025, 11:40",WO-143337927726865117,SPAREPART,29ae4c69-46d5-4754-bf7e-f808ca55ebe7,Lock Set H3,"32,338",0,1,0,0,1,0,NOT_COVERED,APPLIED,H3A-E70050-001-N-NE,865,REPO_MAINTENANCE,Pondok Indah,Service Advisor PI,B 4712 SVT,"2,354"
"Sep 17, 2025, 11:40",WO-143337927726865117,SPAREPART,c52ca52a-85ef-43ad-8637-a9a65142da16,Rear disc brake disc H3,"26,519",0,1,0,0,1,0,NOT_COVERED,APPLIED,GEN-F0190-001-R-NE,854,REPO_MAINTENANCE,Pondok Indah,Service Advisor PI,B 4712 SVT,"2,354"
"Sep 17, 2025, 11:40",WO-143337927726865117,SPAREPART,83ff687a-bfd0-4975-936c-81b8115da6d5,Brake Fluid H3,"24,484",0,1,0,0,1,0,NOT_COVERED,APPLIED,GEN-K0050-001-N-NE,"1,737",REPO_MAINTENANCE,Pondok Indah,Service Advisor PI,B 4712 SVT,"2,354"
"Sep 17, 2025, 11:40",WO-143337927726865117,SPAREPART,0e63dd11-3dfb-40f2-9820-7fc9cc0b12bc,Front fork bearings H3,"42,021",0,1,0,0,1,0,NOT_COVERED,APPLIED,GEN-F0100-001-F-NE,849,REPO_MAINTENANCE,Pondok Indah,Service Advisor PI,B 4712 SVT,"2,354"
"Sep 17, 2025, 11:40",WO-143337927726865117,SPAREPART,fa2aa715-9e31-4acd-bf14-c7d7944cc82e,Right center cover fasten board H3,"6,302",0,1,0,0,1,0,NOT_COVERED,APPLIED,H3A-B0380-001-R-NE,790,REPO_MAINTENANCE,Pondok Indah,Service Advisor PI,B 4712 SVT,"2,354"
"Sep 17, 2025, 11:40",WO-143337927726865117,SPAREPART,87eede8f-1064-4c4e-912d-9319aa96d5b0,Brake Pad H3 FR / RR H3,"26,000",0,1,0,0,1,0,NOT_COVERED,APPLIED,GEN-F0130-001-N-NE,"1,075",REPO_MAINTENANCE,Pondok Indah,Service Advisor PI,B 4712 SVT,"2,354"
"Sep 17, 2025, 11:35",WO-143575336406227677,SPAREPART,e0402ad2-4c70-44c0-b2a2-8bccaf20ce7b,Steering rack assembly 6.42±0.04kg H3,"100,000",0,1,0,0,1,0,NOT_COVERED,APPLIED,H3A-F0070-001-N-NE,845,WALK_IN_MAINTENANCE,Kembangan,Irawan,B 4749 SVT,"31,911"
"Sep 17, 2025, 11:32",WO-143568861927578333,SPAREPART,87eede8f-1064-4c4e-912d-9319aa96d5b0,Brake Pad H3 FR / RR H3,"26,000",0,1,0,0,1,0,NOT_COVERED,APPLIED,GEN-F0130-001-N-NE,"1,075",REGULAR,Kembangan,Irawan,B 4578 SVR,"39,702"
"Sep 17, 2025, 11:31",WO-143568647162490933,SPAREPART,fa116921-3f09-44e1-b709-86b1780d9253,Brake Pad Kit H5 -1-01 (Canvas Rem) H5,"39,500",0,1,0,0,1,0,NOT_COVERED,APPLIED,GEN-F1130-001-F-NE,"1,758",REGULAR,Kembangan,Irawan,B 4059 SVO,"79,877"
"Sep 17, 2025, 11:30",WO-143574918250950709,SPAREPART,87eede8f-1064-4c4e-912d-9319aa96d5b0,Brake Pad H3 FR / RR H3,"26,000",0,1,0,0,1,0,NOT_COVERED,APPLIED,GEN-F0130-001-N-NE,"1,075",WALK_IN_MAINTENANCE,Kembangan,Irawan,B 4186 SWA,"51,034"
"Sep 17, 2025, 11:23",WO-143567384073007157,SPAREPART,999f14b8-db39-41e5-a31a-b5e0b7e8d909,Tires (far star) H5,"100,000",0,1,0,0,1,0,NOT_COVERED,APPLIED,GEN-F1090-001-N-NE,982,REGULAR,Kembangan,Irawan,B 5157 SVL,"24,995"
"Sep 17, 2025, 11:13",WO-143566724023720669,SPAREPART,fa116921-3f09-44e1-b709-86b1780d9253,Brake Pad Kit H5 -1-01 (Canvas Rem) H5,"39,500",0,1,0,0,1,0,NOT_COVERED,APPLIED,GEN-F1130-001-F-NE,"1,758",REGULAR,Kembangan,Irawan,B 5226 SVL,"46,888"
"Sep 17, 2025, 11:13",WO-143566724023720669,SPAREPART,79e0bbc0-0b87-4142-8e3f-0b3ccdc86641,Brake Pad Kit H5 -2-01 (Canvas Rem) H5,"28,500",0,1,0,0,1,0,NOT_COVERED,APPLIED,GEN-F1140-001-R-NE,"1,759",REGULAR,Kembangan,Irawan,B 5226 SVL,"46,888"
"Sep 17, 2025, 11:11",WO-143573033867604021,SPAREPART,87eede8f-1064-4c4e-912d-9319aa96d5b0,Brake Pad H3 FR / RR H3,"26,000",0,2,0,0,2,0,NEW_ONBOARDING,APPLIED,GEN-F0130-001-N-NE,"1,075",REGULAR,Pondok Indah,Muhammad Riduwan,B 4798 SVR,"56,539"
"Sep 17, 2025, 11:05",WO-143566419097819869,SPAREPART,87eede8f-1064-4c4e-912d-9319aa96d5b0,Brake Pad H3 FR / RR H3,"26,000",0,1,0,0,1,0,NOT_COVERED,APPLIED,GEN-F0130-001-N-NE,"1,075",REGULAR,Kembangan,Irawan,B 4585 SWA,"20,865"
"Sep 17, 2025, 10:59",WO-143571886943563829,SPAREPART,87eede8f-1064-4c4e-912d-9319aa96d5b0,Brake Pad H3 FR / RR H3,"26,000","26,000",2,0,0,2,"52,000",NOT_COVERED,APPLIED,GEN-F0130-001-N-NE,"1,075",REGULAR,Bekasi,Affani,B 4828 SVR,"809,848"
"Sep 17, 2025, 10:57",WO-143556807682486325,SPAREPART,ec86c430-e74c-451d-8d93-6d47384acc17,Tire 90/90-12 H3 (KENDA) H3,"100,000","100,000",1,0,0,1,"100,000",NOT_COVERED,APPLIED,GEN-F0500-001-N-MA,"1,741",STORING,Pondok Indah,Muhamad Chaerudin,B 4023 SWB,"315,509"
"Sep 17, 2025, 10:57",WO-143571666004406325,SPAREPART,87eede8f-1064-4c4e-912d-9319aa96d5b0,Brake Pad H3 FR / RR H3,"26,000",0,2,0,0,2,0,NEW_ONBOARDING,APPLIED,GEN-F0130-001-N-NE,"1,075",REGULAR,Pondok Indah,Muhammad Riduwan,B 4585 SVV,"45,928"
"Sep 17, 2025, 10:53",WO-143571321618493493,SPAREPART,d09f6b27-05e3-429e-8d59-5978689af06f,USB charging port H3,"12,627",0,1,0,0,1,0,NEW_ONBOARDING,APPLIED,H3A-E40010-001-N-NE,871,REGULAR,Pondok Indah,Randy,B 4470 SWA,"12,896"
"Sep 17, 2025, 10:53",WO-143566214097072181,SPAREPART,87eede8f-1064-4c4e-912d-9319aa96d5b0,Brake Pad H3 FR / RR H3,"26,000",0,2,0,0,2,0,NOT_COVERED,APPLIED,GEN-F0130-001-N-NE,"1,075",REGULAR,Kembangan,Irawan,B 4041 SWD,"10,390"
"Sep 17, 2025, 10:52",WO-143472954536106717,SPAREPART,24f4995a-befd-4ad6-a490-c6318261742f,Cover Plat Nomer H3,"18,500",0,1,0,0,1,0,NOT_COVERED,APPLIED,GEN-A0140-001-N-MA,"1,738",REPO_MAINTENANCE,Pondok Indah,Service Advisor PI,B 4403 SVR,"63,216"
"Sep 17, 2025, 10:52",WO-143472954536106717,SPAREPART,83ff687a-bfd0-4975-936c-81b8115da6d5,Brake Fluid H3,"24,484",0,1,0,0,1,0,NOT_COVERED,APPLIED,GEN-K0050-001-N-NE,"1,737",REPO_MAINTENANCE,Pondok Indah,Service Advisor PI,B 4403 SVR,"63,216"
"Sep 17, 2025, 10:52",WO-143472954536106717,SPAREPART,87eede8f-1064-4c4e-912d-9319aa96d5b0,Brake Pad H3 FR / RR H3,"26,000",0,1,0,0,1,0,NOT_COVERED,APPLIED,GEN-F0130-001-N-NE,"1,075",REPO_MAINTENANCE,Pondok Indah,Service Advisor PI,B 4403 SVR,"63,216"
"Sep 17, 2025, 10:51",WO-143571088985561821,SPAREPART,87eede8f-1064-4c4e-912d-9319aa96d5b0,Brake Pad H3 FR / RR H3,"26,000","26,000",2,0,0,2,"52,000",NOT_COVERED,APPLIED,GEN-F0130-001-N-NE,"1,075",REGULAR,Bekasi,Faris Abdurrahan,B 4834 SVO,"362,936"
"Sep 17, 2025, 10:48",WO-143566157289364189,SPAREPART,87eede8f-1064-4c4e-912d-9319aa96d5b0,Brake Pad H3 FR / RR H3,"26,000",0,2,0,0,2,0,NOT_COVERED,APPLIED,GEN-F0130-001-N-NE,"1,075",REGULAR,Kembangan,Irawan,B 4607 SVO,"36,683"
"Sep 17, 2025, 10:48",WO-143570765403396829,SPAREPART,87eede8f-1064-4c4e-912d-9319aa96d5b0,Brake Pad H3 FR / RR H3,"26,000",0,2,0,0,2,0,NEW_ONBOARDING,APPLIED,GEN-F0130-001-N-NE,"1,075",REGULAR,Pondok Indah,Muhammad Riduwan,B 4772 SVT,"46,065"
"Sep 17, 2025, 10:47",WO-143566818982817845,SPAREPART,0cc0087d-f14d-4d60-8390-d8cf4acb7d7b,Seat cushion for Indonesia H3,"100,000","100,000",1,0,0,1,"100,000",NOT_COVERED,APPLIED,H3A-F0480-001-N-MA,813,REGULAR,Pondok Indah,Randy,B 3921 PWF,"16,751"
"Sep 17, 2025, 10:42",WO-143570232005368541,SPAREPART,87eede8f-1064-4c4e-912d-9319aa96d5b0,Brake Pad H3 FR / RR H3,"26,000",0,2,0,0,2,0,NEW_ONBOARDING,APPLIED,GEN-F0130-001-N-NE,"1,075",REGULAR,Pondok Indah,Hilman Zacky,B 4100 SVP,"48,440"
"Sep 17, 2025, 10:38",WO-143569788248059957,SPAREPART,87eede8f-1064-4c4e-912d-9319aa96d5b0,Brake Pad H3 FR / RR H3,"26,000",0,2,0,0,2,0,NEW_ONBOARDING,APPLIED,GEN-F0130-001-N-NE,"1,075",REGULAR,Pondok Indah,Service Advisor PI,B 4393 SVR,"27,874"
"Sep 17, 2025, 10:37",WO-143564603501113397,SPAREPART,5123303c-4006-4550-babc-615aa591fd41,Bearing Nachi 6204 H3,"24,000","24,000",1,0,0,1,"24,000",NOT_COVERED,APPLIED,GEN-F0240-001-N-NE,"1,736",REGULAR,Kembangan,Andi hidayat,B 4826 SVP,"61,739"
"Sep 17, 2025, 10:36",WO-143564085403906101,SPAREPART,0e63dd11-3dfb-40f2-9820-7fc9cc0b12bc,Front fork bearings H3,"42,021",0,1,0,0,1,0,NOT_COVERED,APPLIED,GEN-F0100-001-F-NE,849,REGULAR,Kembangan,Irawan,B 4596 SVO,"32,392"
"Sep 17, 2025, 10:36",WO-143564085403906101,SPAREPART,87eede8f-1064-4c4e-912d-9319aa96d5b0,Brake Pad H3 FR / RR H3,"26,000",0,1,0,0,1,0,NOT_COVERED,APPLIED,GEN-F0130-001-N-NE,"1,075",REGULAR,Kembangan,Irawan,B 4596 SVO,"32,392"
"Sep 17, 2025, 10:22",WO-143568115257634869,SPAREPART,87eede8f-1064-4c4e-912d-9319aa96d5b0,Brake Pad H3 FR / RR H3,"26,000","26,000",1,0,0,1,"26,000",NOT_COVERED,APPLIED,GEN-F0130-001-N-NE,"1,075",REGULAR,Bekasi,Affani,B 4552 SWA,"186,663"
"Sep 17, 2025, 10:12",WO-143567193668328157,SPAREPART,87eede8f-1064-4c4e-912d-9319aa96d5b0,Brake Pad H3 FR / RR H3,"26,000","26,000",1,0,0,1,"26,000",NOT_COVERED,APPLIED,GEN-F0130-001-N-NE,"1,075",REGULAR,Bekasi,Affani,B 4880 SVS,"490,002"
"Sep 17, 2025, 10:09",WO-143566818982817845,SPAREPART,87eede8f-1064-4c4e-912d-9319aa96d5b0,Brake Pad H3 FR / RR H3,"26,000",0,2,0,0,2,0,NEW_ONBOARDING,APPLIED,GEN-F0130-001-N-NE,"1,075",REGULAR,Pondok Indah,Randy,B 3921 PWF,"16,751"
"Sep 17, 2025, 10:07",WO-143466788154306613,SPAREPART,ec86c430-e74c-451d-8d93-6d47384acc17,Tire 90/90-12 H3 (KENDA) H3,"100,000",0,1,0,0,1,0,NOT_COVERED,APPLIED,GEN-F0500-001-N-MA,"1,741",REPO_MAINTENANCE,Pondok Indah,Service Advisor PI,B 4628 SWA,"13,454"
"Sep 17, 2025, 10:07",WO-143466788154306613,SPAREPART,87eede8f-1064-4c4e-912d-9319aa96d5b0,Brake Pad H3 FR / RR H3,"26,000",0,1,0,0,1,0,NOT_COVERED,APPLIED,GEN-F0130-001-N-NE,"1,075",REPO_MAINTENANCE,Pondok Indah,Service Advisor PI,B 4628 SWA,"13,454"
"Sep 17, 2025, 10:07",WO-143466788154306613,SPAREPART,24f4995a-befd-4ad6-a490-c6318261742f,Cover Plat Nomer H3,"18,500",0,1,0,0,1,0,NOT_COVERED,APPLIED,GEN-A0140-001-N-MA,"1,738",REPO_MAINTENANCE,Pondok Indah,Service Advisor PI,B 4628 SWA,"13,454"
"Sep 17, 2025, 09:57",WO-143565569734482653,SPAREPART,1ac25aee-ff64-497d-a915-e4617a1892ae,Bearing Nachi 6201 H3,"13,967","13,967",2,0,0,2,"27,934",NOT_COVERED,APPLIED,GEN-F0060-001-F-NE,"1,735",REGULAR,Bekasi,Faris Abdurrahan,B 4589 SVO,"373,969"
"Sep 17, 2025, 09:53",WO-143565196340817973,SPAREPART,87eede8f-1064-4c4e-912d-9319aa96d5b0,Brake Pad H3 FR / RR H3,"26,000",0,2,0,0,2,0,NEW_ONBOARDING,APPLIED,GEN-F0130-001-N-NE,"1,075",REGULAR,Pondok Indah,Service Advisor PI,B 4664 SVT,"35,398"
"Sep 17, 2025, 09:53",WO-143565196340817973,SPAREPART,ec86c430-e74c-451d-8d93-6d47384acc17,Tire 90/90-12 H3 (KENDA) H3,"100,000",0,1,0,0,1,0,NOT_COVERED,APPLIED,GEN-F0500-001-N-MA,"1,741",REGULAR,Pondok Indah,Service Advisor PI,B 4664 SVT,"35,398"
"Sep 17, 2025, 09:52",WO-143553892540488413,SPAREPART,87eede8f-1064-4c4e-912d-9319aa96d5b0,Brake Pad H3 FR / RR H3,"26,000","26,000",2,0,0,2,"52,000",NOT_COVERED,APPLIED,GEN-F0130-001-N-NE,"1,075",STORING,Pondok Indah,Muhamad Chaerudin,B 4348 SVV,"345,189"
"Sep 17, 2025, 09:52",WO-143553892540488413,SPAREPART,ec86c430-e74c-451d-8d93-6d47384acc17,Tire 90/90-12 H3 (KENDA) H3,"135,796","135,796",1,0,0,1,"135,796",NOT_COVERED,APPLIED,GEN-F0500-001-N-MA,"1,741",STORING,Pondok Indah,Muhamad Chaerudin,B 4348 SVV,"345,189"
"Sep 17, 2025, 09:48",WO-143453035450921013,SPAREPART,87eede8f-1064-4c4e-912d-9319aa96d5b0,Brake Pad H3 FR / RR H3,"26,000",0,2,0,0,2,0,NOT_COVERED,APPLIED,GEN-F0130-001-N-NE,"1,075",WALK_IN_MAINTENANCE,Pondok Indah,Service Advisor PI,B 4195 SWA,"20,736"
"Sep 17, 2025, 09:48",WO-143453035450921013,SPAREPART,ec86c430-e74c-451d-8d93-6d47384acc17,Tire 90/90-12 H3 (KENDA) H3,"100,000",0,1,0,0,1,0,NOT_COVERED,APPLIED,GEN-F0500-001-N-MA,"1,741",WALK_IN_MAINTENANCE,Pondok Indah,Service Advisor PI,B 4195 SWA,"20,736"
"Sep 17, 2025, 09:43",WO-143564217541204701,SPAREPART,ec86c430-e74c-451d-8d93-6d47384acc17,Tire 90/90-12 H3 (KENDA) H3,"100,000","100,000",1,0,0,1,"100,000",NOT_COVERED,APPLIED,GEN-F0500-001-N-MA,"1,741",REGULAR,Pondok Indah,Eka Pitaloka,B 4768 SVP,"47,717"
"Sep 17, 2025, 09:43",WO-143564217541204701,SPAREPART,87eede8f-1064-4c4e-912d-9319aa96d5b0,Brake Pad H3 FR / RR H3,"26,000",0,2,0,0,2,0,NEW_ONBOARDING,APPLIED,GEN-F0130-001-N-NE,"1,075",REGULAR,Pondok Indah,Eka Pitaloka,B 4768 SVP,"47,717"
"Sep 17, 2025, 09:43",WO-143564217541204701,SPAREPART,c52ca52a-85ef-43ad-8637-a9a65142da16,Rear disc brake disc H3,"26,519","80,000",1,0,0,1,"80,000",NOT_COVERED,APPLIED,GEN-F0190-001-R-NE,854,REGULAR,Pondok Indah,Eka Pitaloka,B 4768 SVP,"47,717"
"Sep 17, 2025, 09:43",WO-143564170682495029,SPAREPART,87eede8f-1064-4c4e-912d-9319aa96d5b0,Brake Pad H3 FR / RR H3,"26,000","26,000",1,0,0,1,"26,000",NOT_COVERED,APPLIED,GEN-F0130-001-N-NE,"1,075",REGULAR,Bekasi,Affani,B 3890 PWF,"524,613"
"Sep 17, 2025, 09:43",WO-143564170682495029,SPAREPART,1ac25aee-ff64-497d-a915-e4617a1892ae,Bearing Nachi 6201 H3,"13,967","13,967",2,0,0,2,"27,934",NOT_COVERED,APPLIED,GEN-F0060-001-F-NE,"1,735",REGULAR,Bekasi,Affani,B 3890 PWF,"524,613"
"Sep 17, 2025, 09:41",WO-143558277735652061,SPAREPART,87eede8f-1064-4c4e-912d-9319aa96d5b0,Brake Pad H3 FR / RR H3,"26,000",0,1,0,0,1,0,NOT_COVERED,APPLIED,GEN-F0130-001-N-NE,"1,075",STORING,Pondok Indah,Eka Pitaloka,B 4842 SVR,"56,467"
"Sep 17, 2025, 09:40",WO-143562411071303733,SPAREPART,87eede8f-1064-4c4e-912d-9319aa96d5b0,Brake Pad H3 FR / RR H3,"26,000","26,000",2,0,0,2,"52,000",NOT_COVERED,APPLIED,GEN-F0130-001-N-NE,"1,075",REGULAR,Bekasi,Faris Abdurrahan,B 5260 BWJ,"297,744"
"Sep 17, 2025, 09:38",WO-143562814596902965,SPAREPART,87eede8f-1064-4c4e-912d-9319aa96d5b0,Brake Pad H3 FR / RR H3,"26,000",0,1,0,0,1,0,NOT_COVERED,APPLIED,GEN-F0130-001-N-NE,"1,075",REGULAR,Kembangan,Irawan,B 3693 PWE,"46,543"
"Sep 17, 2025, 09:34",WO-143563333650411573,SPAREPART,87eede8f-1064-4c4e-912d-9319aa96d5b0,Brake Pad H3 FR / RR H3,"26,000",0,2,0,0,2,0,NEW_ONBOARDING,APPLIED,GEN-F0130-001-N-NE,"1,075",REGULAR,Pondok Indah,Hilman Zacky,B 4618 SWA,"11,633"
"Sep 17, 2025, 09:28",WO-143466509702798045,SPAREPART,849a10fd-aa14-4894-927f-c8045f2bc1f9,Front disc brake assembly without logo H3,"100,000",0,1,0,0,1,0,NOT_COVERED,APPLIED,H3A-F0120-001-F-NE,850,REPO_MAINTENANCE,Pondok Indah,Service Advisor PI,B 4714 SVP,"30,871"
"Sep 17, 2025, 09:28",WO-143466509702798045,SPAREPART,87eede8f-1064-4c4e-912d-9319aa96d5b0,Brake Pad H3 FR / RR H3,"26,000",0,2,0,0,2,0,NOT_COVERED,APPLIED,GEN-F0130-001-N-NE,"1,075",REPO_MAINTENANCE,Pondok Indah,Service Advisor PI,B 4714 SVP,"30,871"
"Sep 17, 2025, 09:24",WO-143562411071303733,SPAREPART,1ac25aee-ff64-497d-a915-e4617a1892ae,Bearing Nachi 6201 H3,"13,967","13,967",2,0,0,2,"27,934",NOT_COVERED,APPLIED,GEN-F0060-001-F-NE,"1,735",REGULAR,Bekasi,Faris Abdurrahan,B 5260 BWJ,"297,744"
"Sep 17, 2025, 09:23",WO-143562231336934109,SPAREPART,79e0bbc0-0b87-4142-8e3f-0b3ccdc86641,Brake Pad Kit H5 -2-01 (Canvas Rem) H5,"28,500",0,1,0,0,1,0,NEW_ONBOARDING,APPLIED,GEN-F1140-001-R-NE,"1,759",REGULAR,Pondok Indah,Randy,B 5065 SVL,"17,926"
"Sep 17, 2025, 09:23",WO-143562231336934109,SPAREPART,fa116921-3f09-44e1-b709-86b1780d9253,Brake Pad Kit H5 -1-01 (Canvas Rem) H5,"39,500",0,1,0,0,1,0,NEW_ONBOARDING,APPLIED,GEN-F1130-001-F-NE,"1,758",REGULAR,Pondok Indah,Randy,B 5065 SVL,"17,926"
"Sep 17, 2025, 09:19",WO-143561822509789237,SPAREPART,87eede8f-1064-4c4e-912d-9319aa96d5b0,Brake Pad H3 FR / RR H3,"26,000","26,000",1,0,0,1,"26,000",NOT_COVERED,APPLIED,GEN-F0130-001-N-NE,"1,075",REGULAR,Bekasi,Affani,B 4446 SWE,"45,501"
"Sep 17, 2025, 09:04",WO-143560291353893597,SPAREPART,87eede8f-1064-4c4e-912d-9319aa96d5b0,Brake Pad H3 FR / RR H3,"26,000",0,2,0,0,2,0,NEW_ONBOARDING,APPLIED,GEN-F0130-001-N-NE,"1,075",REGULAR,Pondok Indah,Hilman Zacky,B 3808 PWF,"31,900"
"Sep 17, 2025, 08:31",WO-143553700256815837,SPAREPART,d09f6b27-05e3-429e-8d59-5978689af06f,USB charging port H3,"12,627","12,627",1,0,0,1,"12,627",NOT_COVERED,APPLIED,H3A-E40010-001-N-NE,871,STORING,Pondok Indah,Dani Setiawan,B 4073 SWD,"23,566"
"Sep 17, 2025, 08:25",WO-143553495054686941,SPAREPART,87eede8f-1064-4c4e-912d-9319aa96d5b0,Brake Pad H3 FR / RR H3,"26,000",0,2,0,0,2,0,NOT_COVERED,APPLIED,GEN-F0130-001-N-NE,"1,075",STORING,Pondok Indah,Eka Pitaloka,B 4487 SVR,"415,250"
"Sep 16, 2025, 22:27",WO-143496168733732917,SPAREPART,a1b6134f-48d0-424c-999a-3e6a8db27dea,Tire H1,0,0,1,0,0,1,0,NOT_COVERED,APPLIED,GEN-F0490-001-N-MA,"1,791",STORING,Pondok Indah,Ahmad Agus Sudiro Parhusnan Marzuki,B 4648 SWB,"33,364"
"Sep 16, 2025, 22:27",WO-143494155987906613,SPAREPART,ec86c430-e74c-451d-8d93-6d47384acc17,Tire 90/90-12 H3 (KENDA) H3,"100,000","100,000",1,0,0,1,"100,000",NOT_COVERED,APPLIED,GEN-F0500-001-N-MA,"1,741",STORING,Pondok Indah,M. Risky Julio Hardianto,B 3886 PWF,"388,157"
"Sep 16, 2025, 22:05",WO-143493572006572085,SPAREPART,87eede8f-1064-4c4e-912d-9319aa96d5b0,Brake Pad H3 FR / RR H3,"26,000",0,2,0,0,2,0,NOT_COVERED,APPLIED,GEN-F0130-001-N-NE,"1,075",STORING,Pondok Indah,Eka Pitaloka,B 4766 SVT,"68,090"
"Sep 16, 2025, 21:38",WO-143486759131476021,SPAREPART,1ac25aee-ff64-497d-a915-e4617a1892ae,Bearing Nachi 6201 H3,"13,967","27,000",1,0,0,1,"27,000",NOT_COVERED,APPLIED,GEN-F0060-001-F-NE,"1,735",STORING,Pondok Indah,Eka Pitaloka,B 5261 SVL,"77,625"
"Sep 16, 2025, 21:05",WO-143485615931923165,SPAREPART,1ac25aee-ff64-497d-a915-e4617a1892ae,Bearing Nachi 6201 H3,"13,967","13,500",2,0,0,2,"27,000",NOT_COVERED,APPLIED,GEN-F0060-001-F-NE,"1,735",STORING,Pondok Indah,Eka Pitaloka,B 4902 SVT,0
"Sep 16, 2025, 20:53",WO-143445311220619997,SPAREPART,87eede8f-1064-4c4e-912d-9319aa96d5b0,Brake Pad H3 FR / RR H3,"26,000",0,2,0,0,2,0,NOT_COVERED,APPLIED,GEN-F0130-001-N-NE,"1,075",STORING,Pondok Indah,Service Advisor PI,B 3486 PWE,"372,798"
"Sep 16, 2025, 20:48",WO-143474583855493173,SPAREPART,87eede8f-1064-4c4e-912d-9319aa96d5b0,Brake Pad H3 FR / RR H3,"26,000",0,1,0,0,1,0,NOT_COVERED,APPLIED,GEN-F0130-001-N-NE,"1,075",STORING,Pondok Indah,Naufal Rabbani,B 4795 SVR,"5,862"
"Sep 16, 2025, 20:48",WO-143474583855493173,SPAREPART,ec86c430-e74c-451d-8d93-6d47384acc17,Tire 90/90-12 H3 (KENDA) H3,"100,000",0,1,0,0,1,0,NOT_COVERED,APPLIED,GEN-F0500-001-N-MA,"1,741",STORING,Pondok Indah,Naufal Rabbani,B 4795 SVR,"5,862"
"Sep 16, 2025, 20:26",WO-143451454600911581,SPAREPART,ec86c430-e74c-451d-8d93-6d47384acc17,Tire 90/90-12 H3 (KENDA) H3,"135,796","135,796",1,0,0,1,"135,796",NOT_COVERED,APPLIED,GEN-F0500-001-N-MA,"1,741",STORING,Pondok Indah,Ahmad Agus Sudiro Parhusnan Marzuki,B 4800 SWC,"89,712"
"Sep 16, 2025, 20:26",WO-143451454600911581,SPAREPART,87eede8f-1064-4c4e-912d-9319aa96d5b0,Brake Pad H3 FR / RR H3,"26,000","26,000",1,0,0,1,"26,000",NOT_COVERED,APPLIED,GEN-F0130-001-N-NE,"1,075",STORING,Pondok Indah,Ahmad Agus Sudiro Parhusnan Marzuki,B 4800 SWC,"89,712"
"Sep 16, 2025, 20:26",WO-143451454600911581,SPAREPART,00c93cf0-bacc-4e53-aab2-4aeeebf5bf3b,Air tape PVR 50 (5 mm) H3,"3,500","3,500",1,0,0,1,"3,500",NOT_COVERED,APPLIED,GEN-F0420-002-N-NE,"1,740",STORING,Pondok Indah,Ahmad Agus Sudiro Parhusnan Marzuki,B 4800 SWC,"89,712"
"Sep 16, 2025, 20:17",WO-143473606314171101,SPAREPART,87eede8f-1064-4c4e-912d-9319aa96d5b0,Brake Pad H3 FR / RR H3,"26,000",0,1,0,0,1,0,NOT_COVERED,APPLIED,GEN-F0130-001-N-NE,"1,075",STORING,Pondok Indah,Service Advisor PI,B 4024 SVP,0
"Sep 16, 2025, 19:55",WO-143468870374529757,SPAREPART,87eede8f-1064-4c4e-912d-9319aa96d5b0,Brake Pad H3 FR / RR H3,"26,000",0,2,0,0,2,0,NOT_COVERED,APPLIED,GEN-F0130-001-N-NE,"1,075",STORING,Pondok Indah,Service Advisor PI,B 3935 PWF,0
"Sep 16, 2025, 19:55",WO-143468870374529757,SPAREPART,c52ca52a-85ef-43ad-8637-a9a65142da16,Rear disc brake disc H3,"26,519",0,1,0,0,1,0,NOT_COVERED,APPLIED,GEN-F0190-001-R-NE,854,STORING,Pondok Indah,Service Advisor PI,B 3935 PWF,0
"Sep 16, 2025, 19:50",WO-143469923648204853,SPAREPART,ec86c430-e74c-451d-8d93-6d47384acc17,Tire 90/90-12 H3 (KENDA) H3,"100,000","100,000",1,0,0,1,"100,000",NOT_COVERED,APPLIED,GEN-F0500-001-N-MA,"1,741",STORING,Pondok Indah,Service Advisor PI,B 4072 SVT,0
"Sep 16, 2025, 19:50",WO-143469923648204853,SPAREPART,87eede8f-1064-4c4e-912d-9319aa96d5b0,Brake Pad H3 FR / RR H3,"26,000",0,1,0,0,1,0,NOT_COVERED,APPLIED,GEN-F0130-001-N-NE,"1,075",STORING,Pondok Indah,Service Advisor PI,B 4072 SVT,0
"Sep 16, 2025, 19:30",WO-143459537024719581,SPAREPART,87eede8f-1064-4c4e-912d-9319aa96d5b0,Brake Pad H3 FR / RR H3,"26,000",0,2,0,0,2,0,NOT_COVERED,APPLIED,GEN-F0130-001-N-NE,"1,075",STORING,Pondok Indah,Eka Pitaloka,B 3461 PWE,"510,000"
"Sep 16, 2025, 19:30",WO-143459537024719581,SPAREPART,c52ca52a-85ef-43ad-8637-a9a65142da16,Rear disc brake disc H3,"26,519","80,000",1,0,0,1,"80,000",NOT_COVERED,APPLIED,GEN-F0190-001-R-NE,854,STORING,Pondok Indah,Eka Pitaloka,B 3461 PWE,"510,000"
"Sep 16, 2025, 19:24",WO-143468375765424861,SPAREPART,0d802efa-5edf-45fd-9d17-caf5928a6bce,Flasher H1,"20,608",0,1,0,0,1,0,NOT_COVERED,APPLIED,H1A-E50150-001-N-NE,"1,051",STORING,Pondok Indah,Service Advisor PI,B 4835 SWD,"3,781"
"Sep 16, 2025, 19:18",WO-143475322640199733,SPAREPART,87eede8f-1064-4c4e-912d-9319aa96d5b0,Brake Pad H3 FR / RR H3,"26,000","26,000",2,0,0,2,"52,000",NOT_COVERED,APPLIED,GEN-F0130-001-N-NE,"1,075",STORING,Pondok Indah,Ahmad Agus Sudiro Parhusnan Marzuki,B 4992 SWC,"10,667"
"Sep 16, 2025, 19:05",WO-143466879053262901,SPAREPART,d09f6b27-05e3-429e-8d59-5978689af06f,USB charging port H3,"12,627",0,1,0,0,1,0,NOT_COVERED,APPLIED,H3A-E40010-001-N-NE,871,STORING,Pondok Indah,Service Advisor PI,B 4086 SWB,0
"Sep 16, 2025, 18:48",WO-143468654636363829,SPAREPART,87eede8f-1064-4c4e-912d-9319aa96d5b0,Brake Pad H3 FR / RR H3,"26,000",0,2,0,0,2,0,NOT_COVERED,APPLIED,GEN-F0130-001-N-NE,"1,075",STORING,Pondok Indah,Eka Pitaloka,B 4210 SWA,"14,466"
"Sep 16, 2025, 18:38",WO-143448457200278237,SPAREPART,ec86c430-e74c-451d-8d93-6d47384acc17,Tire 90/90-12 H3 (KENDA) H3,"100,000","100,000",1,0,0,1,"100,000",NOT_COVERED,APPLIED,GEN-F0500-001-N-MA,"1,741",STORING,Pondok Indah,Service Advisor PI,B 4254 SVT,"36,577"
"Sep 16, 2025, 18:38",WO-143448457200278237,SPAREPART,87eede8f-1064-4c4e-912d-9319aa96d5b0,Brake Pad H3 FR / RR H3,"26,000",0,2,0,0,2,0,NOT_COVERED,APPLIED,GEN-F0130-001-N-NE,"1,075",STORING,Pondok Indah,Service Advisor PI,B 4254 SVT,"36,577"
"Sep 16, 2025, 18:29",WO-143466201354345181,SPAREPART,00c93cf0-bacc-4e53-aab2-4aeeebf5bf3b,Air tape PVR 50 (5 mm) H3,"3,500",0,1,0,0,1,0,NOT_COVERED,APPLIED,GEN-F0420-002-N-NE,"1,740",STORING,Pondok Indah,Service Advisor PI,B 3747 PWE,"31,431"
"Sep 16, 2025, 17:37",WO-143466709854984925,SPAREPART,79e0bbc0-0b87-4142-8e3f-0b3ccdc86641,Brake Pad Kit H5 -2-01 (Canvas Rem) H5,"28,500",0,1,0,0,1,0,NOT_COVERED,APPLIED,GEN-F1140-001-R-NE,"1,759",STORING,Pondok Indah,Service Advisor PI,B 4485 SVL,"63,316"
"Sep 16, 2025, 17:37",WO-143466709854984925,SPAREPART,fa116921-3f09-44e1-b709-86b1780d9253,Brake Pad Kit H5 -1-01 (Canvas Rem) H5,"39,500",0,1,0,0,1,0,NOT_COVERED,APPLIED,GEN-F1130-001-F-NE,"1,758",STORING,Pondok Indah,Service Advisor PI,B 4485 SVL,"63,316"
"Sep 16, 2025, 17:09",WO-143455932003654365,SPAREPART,79e0bbc0-0b87-4142-8e3f-0b3ccdc86641,Brake Pad Kit H5 -2-01 (Canvas Rem) H5,"28,500",0,1,0,0,1,0,NOT_COVERED,APPLIED,GEN-F1140-001-R-NE,"1,759",URGENT,Pondok Indah,Eka Pitaloka,B 5338 SVL,"67,488"
"Sep 16, 2025, 17:09",WO-143455932003654365,SPAREPART,fa116921-3f09-44e1-b709-86b1780d9253,Brake Pad Kit H5 -1-01 (Canvas Rem) H5,"39,500",0,1,0,0,1,0,NOT_COVERED,APPLIED,GEN-F1130-001-F-NE,"1,758",URGENT,Pondok Indah,Eka Pitaloka,B 5338 SVL,"67,488"
"Sep 16, 2025, 16:33",WO-143447373039803101,SPAREPART,24f4995a-befd-4ad6-a490-c6318261742f,Cover Plat Nomer H3,"18,500",0,1,0,0,1,0,NOT_COVERED,APPLIED,GEN-A0140-001-N-MA,"1,738",REPO_MAINTENANCE,Pondok Indah,Service Advisor PI,B 4077 SVP,"33,344"
"Sep 16, 2025, 16:33",WO-143447373039803101,SPAREPART,ec86c430-e74c-451d-8d93-6d47384acc17,Tire 90/90-12 H3 (KENDA) H3,"100,000",0,2,0,0,2,0,NOT_COVERED,APPLIED,GEN-F0500-001-N-MA,"1,741",REPO_MAINTENANCE,Pondok Indah,Service Advisor PI,B 4077 SVP,"33,344"
"Sep 16, 2025, 16:33",WO-143447373039803101,SPAREPART,c52ca52a-85ef-43ad-8637-a9a65142da16,Rear disc brake disc H3,"26,519",0,1,0,0,1,0,NOT_COVERED,APPLIED,GEN-F0190-001-R-NE,854,REPO_MAINTENANCE,Pondok Indah,Service Advisor PI,B 4077 SVP,"33,344"
"Sep 16, 2025, 16:33",WO-143447373039803101,SPAREPART,0e63dd11-3dfb-40f2-9820-7fc9cc0b12bc,Front fork bearings H3,"42,021",0,1,0,0,1,0,NOT_COVERED,APPLIED,GEN-F0100-001-F-NE,849,REPO_MAINTENANCE,Pondok Indah,Service Advisor PI,B 4077 SVP,"33,344"
"Sep 16, 2025, 16:33",WO-143430238150335197,SPAREPART,178c02f9-b642-4acf-b907-3b36f0d4f1d4,Flasher H5,"10,097",0,1,0,0,1,0,NOT_COVERED,APPLIED,H5A-E50060-001-N-NE,953,WALK_IN_MAINTENANCE,Pondok Indah,Service Advisor PI,B 5355 SVL,"79,832"
"Sep 16, 2025, 16:33",WO-143430238150335197,SPAREPART,79e0bbc0-0b87-4142-8e3f-0b3ccdc86641,Brake Pad Kit H5 -2-01 (Canvas Rem) H5,"28,500",0,1,0,0,1,0,NOT_COVERED,APPLIED,GEN-F1140-001-R-NE,"1,759",WALK_IN_MAINTENANCE,Pondok Indah,Service Advisor PI,B 5355 SVL,"79,832"
"Sep 16, 2025, 16:33",WO-143430238150335197,SPAREPART,fa116921-3f09-44e1-b709-86b1780d9253,Brake Pad Kit H5 -1-01 (Canvas Rem) H5,"39,500",0,1,0,0,1,0,NOT_COVERED,APPLIED,GEN-F1130-001-F-NE,"1,758",WALK_IN_MAINTENANCE,Pondok Indah,Service Advisor PI,B 5355 SVL,"79,832"
"Sep 16, 2025, 16:29",WO-143456531923398709,SPAREPART,c52ca52a-85ef-43ad-8637-a9a65142da16,Rear disc brake disc H3,"26,519","80,000",1,0,0,1,"80,000",NOT_COVERED,APPLIED,GEN-F0190-001-R-NE,854,STORING,Pondok Indah,Eka Pitaloka,B 4666 SVT,0
"Sep 16, 2025, 16:29",WO-143456531923398709,SPAREPART,87eede8f-1064-4c4e-912d-9319aa96d5b0,Brake Pad H3 FR / RR H3,"26,000",0,1,0,0,1,0,NOT_COVERED,APPLIED,GEN-F0130-001-N-NE,"1,075",STORING,Pondok Indah,Eka Pitaloka,B 4666 SVT,0
"Sep 16, 2025, 16:27",WO-143459678658031669,SPAREPART,c52ca52a-85ef-43ad-8637-a9a65142da16,Rear disc brake disc H3,"26,519",0,1,0,0,1,0,NOT_COVERED,APPLIED,GEN-F0190-001-R-NE,854,STORING,Pondok Indah,Service Advisor PI,B 3602 PWE,"360,162"
"Sep 16, 2025, 16:27",WO-143459678658031669,SPAREPART,87eede8f-1064-4c4e-912d-9319aa96d5b0,Brake Pad H3 FR / RR H3,"26,000",0,2,0,0,2,0,NOT_COVERED,APPLIED,GEN-F0130-001-N-NE,"1,075",STORING,Pondok Indah,Service Advisor PI,B 3602 PWE,"360,162"
"Sep 16, 2025, 15:53",WO-143456500331900981,SPAREPART,c52ca52a-85ef-43ad-8637-a9a65142da16,Rear disc brake disc H3,"26,519","26,519",1,0,0,1,"26,519",NOT_COVERED,APPLIED,GEN-F0190-001-R-NE,854,WALK_IN_MAINTENANCE,Grab - Cakung,Fakhriy Aji Ramadhani,B 4940 SWB,"13,718"
"Sep 16, 2025, 15:53",WO-143456500331900981,SPAREPART,d09f6b27-05e3-429e-8d59-5978689af06f,USB charging port H3,"12,627","12,627",1,0,0,1,"12,627",NOT_COVERED,APPLIED,H3A-E40010-001-N-NE,871,WALK_IN_MAINTENANCE,Grab - Cakung,Fakhriy Aji Ramadhani,B 4940 SWB,"13,718"
"Sep 16, 2025, 15:53",WO-143456500331900981,SPAREPART,87eede8f-1064-4c4e-912d-9319aa96d5b0,Brake Pad H3 FR / RR H3,"26,000","26,000",1,0,0,1,"26,000",NOT_COVERED,APPLIED,GEN-F0130-001-N-NE,"1,075",WALK_IN_MAINTENANCE,Grab - Cakung,Fakhriy Aji Ramadhani,B 4940 SWB,"13,718"
"Sep 16, 2025, 15:51",WO-143456189198430261,SPAREPART,37dc324d-ba63-404f-b663-747c4a4566a1,disc Brake H5,"70,000",0,1,0,0,1,0,NOT_COVERED,APPLIED,GEN-F1120-001-R-NE,"1,761",REGULAR,Pondok Indah,Service Advisor PI,B 5128 SVL,"82,011"
"Sep 16, 2025, 15:51",WO-143456189198430261,SPAREPART,fa116921-3f09-44e1-b709-86b1780d9253,Brake Pad Kit H5 -1-01 (Canvas Rem) H5,"39,500",0,1,0,0,1,0,NEW_ONBOARDING,APPLIED,GEN-F1130-001-F-NE,"1,758",REGULAR,Pondok Indah,Service Advisor PI,B 5128 SVL,"82,011"
"Sep 16, 2025, 15:51",WO-143456189198430261,SPAREPART,79e0bbc0-0b87-4142-8e3f-0b3ccdc86641,Brake Pad Kit H5 -2-01 (Canvas Rem) H5,"28,500",0,1,0,0,1,0,NEW_ONBOARDING,APPLIED,GEN-F1140-001-R-NE,"1,759",REGULAR,Pondok Indah,Service Advisor PI,B 5128 SVL,"82,011"
"Sep 16, 2025, 15:49",WO-143456186212031197,SPAREPART,87eede8f-1064-4c4e-912d-9319aa96d5b0,Brake Pad H3 FR / RR H3,"26,000","26,000",1,0,0,1,"26,000",NOT_COVERED,APPLIED,GEN-F0130-001-N-NE,"1,075",WALK_IN_MAINTENANCE,Grab - Cakung,Fakhriy Aji Ramadhani,B 4475 SWE,"3,836"
"Sep 16, 2025, 15:49",WO-143421276818567221,SPAREPART,ec86c430-e74c-451d-8d93-6d47384acc17,Tire 90/90-12 H3 (KENDA) H3,"100,000","100,000",1,0,0,1,"100,000",NOT_COVERED,APPLIED,GEN-F0500-001-N-MA,"1,741",STORING,Pondok Indah,Eka Pitaloka,B 4402 SVR,"727,516"
"Sep 16, 2025, 15:49",WO-143421276818567221,SPAREPART,87eede8f-1064-4c4e-912d-9319aa96d5b0,Brake Pad H3 FR / RR H3,"26,000",0,2,0,0,2,0,NOT_COVERED,APPLIED,GEN-F0130-001-N-NE,"1,075",STORING,Pondok Indah,Eka Pitaloka,B 4402 SVR,"727,516"
"Sep 16, 2025, 15:48",WO-143451265286806237,SPAREPART,87eede8f-1064-4c4e-912d-9319aa96d5b0,Brake Pad H3 FR / RR H3,"26,000","26,000",2,0,0,2,"52,000",NOT_COVERED,APPLIED,GEN-F0130-001-N-NE,"1,075",STORING,Pondok Indah,Ahmad Agus Sudiro Parhusnan Marzuki,B 3463 PWG,"34,456"
"Sep 16, 2025, 15:47",WO-143455892963072733,SPAREPART,b9d1544b-4822-4e87-8c8a-ad3eccb9bf75,Rear mirror H3,"26,000","26,000",1,0,0,1,"26,000",NOT_COVERED,APPLIED,GEN-A0050-001-R-NE,859,WALK_IN_MAINTENANCE,Grab - Cakung,Fakhriy Aji Ramadhani,B 4344 SWE,"5,219"
"Sep 16, 2025, 15:45",WO-143455652377795293,SPAREPART,87eede8f-1064-4c4e-912d-9319aa96d5b0,Brake Pad H3 FR / RR H3,"26,000","26,000",2,0,0,2,"52,000",NOT_COVERED,APPLIED,GEN-F0130-001-N-NE,"1,075",WALK_IN_MAINTENANCE,Grab - Cakung,Akmal Nur Hidayat,B 4301 SVV,"23,971"
"Sep 16, 2025, 15:45",WO-143455652377795293,SPAREPART,1ac25aee-ff64-497d-a915-e4617a1892ae,Bearing Nachi 6201 H3,"13,967","13,967",2,0,0,2,"27,934",NOT_COVERED,APPLIED,GEN-F0060-001-F-NE,"1,735",WALK_IN_MAINTENANCE,Grab - Cakung,Akmal Nur Hidayat,B 4301 SVV,"23,971"
"Sep 16, 2025, 15:45",WO-143455652377795293,SPAREPART,d09f6b27-05e3-429e-8d59-5978689af06f,USB charging port H3,"12,627","12,627",1,0,0,1,"12,627",NOT_COVERED,APPLIED,H3A-E40010-001-N-NE,871,WALK_IN_MAINTENANCE,Grab - Cakung,Akmal Nur Hidayat,B 4301 SVV,"23,971"
"Sep 16, 2025, 15:41",WO-143455165133942837,SPAREPART,1ac25aee-ff64-497d-a915-e4617a1892ae,Bearing Nachi 6201 H3,"13,967","13,967",2,0,0,2,"27,934",NOT_COVERED,APPLIED,GEN-F0060-001-F-NE,"1,735",REPO_MAINTENANCE,Grab - Cakung,Yozi Hf Sisvani,B 4245 SWB,"14,634"
"Sep 16, 2025, 15:41",WO-143455165133942837,SPAREPART,fcf7a30b-2cc8-469a-95a2-d1be5deb8fd7,Front left turn signal light H3,"71,829","71,829",1,0,0,1,"71,829",NOT_COVERED,APPLIED,H3A-E60010-001-L-NE,822,REPO_MAINTENANCE,Grab - Cakung,Yozi Hf Sisvani,B 4245 SWB,"14,634"
"Sep 16, 2025, 15:41",WO-143455165133942837,SPAREPART,24f4995a-befd-4ad6-a490-c6318261742f,Cover Plat Nomer H3,"18,500","18,500",1,0,0,1,"18,500",NOT_COVERED,APPLIED,GEN-A0140-001-N-MA,"1,738",REPO_MAINTENANCE,Grab - Cakung,Yozi Hf Sisvani,B 4245 SWB,"14,634"
"Sep 16, 2025, 15:40",WO-143455220481923805,SPAREPART,d09f6b27-05e3-429e-8d59-5978689af06f,USB charging port H3,"12,627","38,000",1,0,0,1,"38,000",NOT_COVERED,APPLIED,H3A-E40010-001-N-NE,871,REGULAR,Pondok Indah,Eka Pitaloka,B 3608 PWE,"33,902"
"Sep 16, 2025, 15:40",WO-143455220481923805,SPAREPART,87eede8f-1064-4c4e-912d-9319aa96d5b0,Brake Pad H3 FR / RR H3,"26,000",0,2,0,0,2,0,NEW_ONBOARDING,APPLIED,GEN-F0130-001-N-NE,"1,075",REGULAR,Pondok Indah,Eka Pitaloka,B 3608 PWE,"33,902"
"Sep 16, 2025, 15:36",WO-143454703307518005,SPAREPART,e52a6762-bb04-453f-90f6-dfeed6ec8877,Single stand power off switch H3,"20,838","20,838",1,0,0,1,"20,838",NOT_COVERED,APPLIED,H3A-E70070-001-N-BL,873,WALK_IN_MAINTENANCE,Grab - Cakung,Akmal Nur Hidayat,B 4507 SVV,"32,842"
"Sep 16, 2025, 15:36",WO-143454703307518005,SPAREPART,ec86c430-e74c-451d-8d93-6d47384acc17,Tire 90/90-12 H3 (KENDA) H3,"135,796","135,796",1,0,0,1,"135,796",NOT_COVERED,APPLIED,GEN-F0500-001-N-MA,"1,741",WALK_IN_MAINTENANCE,Grab - Cakung,Akmal Nur Hidayat,B 4507 SVV,"32,842"
"Sep 16, 2025, 15:36",WO-143454703307518005,SPAREPART,87eede8f-1064-4c4e-912d-9319aa96d5b0,Brake Pad H3 FR / RR H3,"26,000","26,000",1,0,0,1,"26,000",NOT_COVERED,APPLIED,GEN-F0130-001-N-NE,"1,075",WALK_IN_MAINTENANCE,Grab - Cakung,Akmal Nur Hidayat,B 4507 SVV,"32,842"
"Sep 16, 2025, 15:31",WO-143454257083904053,SPAREPART,24f4995a-befd-4ad6-a490-c6318261742f,Cover Plat Nomer H3,"18,500","18,500",1,0,0,1,"18,500",NOT_COVERED,APPLIED,GEN-A0140-001-N-MA,"1,738",REPO_MAINTENANCE,Grab - Cakung,Fakhriy Aji Ramadhani,B 4078 SWD,"6,146"
"Sep 16, 2025, 15:27",WO-143453918687402717,SPAREPART,87eede8f-1064-4c4e-912d-9319aa96d5b0,Brake Pad H3 FR / RR H3,"26,000","26,000",1,0,0,1,"26,000",NOT_COVERED,APPLIED,GEN-F0130-001-N-NE,"1,075",WALK_IN_MAINTENANCE,Grab - Cakung,Fakhriy Aji Ramadhani,B 4269 SWB,"20,906"
"Sep 16, 2025, 15:27",WO-143453918687402717,SPAREPART,ec86c430-e74c-451d-8d93-6d47384acc17,Tire 90/90-12 H3 (KENDA) H3,"135,796","135,796",1,0,0,1,"135,796",NOT_COVERED,APPLIED,GEN-F0500-001-N-MA,"1,741",WALK_IN_MAINTENANCE,Grab - Cakung,Fakhriy Aji Ramadhani,B 4269 SWB,"20,906"
"Sep 16, 2025, 15:23",WO-143453586448194269,SPAREPART,ec86c430-e74c-451d-8d93-6d47384acc17,Tire 90/90-12 H3 (KENDA) H3,"135,796","135,796",1,0,0,1,"135,796",NOT_COVERED,APPLIED,GEN-F0500-001-N-MA,"1,741",WALK_IN_MAINTENANCE,Grab - Cakung,Akmal Nur Hidayat,B 4482 SVV,"25,092"
"Sep 16, 2025, 15:20",WO-143453196176595677,SPAREPART,87eede8f-1064-4c4e-912d-9319aa96d5b0,Brake Pad H3 FR / RR H3,"26,000","26,000",1,0,0,1,"26,000",NOT_COVERED,APPLIED,GEN-F0130-001-N-NE,"1,075",WALK_IN_MAINTENANCE,Grab - Cakung,Fakhriy Aji Ramadhani,B 3747 PWG,"20,342"
"Sep 16, 2025, 15:20",WO-143453196176595677,SPAREPART,ec86c430-e74c-451d-8d93-6d47384acc17,Tire 90/90-12 H3 (KENDA) H3,"135,796","135,796",1,0,0,1,"135,796",NOT_COVERED,APPLIED,GEN-F0500-001-N-MA,"1,741",WALK_IN_MAINTENANCE,Grab - Cakung,Fakhriy Aji Ramadhani,B 3747 PWG,"20,342"
"Sep 16, 2025, 15:17",WO-143452898699778781,SPAREPART,87eede8f-1064-4c4e-912d-9319aa96d5b0,Brake Pad H3 FR / RR H3,"26,000","26,000",1,0,0,1,"26,000",NOT_COVERED,APPLIED,GEN-F0130-001-N-NE,"1,075",WALK_IN_MAINTENANCE,Grab - Cakung,Fakhriy Aji Ramadhani,B 4727 SWC,"9,154"
"Sep 16, 2025, 15:11",WO-143341890421398237,SPAREPART,87eede8f-1064-4c4e-912d-9319aa96d5b0,Brake Pad H3 FR / RR H3,"26,000",0,2,0,0,2,0,NOT_COVERED,APPLIED,GEN-F0130-001-N-NE,"1,075",REPO_MAINTENANCE,Pondok Indah,Eka Pitaloka,B 4899 SVT,"48,530"
"Sep 16, 2025, 15:07",WO-143341890421398237,SPAREPART,849a10fd-aa14-4894-927f-c8045f2bc1f9,Front disc brake assembly without logo H3,"100,000",0,1,0,0,1,0,NOT_COVERED,APPLIED,H3A-F0120-001-F-NE,850,REPO_MAINTENANCE,Pondok Indah,Eka Pitaloka,B 4899 SVT,"48,530"
"Sep 16, 2025, 15:07",WO-143341890421398237,SPAREPART,6f887a0a-e2ae-4556-afe9-b554bb26559f,Headlight H3,"100,000",0,1,0,0,1,0,NOT_COVERED,APPLIED,H3A-E60030-001-N-NE,821,REPO_MAINTENANCE,Pondok Indah,Eka Pitaloka,B 4899 SVT,"48,530"
"Sep 16, 2025, 15:07",WO-143341890421398237,SPAREPART,ec86c430-e74c-451d-8d93-6d47384acc17,Tire 90/90-12 H3 (KENDA) H3,"100,000",0,1,0,0,1,0,NOT_COVERED,APPLIED,GEN-F0500-001-N-MA,"1,741",REPO_MAINTENANCE,Pondok Indah,Eka Pitaloka,B 4899 SVT,"48,530"
"Sep 16, 2025, 15:06",WO-143451800563937333,SPAREPART,87eede8f-1064-4c4e-912d-9319aa96d5b0,Brake Pad H3 FR / RR H3,"26,000","26,000",1,0,0,1,"26,000",NOT_COVERED,APPLIED,GEN-F0130-001-N-NE,"1,075",WALK_IN_MAINTENANCE,Grab - Cakung,Fakhriy Aji Ramadhani,B 4344 SWE,"5,219"
"Sep 16, 2025, 15:01",WO-143352078738190389,SPAREPART,0e63dd11-3dfb-40f2-9820-7fc9cc0b12bc,Front fork bearings H3,"42,021",0,1,0,0,1,0,NOT_COVERED,APPLIED,GEN-F0100-001-F-NE,849,REPO_MAINTENANCE,Pondok Indah,Eka Pitaloka,B 4734 SVT,"43,287"
"Sep 16, 2025, 15:01",WO-143352078738190389,SPAREPART,87eede8f-1064-4c4e-912d-9319aa96d5b0,Brake Pad H3 FR / RR H3,"26,000",0,2,0,0,2,0,NOT_COVERED,APPLIED,GEN-F0130-001-N-NE,"1,075",REPO_MAINTENANCE,Pondok Indah,Eka Pitaloka,B 4734 SVT,"43,287"
"Sep 16, 2025, 15:01",WO-143451170831080157,SPAREPART,87eede8f-1064-4c4e-912d-9319aa96d5b0,Brake Pad H3 FR / RR H3,"26,000","26,000",1,0,0,1,"26,000",NOT_COVERED,APPLIED,GEN-F0130-001-N-NE,"1,075",WALK_IN_MAINTENANCE,Grab - Cakung,Fakhriy Aji Ramadhani,B 4322 SVV,"23,218"
"Sep 16, 2025, 14:47",WO-143335102477299765,SPAREPART,d625acb9-40c7-43a1-9f20-99489c41ef5f,Front disc brake disc H3,"56,580",0,1,0,0,1,0,NOT_COVERED,APPLIED,GEN-F0140-001-F-NE,853,REPO_MAINTENANCE,Pondok Indah,Eka Pitaloka,B 4587 SVP,"46,363"
"Sep 16, 2025, 14:47",WO-143335102477299765,SPAREPART,87eede8f-1064-4c4e-912d-9319aa96d5b0,Brake Pad H3 FR / RR H3,"26,000",0,2,0,0,2,0,NOT_COVERED,APPLIED,GEN-F0130-001-N-NE,"1,075",REPO_MAINTENANCE,Pondok Indah,Eka Pitaloka,B 4587 SVP,"46,363"
"Sep 16, 2025, 14:40",WO-143449167245668405,SPAREPART,87eede8f-1064-4c4e-912d-9319aa96d5b0,Brake Pad H3 FR / RR H3,"26,000",0,2,0,0,2,0,NEW_ONBOARDING,APPLIED,GEN-F0130-001-N-NE,"1,075",REGULAR,Pondok Indah,Hilman Zacky,B 4698 SVO,"43,782"
"Sep 16, 2025, 14:35",WO-143448660473081909,SPAREPART,ec86c430-e74c-451d-8d93-6d47384acc17,Tire 90/90-12 H3 (KENDA) H3,"100,000",0,1,0,0,1,0,NEW_ONBOARDING,APPLIED,GEN-F0500-001-N-MA,"1,741",REGULAR,Bekasi,Faris Abdurrahan,B 3607 PWE,"280,000"
"Sep 16, 2025, 14:30",WO-143411595324693213,SPAREPART,87eede8f-1064-4c4e-912d-9319aa96d5b0,Brake Pad H3 FR / RR H3,"26,000",0,2,0,0,2,0,NOT_COVERED,APPLIED,GEN-F0130-001-N-NE,"1,075",STORING,Pondok Indah,Eka Pitaloka,B 4474 SVR,"267,425"
"Sep 16, 2025, 14:23",WO-143447502895454941,SPAREPART,ec86c430-e74c-451d-8d93-6d47384acc17,Tire 90/90-12 H3 (KENDA) H3,"100,000",0,1,0,0,1,0,NOT_COVERED,APPLIED,GEN-F0500-001-N-MA,"1,741",STORING,Pondok Indah,Service Advisor PI,B 4490 SVT,"45,678"
"Sep 16, 2025, 14:16",WO-143422362270887989,SPAREPART,ec86c430-e74c-451d-8d93-6d47384acc17,Tire 90/90-12 H3 (KENDA) H3,"135,796","135,796",1,0,0,1,"135,796",NOT_COVERED,APPLIED,GEN-F0500-001-N-MA,"1,741",REGULAR,Pondok Indah,Muhammad Riduwan,B 4692 SWC,"13,180"
"Sep 16, 2025, 14:11",WO-143424141242931933,SPAREPART,1ac25aee-ff64-497d-a915-e4617a1892ae,Bearing Nachi 6201 H3,"13,967",0,2,0,0,2,0,NOT_COVERED,APPLIED,GEN-F0060-001-F-NE,"1,735",REGULAR,Pondok Indah,Service Advisor PI,B 4504 SVV,"17,910"
"Sep 16, 2025, 14:11",WO-143446149896870621,SPAREPART,c52ca52a-85ef-43ad-8637-a9a65142da16,Rear disc brake disc H3,"26,519","80,000",1,0,0,1,"80,000",NOT_COVERED,APPLIED,GEN-F0190-001-R-NE,854,REGULAR,Pondok Indah,Eka Pitaloka,B 4738 SVP,"65,824"
"Sep 16, 2025, 14:11",WO-143446149896870621,SPAREPART,87eede8f-1064-4c4e-912d-9319aa96d5b0,Brake Pad H3 FR / RR H3,"26,000",0,2,0,0,2,0,NEW_ONBOARDING,APPLIED,GEN-F0130-001-N-NE,"1,075",REGULAR,Pondok Indah,Eka Pitaloka,B 4738 SVP,"65,824"
"Sep 16, 2025, 14:06",WO-143445733587032797,SPAREPART,c52ca52a-85ef-43ad-8637-a9a65142da16,Rear disc brake disc H3,"26,519","80,000",1,0,0,1,"80,000",NOT_COVERED,APPLIED,GEN-F0190-001-R-NE,854,REGULAR,Pondok Indah,Eka Pitaloka,B 4064 SWB,"17,844"
"Sep 16, 2025, 14:06",WO-143445733587032797,SPAREPART,87eede8f-1064-4c4e-912d-9319aa96d5b0,Brake Pad H3 FR / RR H3,"26,000",0,2,0,0,2,0,NEW_ONBOARDING,APPLIED,GEN-F0130-001-N-NE,"1,075",REGULAR,Pondok Indah,Eka Pitaloka,B 4064 SWB,"17,844"
"Sep 16, 2025, 14:01",WO-143445237904186077,SPAREPART,87eede8f-1064-4c4e-912d-9319aa96d5b0,Brake Pad H3 FR / RR H3,"26,000",0,2,0,0,2,0,NEW_ONBOARDING,APPLIED,GEN-F0130-001-N-NE,"1,075",REGULAR,Pondok Indah,Hilman Zacky,B 4391 SWA,"16,231"
"Sep 16, 2025, 13:53",WO-143444503632605237,SPAREPART,87eede8f-1064-4c4e-912d-9319aa96d5b0,Brake Pad H3 FR / RR H3,"26,000","26,000",1,0,0,1,"26,000",NOT_COVERED,APPLIED,GEN-F0130-001-N-NE,"1,075",REGULAR,Bekasi,Faris Abdurrahan,B 4271 SWA,"139,665"
"Sep 16, 2025, 13:49",WO-143428253372127965,SPAREPART,9ae448db-156e-4e8b-8980-6f520521c921,Speed control handle cable H3,"16,169","49,000",1,0,0,1,"49,000",NOT_COVERED,APPLIED,H3A-E70090-001-N-BL,857,STORING,Pondok Indah,Service Advisor PI,B 4249 SVP,"42,959"
"Sep 16, 2025, 13:49",WO-143441441421586485,SPAREPART,87eede8f-1064-4c4e-912d-9319aa96d5b0,Brake Pad H3 FR / RR H3,"26,000","26,000",1,0,0,1,"26,000",NOT_COVERED,APPLIED,GEN-F0130-001-N-NE,"1,075",STORING,Pondok Indah,Dani Setiawan,B 4042 SWD,"64,763"
"Sep 16, 2025, 13:40",WO-143345568893115101,SPAREPART,3cb2a551-8898-476b-a8a5-0a016d76e96b,The rear disc brake assembly has no logo H3,"100,000",0,1,0,0,1,0,NOT_COVERED,APPLIED,H3A-F0220-001-R-NE,851,REPO_MAINTENANCE,Pondok Indah,Eka Pitaloka,B 4025 SWB,"2,245"
"Sep 16, 2025, 13:40",WO-143345568893115101,SPAREPART,c52ca52a-85ef-43ad-8637-a9a65142da16,Rear disc brake disc H3,"26,519",0,1,0,0,1,0,NOT_COVERED,APPLIED,GEN-F0190-001-R-NE,854,REPO_MAINTENANCE,Pondok Indah,Eka Pitaloka,B 4025 SWB,"2,245"
"Sep 16, 2025, 13:40",WO-143345568893115101,SPAREPART,87eede8f-1064-4c4e-912d-9319aa96d5b0,Brake Pad H3 FR / RR H3,"26,000",0,2,0,0,2,0,NOT_COVERED,APPLIED,GEN-F0130-001-N-NE,"1,075",REPO_MAINTENANCE,Pondok Indah,Eka Pitaloka,B 4025 SWB,"2,245"
"Sep 16, 2025, 13:38",WO-143441577300258869,SPAREPART,5075f880-8de8-488e-9bca-4db3d05c3583,Brake pad Front H1 - Fr H1,"26,000",0,1,0,0,1,0,NOT_COVERED,APPLIED,GEN-F1280-001-N-NE,"1,789",REGULAR,Kembangan,Irawan,B 4861 SWD,"1,564"
"Sep 16, 2025, 13:32",WO-143411304609148981,SPAREPART,ec86c430-e74c-451d-8d93-6d47384acc17,Tire 90/90-12 H3 (KENDA) H3,"100,000",0,1,0,0,1,0,NOT_COVERED,APPLIED,GEN-F0500-001-N-MA,"1,741",STORING,Pondok Indah,Eka Pitaloka,B 4885 SVT,"29,537"
"Sep 16, 2025, 13:32",WO-143441729586993885,SPAREPART,1ac25aee-ff64-497d-a915-e4617a1892ae,Bearing Nachi 6201 H3,"13,967","13,500",2,0,0,2,"27,000",NOT_COVERED,APPLIED,GEN-F0060-001-F-NE,"1,735",REGULAR,Kembangan,Irawan,B 4679 SVO,"32,333"
"Sep 16, 2025, 13:32",WO-143441729586993885,SPAREPART,87eede8f-1064-4c4e-912d-9319aa96d5b0,Brake Pad H3 FR / RR H3,"26,000",0,1,0,0,1,0,NOT_COVERED,APPLIED,GEN-F0130-001-N-NE,"1,075",REGULAR,Kembangan,Irawan,B 4679 SVO,"32,333"
"Sep 16, 2025, 13:20",WO-143441037409393373,SPAREPART,1ac25aee-ff64-497d-a915-e4617a1892ae,Bearing Nachi 6201 H3,"13,967","13,967",2,0,0,2,"27,934",NOT_COVERED,APPLIED,GEN-F0060-001-F-NE,"1,735",REGULAR,Bekasi,Faris Abdurrahan,B 4050 SVP,"532,588"
"Sep 16, 2025, 13:20",WO-143441037409393373,SPAREPART,87eede8f-1064-4c4e-912d-9319aa96d5b0,Brake Pad H3 FR / RR H3,"26,000","26,000",2,0,0,2,"52,000",NOT_COVERED,APPLIED,GEN-F0130-001-N-NE,"1,075",REGULAR,Bekasi,Faris Abdurrahan,B 4050 SVP,"532,588"
"Sep 16, 2025, 13:16",WO-143432735875199029,SPAREPART,87eede8f-1064-4c4e-912d-9319aa96d5b0,Brake Pad H3 FR / RR H3,"26,000",0,1,0,0,1,0,NOT_COVERED,APPLIED,GEN-F0130-001-N-NE,"1,075",REGULAR,Kembangan,Irawan,B 4757 SVP,"27,063"
"Sep 16, 2025, 13:16",WO-143432735875199029,SPAREPART,1ac25aee-ff64-497d-a915-e4617a1892ae,Bearing Nachi 6201 H3,"13,967",0,1,0,0,1,0,NOT_COVERED,APPLIED,GEN-F0060-001-F-NE,"1,735",REGULAR,Kembangan,Irawan,B 4757 SVP,"27,063"
"Sep 16, 2025, 13:14",WO-143440453646217269,SPAREPART,79e0bbc0-0b87-4142-8e3f-0b3ccdc86641,Brake Pad Kit H5 -2-01 (Canvas Rem) H5,"28,500",0,1,0,0,1,0,NEW_ONBOARDING,APPLIED,GEN-F1140-001-R-NE,"1,759",REGULAR,Pondok Indah,Muhammad Riduwan,B 4083 SVO,"40,394"
"Sep 16, 2025, 13:14",WO-143440453646217269,SPAREPART,fa116921-3f09-44e1-b709-86b1780d9253,Brake Pad Kit H5 -1-01 (Canvas Rem) H5,"39,500",0,1,0,0,1,0,NEW_ONBOARDING,APPLIED,GEN-F1130-001-F-NE,"1,758",REGULAR,Pondok Indah,Muhammad Riduwan,B 4083 SVO,"40,394"
"Sep 16, 2025, 13:07",WO-143439866124835549,SPAREPART,87eede8f-1064-4c4e-912d-9319aa96d5b0,Brake Pad H3 FR / RR H3,"26,000",0,2,0,0,2,0,NEW_ONBOARDING,APPLIED,GEN-F0130-001-N-NE,"1,075",REGULAR,Pondok Indah,Hilman Zacky,B 3477 PWG,"3,047"
"Sep 16, 2025, 13:02",WO-143439253706174517,SPAREPART,79e0bbc0-0b87-4142-8e3f-0b3ccdc86641,Brake Pad Kit H5 -2-01 (Canvas Rem) H5,"28,500",0,1,0,0,1,0,NEW_ONBOARDING,APPLIED,GEN-F1140-001-R-NE,"1,759",REGULAR,Pondok Indah,Muhammad Riduwan,B 4570 SVL,"195,556"
"Sep 16, 2025, 13:02",WO-143439253706174517,SPAREPART,fa116921-3f09-44e1-b709-86b1780d9253,Brake Pad Kit H5 -1-01 (Canvas Rem) H5,"39,500",0,1,0,0,1,0,NEW_ONBOARDING,APPLIED,GEN-F1130-001-F-NE,"1,758",REGULAR,Pondok Indah,Muhammad Riduwan,B 4570 SVL,"195,556"
"Sep 16, 2025, 12:11",WO-143417632253603893,SPAREPART,3cb2a551-8898-476b-a8a5-0a016d76e96b,The rear disc brake assembly has no logo H3,"100,000",0,1,0,0,1,0,NOT_COVERED,APPLIED,H3A-F0220-001-R-NE,851,REGULAR,Pondok Indah,Service Advisor PI,B 4641 SVP,"28,344"
"Sep 16, 2025, 11:35",WO-143206942414740189,SPAREPART,0440f7a8-ae77-4ac4-b52c-cbea8ea96a92,Dashboard H3,"100,000",0,1,0,0,1,0,NOT_COVERED,APPLIED,H3A-E70030-001-N-NE,861,REPO_MAINTENANCE,Pondok Indah,Service Advisor PI,B 4559 SWA,"11,099"
"Sep 16, 2025, 11:32",WO-143430188758211293,SPAREPART,87eede8f-1064-4c4e-912d-9319aa96d5b0,Brake Pad H3 FR / RR H3,"26,000",0,2,0,0,2,0,NEW_ONBOARDING,APPLIED,GEN-F0130-001-N-NE,"1,075",REGULAR,Pondok Indah,Eka Pitaloka,B 4843 SVO,"42,617"
"Sep 16, 2025, 11:32",WO-143430188758211293,SPAREPART,1ac25aee-ff64-497d-a915-e4617a1892ae,Bearing Nachi 6201 H3,"13,967","13,500",2,0,0,2,"27,000",NOT_COVERED,APPLIED,GEN-F0060-001-F-NE,"1,735",REGULAR,Pondok Indah,Eka Pitaloka,B 4843 SVO,"42,617"
"Sep 16, 2025, 11:30",WO-143429856267399221,SPAREPART,87eede8f-1064-4c4e-912d-9319aa96d5b0,Brake Pad H3 FR / RR H3,"26,000",0,2,0,0,2,0,NOT_COVERED,APPLIED,GEN-F0130-001-N-NE,"1,075",REGULAR,Kembangan,Irawan,B 4837 SVP,"25,290"
"Sep 16, 2025, 11:29",WO-143427807014296285,SPAREPART,00c93cf0-bacc-4e53-aab2-4aeeebf5bf3b,Air tape PVR 50 (5 mm) H3,"3,500","3,500",1,0,0,1,"3,500",NOT_COVERED,APPLIED,GEN-F0420-002-N-NE,"1,740",REGULAR,Bekasi,Faris Abdurrahan,B 3676 PWE,"417,631"
"Sep 16, 2025, 11:09",WO-143427914203929309,SPAREPART,87eede8f-1064-4c4e-912d-9319aa96d5b0,Brake Pad H3 FR / RR H3,"26,000","26,000",1,0,0,1,"26,000",NOT_COVERED,APPLIED,GEN-F0130-001-N-NE,"1,075",WALK_IN_MAINTENANCE,Grab - Cakung,Fakhriy Aji Ramadhani,B 4549 SVV,"28,901"
"Sep 16, 2025, 11:09",WO-143427914203929309,SPAREPART,c52ca52a-85ef-43ad-8637-a9a65142da16,Rear disc brake disc H3,"26,519","26,519",1,0,0,1,"26,519",NOT_COVERED,APPLIED,GEN-F0190-001-R-NE,854,WALK_IN_MAINTENANCE,Grab - Cakung,Fakhriy Aji Ramadhani,B 4549 SVV,"28,901"
"Sep 16, 2025, 11:08",WO-143427807014296285,SPAREPART,ec86c430-e74c-451d-8d93-6d47384acc17,Tire 90/90-12 H3 (KENDA) H3,"100,000","100,000",1,0,0,1,"100,000",NOT_COVERED,APPLIED,GEN-F0500-001-N-MA,"1,741",REGULAR,Bekasi,Faris Abdurrahan,B 3676 PWE,"417,631"
"Sep 16, 2025, 11:08",WO-143427807014296285,SPAREPART,87eede8f-1064-4c4e-912d-9319aa96d5b0,Brake Pad H3 FR / RR H3,"26,000","26,000",1,0,0,1,"26,000",NOT_COVERED,APPLIED,GEN-F0130-001-N-NE,"1,075",REGULAR,Bekasi,Faris Abdurrahan,B 3676 PWE,"417,631"
"Sep 16, 2025, 11:07",WO-143427702861393973,SPAREPART,87eede8f-1064-4c4e-912d-9319aa96d5b0,Brake Pad H3 FR / RR H3,"26,000",0,2,0,0,2,0,NEW_ONBOARDING,APPLIED,GEN-F0130-001-N-NE,"1,075",REGULAR,Pondok Indah,Muhammad Riduwan,B 4862 SVO,"49,479"
"Sep 16, 2025, 11:05",WO-143427179277982429,SPAREPART,d09f6b27-05e3-429e-8d59-5978689af06f,USB charging port H3,"12,627","12,627",1,0,0,1,"12,627",NOT_COVERED,APPLIED,H3A-E40010-001-N-NE,871,WALK_IN_MAINTENANCE,Grab - Cakung,Akmal Nur Hidayat,B 4337 SVV,"28,043"
"Sep 16, 2025, 11:05",WO-143427179277982429,SPAREPART,1ac25aee-ff64-497d-a915-e4617a1892ae,Bearing Nachi 6201 H3,"13,967","13,967",1,0,0,1,"13,967",NOT_COVERED,APPLIED,GEN-F0060-001-F-NE,"1,735",WALK_IN_MAINTENANCE,Grab - Cakung,Akmal Nur Hidayat,B 4337 SVV,"28,043"
"Sep 16, 2025, 11:03",WO-143427308882030645,SPAREPART,87eede8f-1064-4c4e-912d-9319aa96d5b0,Brake Pad H3 FR / RR H3,"26,000",0,2,0,0,2,0,NEW_ONBOARDING,APPLIED,GEN-F0130-001-N-NE,"1,075",REGULAR,Pondok Indah,Randy,B 4106 SVP,"41,000"
"Sep 16, 2025, 11:01",WO-143424856841525981,SPAREPART,ec86c430-e74c-451d-8d93-6d47384acc17,Tire 90/90-12 H3 (KENDA) H3,"100,000","100,000",1,0,0,1,"100,000",NOT_COVERED,APPLIED,GEN-F0500-001-N-MA,"1,741",REGULAR,Kembangan,Intan melina,B 4371 SVT,"27,513"
"Sep 16, 2025, 10:59",WO-143426771423916085,SPAREPART,fa116921-3f09-44e1-b709-86b1780d9253,Brake Pad Kit H5 -1-01 (Canvas Rem) H5,"39,500",0,1,0,0,1,0,NEW_ONBOARDING,APPLIED,GEN-F1130-001-F-NE,"1,758",REGULAR,Pondok Indah,Hilman Zacky,B 4066 SVO,"35,903"
"Sep 16, 2025, 10:57",WO-143332317979482845,SPAREPART,87eede8f-1064-4c4e-912d-9319aa96d5b0,Brake Pad H3 FR / RR H3,"26,000",0,2,0,0,2,0,NOT_COVERED,APPLIED,GEN-F0130-001-N-NE,"1,075",REPO_MAINTENANCE,Pondok Indah,Service Advisor PI,B 4359 SWA,"6,306"
"Sep 16, 2025, 10:57",WO-143332317979482845,SPAREPART,0e63dd11-3dfb-40f2-9820-7fc9cc0b12bc,Front fork bearings H3,"42,021",0,1,0,0,1,0,NOT_COVERED,APPLIED,GEN-F0100-001-F-NE,849,REPO_MAINTENANCE,Pondok Indah,Service Advisor PI,B 4359 SWA,"6,306"
"Sep 16, 2025, 10:46",WO-143425557391011893,SPAREPART,87eede8f-1064-4c4e-912d-9319aa96d5b0,Brake Pad H3 FR / RR H3,"26,000","26,000",1,0,0,1,"26,000",NOT_COVERED,APPLIED,GEN-F0130-001-N-NE,"1,075",WALK_IN_MAINTENANCE,Grab - Cakung,Akmal Nur Hidayat,B 3435 PWG,"21,831"
"Sep 16, 2025, 10:46",WO-143424795134980149,SPAREPART,1ac25aee-ff64-497d-a915-e4617a1892ae,Bearing Nachi 6201 H3,"13,967","13,967",2,0,0,2,"27,934",NOT_COVERED,APPLIED,GEN-F0060-001-F-NE,"1,735",REGULAR,Bekasi,Faris Abdurrahan,B 4569 SVP,"373,597"
"Sep 16, 2025, 10:42",WO-143425276875905757,SPAREPART,c52ca52a-85ef-43ad-8637-a9a65142da16,Rear disc brake disc H3,"26,519","80,000",1,0,0,1,"80,000",NOT_COVERED,APPLIED,GEN-F0190-001-R-NE,854,REGULAR,Pondok Indah,Eka Pitaloka,B 4201 SWA,"15,828"
"Sep 16, 2025, 10:42",WO-143425276875905757,SPAREPART,ec86c430-e74c-451d-8d93-6d47384acc17,Tire 90/90-12 H3 (KENDA) H3,"100,000","100,000",1,0,0,1,"100,000",NOT_COVERED,APPLIED,GEN-F0500-001-N-MA,"1,741",REGULAR,Pondok Indah,Eka Pitaloka,B 4201 SWA,"15,828"
"Sep 16, 2025, 10:42",WO-143425070482649141,SPAREPART,87eede8f-1064-4c4e-912d-9319aa96d5b0,Brake Pad H3 FR / RR H3,"26,000",0,2,0,0,2,0,NOT_COVERED,APPLIED,GEN-F0130-001-N-NE,"1,075",REGULAR,Kembangan,Irawan,B 4663 SVO,"62,205"
"Sep 16, 2025, 10:40",WO-143424856841525981,SPAREPART,87eede8f-1064-4c4e-912d-9319aa96d5b0,Brake Pad H3 FR / RR H3,"26,000",0,1,0,0,1,0,NOT_COVERED,APPLIED,GEN-F0130-001-N-NE,"1,075",REGULAR,Kembangan,Intan melina,B 4371 SVT,"27,513"
"Sep 16, 2025, 10:38",WO-143424746279672541,SPAREPART,87eede8f-1064-4c4e-912d-9319aa96d5b0,Brake Pad H3 FR / RR H3,"26,000",0,2,0,0,2,0,NEW_ONBOARDING,APPLIED,GEN-F0130-001-N-NE,"1,075",REGULAR,Pondok Indah,Hilman Zacky,B 4207 SWA,"177,743"
"Sep 16, 2025, 10:34",WO-143424103645245493,SPAREPART,fa116921-3f09-44e1-b709-86b1780d9253,Brake Pad Kit H5 -1-01 (Canvas Rem) H5,"39,500",0,1,0,0,1,0,NOT_COVERED,APPLIED,GEN-F1130-001-F-NE,"1,758",REGULAR,Kembangan,Irawan,B 5026 SVL,"13,059"
"Sep 16, 2025, 10:34",WO-143424103645245493,SPAREPART,79e0bbc0-0b87-4142-8e3f-0b3ccdc86641,Brake Pad Kit H5 -2-01 (Canvas Rem) H5,"28,500",0,1,0,0,1,0,NOT_COVERED,APPLIED,GEN-F1140-001-R-NE,"1,759",REGULAR,Kembangan,Irawan,B 5026 SVL,"13,059"
"Sep 16, 2025, 10:34",WO-143424141242931933,SPAREPART,ec86c430-e74c-451d-8d93-6d47384acc17,Tire 90/90-12 H3 (KENDA) H3,"135,796",0,1,0,0,1,0,NEW_ONBOARDING,APPLIED,GEN-F0500-001-N-MA,"1,741",REGULAR,Pondok Indah,Service Advisor PI,B 4504 SVV,"17,910"
"Sep 16, 2025, 10:34",WO-143424141242931933,SPAREPART,87eede8f-1064-4c4e-912d-9319aa96d5b0,Brake Pad H3 FR / RR H3,"26,000",0,2,0,0,2,0,NEW_ONBOARDING,APPLIED,GEN-F0130-001-N-NE,"1,075",REGULAR,Pondok Indah,Service Advisor PI,B 4504 SVV,"17,910"
"Sep 16, 2025, 10:27",WO-143423684768439005,SPAREPART,87eede8f-1064-4c4e-912d-9319aa96d5b0,Brake Pad H3 FR / RR H3,"26,000",0,2,0,0,2,0,NEW_ONBOARDING,APPLIED,GEN-F0130-001-N-NE,"1,075",REGULAR,Pondok Indah,Hilman Zacky,B 4899 SWC,"38,112"
"Sep 16, 2025, 10:25",WO-143422522325474013,SPAREPART,ec86c430-e74c-451d-8d93-6d47384acc17,Tire 90/90-12 H3 (KENDA) H3,"135,796","135,796",1,0,0,1,"135,796",NOT_COVERED,APPLIED,GEN-F0500-001-N-MA,"1,741",REPO_MAINTENANCE,Grab - Cakung,Ipang Triatna,B 3819 PWG,"10,898"
"Sep 16, 2025, 10:22",WO-143423123889330909,SPAREPART,ec86c430-e74c-451d-8d93-6d47384acc17,Tire 90/90-12 H3 (KENDA) H3,"100,000","100,000",1,0,0,1,"100,000",NOT_COVERED,APPLIED,GEN-F0500-001-N-MA,"1,741",REGULAR,Pondok Indah,Eka Pitaloka,B 4624 SVO,"56,733"
"Sep 16, 2025, 10:22",WO-143423123889330909,SPAREPART,a8261683-77ce-4c3a-969e-8c7de608fd1b,Flasher H3,"7,912","19,000",1,0,0,1,"19,000",NOT_COVERED,APPLIED,H3A-E50010-001-N-NE,874,REGULAR,Pondok Indah,Eka Pitaloka,B 4624 SVO,"56,733"
"Sep 16, 2025, 10:21",WO-143341509880639541,SPAREPART,ec86c430-e74c-451d-8d93-6d47384acc17,Tire 90/90-12 H3 (KENDA) H3,"100,000",0,1,0,0,1,0,NOT_COVERED,APPLIED,GEN-F0500-001-N-MA,"1,741",REPO_MAINTENANCE,Pondok Indah,Eka Pitaloka,B 4273 SVT,"46,274"
"Sep 16, 2025, 10:21",WO-143341509880639541,SPAREPART,87eede8f-1064-4c4e-912d-9319aa96d5b0,Brake Pad H3 FR / RR H3,"26,000",0,2,0,0,2,0,NOT_COVERED,APPLIED,GEN-F0130-001-N-NE,"1,075",REPO_MAINTENANCE,Pondok Indah,Eka Pitaloka,B 4273 SVT,"46,274"
"Sep 16, 2025, 10:21",WO-143341509880639541,SPAREPART,18749550-126c-431c-a00c-fdd1bafa5068,Right handle bar H3,"16,813",0,1,0,0,1,0,NOT_COVERED,APPLIED,H3A-B0300-001-R-MA,869,REPO_MAINTENANCE,Pondok Indah,Eka Pitaloka,B 4273 SVT,"46,274"
"Sep 16, 2025, 10:20",WO-143422627518672949,SPAREPART,87eede8f-1064-4c4e-912d-9319aa96d5b0,Brake Pad H3 FR / RR H3,"26,000","26,000",2,0,0,2,"52,000",NOT_COVERED,APPLIED,GEN-F0130-001-N-NE,"1,075",REGULAR,Bekasi,Faris Abdurrahan,B 4510 SVR,"384,381"
"Sep 16, 2025, 10:16",WO-143421515927449653,SPAREPART,87eede8f-1064-4c4e-912d-9319aa96d5b0,Brake Pad H3 FR / RR H3,"26,000","26,000",1,0,0,1,"26,000",NOT_COVERED,APPLIED,GEN-F0130-001-N-NE,"1,075",WALK_IN_MAINTENANCE,Grab - Cakung,Fakhriy Aji Ramadhani,B 3765 PWG,"20,215"
"Sep 16, 2025, 10:16",WO-143421515927449653,SPAREPART,ec86c430-e74c-451d-8d93-6d47384acc17,Tire 90/90-12 H3 (KENDA) H3,"135,796","135,796",1,0,0,1,"135,796",NOT_COVERED,APPLIED,GEN-F0500-001-N-MA,"1,741",WALK_IN_MAINTENANCE,Grab - Cakung,Fakhriy Aji Ramadhani,B 3765 PWG,"20,215"
"Sep 16, 2025, 10:14",WO-143422362270887989,SPAREPART,87eede8f-1064-4c4e-912d-9319aa96d5b0,Brake Pad H3 FR / RR H3,"26,000",0,1,0,0,1,0,NEW_ONBOARDING,APPLIED,GEN-F0130-001-N-NE,"1,075",REGULAR,Pondok Indah,Muhammad Riduwan,B 4692 SWC,"13,180"
"Sep 16, 2025, 10:14",WO-143422362270887989,SPAREPART,0e63dd11-3dfb-40f2-9820-7fc9cc0b12bc,Front fork bearings H3,"42,021",0,1,0,0,1,0,NEW_ONBOARDING,APPLIED,GEN-F0100-001-F-NE,849,REGULAR,Pondok Indah,Muhammad Riduwan,B 4692 SWC,"13,180"
"Sep 16, 2025, 10:08",WO-143421755204049629,SPAREPART,87eede8f-1064-4c4e-912d-9319aa96d5b0,Brake Pad H3 FR / RR H3,"26,000",0,2,0,0,2,0,NEW_ONBOARDING,APPLIED,GEN-F0130-001-N-NE,"1,075",REGULAR,Pondok Indah,Hilman Zacky,B 4029 SWB,"21,890"
"Sep 16, 2025, 10:07",WO-143421357634362077,SPAREPART,87eede8f-1064-4c4e-912d-9319aa96d5b0,Brake Pad H3 FR / RR H3,"26,000","26,000",1,0,0,1,"26,000",NOT_COVERED,APPLIED,GEN-F0130-001-N-NE,"1,075",REGULAR,Bekasi,Faris Abdurrahan,B 4019 SWD,"8,955"
"Sep 16, 2025, 09:59",WO-143420833077926621,SPAREPART,87eede8f-1064-4c4e-912d-9319aa96d5b0,Brake Pad H3 FR / RR H3,"26,000",0,2,0,0,2,0,NOT_COVERED,APPLIED,GEN-F0130-001-N-NE,"1,075",WALK_IN_MAINTENANCE,Kembangan,Irawan,B 4096 SVT,"4,942"
"Sep 16, 2025, 09:56",WO-143414662099114717,SPAREPART,87eede8f-1064-4c4e-912d-9319aa96d5b0,Brake Pad H3 FR / RR H3,"26,000","26,000",1,0,0,1,"26,000",NOT_COVERED,APPLIED,GEN-F0130-001-N-NE,"1,075",STORING,Pondok Indah,Dani Setiawan,B 4072 SVT,"56,783"
"Sep 16, 2025, 09:56",WO-143414662099114717,SPAREPART,c52ca52a-85ef-43ad-8637-a9a65142da16,Rear disc brake disc H3,"26,519","26,519",1,0,0,1,"26,519",NOT_COVERED,APPLIED,GEN-F0190-001-R-NE,854,STORING,Pondok Indah,Dani Setiawan,B 4072 SVT,"56,783"
"Sep 16, 2025, 09:52",WO-143420180175788765,SPAREPART,87eede8f-1064-4c4e-912d-9319aa96d5b0,Brake Pad H3 FR / RR H3,"26,000",0,2,0,0,2,0,NEW_ONBOARDING,APPLIED,GEN-F0130-001-N-NE,"1,075",REGULAR,Pondok Indah,Muhammad Riduwan,B 4851 SVR,"45,299"
"Sep 16, 2025, 09:49",WO-143416488131304157,SPAREPART,1ac25aee-ff64-497d-a915-e4617a1892ae,Bearing Nachi 6201 H3,"13,967","13,500",2,0,0,2,"27,000",NOT_COVERED,APPLIED,GEN-F0060-001-F-NE,"1,735",REGULAR,Pondok Indah,Eka Pitaloka,B 4214 SVP,"44,802"
"Sep 16, 2025, 09:46",WO-143417520550845149,SPAREPART,87eede8f-1064-4c4e-912d-9319aa96d5b0,Brake Pad H3 FR / RR H3,"26,000",0,2,0,0,2,0,NOT_COVERED,APPLIED,GEN-F0130-001-N-NE,"1,075",REGULAR,Kembangan,Irawan,B 4719 SVP,"44,514"
"Sep 16, 2025, 09:37",WO-143416021120719581,SPAREPART,87eede8f-1064-4c4e-912d-9319aa96d5b0,Brake Pad H3 FR / RR H3,"26,000",0,1,0,0,1,0,NOT_COVERED,APPLIED,GEN-F0130-001-N-NE,"1,075",REGULAR,Kembangan,Irawan,B 4572 SVR,"41,078"
"Sep 16, 2025, 09:33",WO-143418315824492597,SPAREPART,87eede8f-1064-4c4e-912d-9319aa96d5b0,Brake Pad H3 FR / RR H3,"26,000",0,2,0,0,2,0,NEW_ONBOARDING,APPLIED,GEN-F0130-001-N-NE,"1,075",REGULAR,Pondok Indah,Muhammad Riduwan,B 4526 SWA,"10,171"
"Sep 16, 2025, 09:28",WO-143417632253603893,SPAREPART,87eede8f-1064-4c4e-912d-9319aa96d5b0,Brake Pad H3 FR / RR H3,"26,000",0,2,0,0,2,0,NEW_ONBOARDING,APPLIED,GEN-F0130-001-N-NE,"1,075",REGULAR,Pondok Indah,Service Advisor PI,B 4641 SVP,"28,344"
"Sep 16, 2025, 09:19",WO-143416808391580381,SPAREPART,87eede8f-1064-4c4e-912d-9319aa96d5b0,Brake Pad H3 FR / RR H3,"26,000",0,2,0,0,2,0,NEW_ONBOARDING,APPLIED,GEN-F0130-001-N-NE,"1,075",REGULAR,Pondok Indah,Muhammad Riduwan,B 4715 SVT,"33,844"
"Sep 16, 2025, 09:19",WO-143416808391580381,SPAREPART,0e63dd11-3dfb-40f2-9820-7fc9cc0b12bc,Front fork bearings H3,"42,021",0,1,0,0,1,0,NEW_ONBOARDING,APPLIED,GEN-F0100-001-F-NE,849,REGULAR,Pondok Indah,Muhammad Riduwan,B 4715 SVT,"33,844"
"Sep 16, 2025, 09:15",WO-143416488131304157,SPAREPART,87eede8f-1064-4c4e-912d-9319aa96d5b0,Brake Pad H3 FR / RR H3,"26,000",0,2,0,0,2,0,NEW_ONBOARDING,APPLIED,GEN-F0130-001-N-NE,"1,075",REGULAR,Pondok Indah,Eka Pitaloka,B 4214 SVP,"44,802"
"Sep 16, 2025, 09:14",WO-143338092428794589,SPAREPART,ec86c430-e74c-451d-8d93-6d47384acc17,Tire 90/90-12 H3 (KENDA) H3,"100,000",0,1,0,0,1,0,NOT_COVERED,APPLIED,GEN-F0500-001-N-MA,"1,741",URGENT,Pondok Indah,Service Advisor PI,B 4151 SWA,"11,511"
"Sep 16, 2025, 09:12",WO-143416139853131829,SPAREPART,ec86c430-e74c-451d-8d93-6d47384acc17,Tire 90/90-12 H3 (KENDA) H3,"100,000","100,000",1,0,0,1,"100,000",NOT_COVERED,APPLIED,GEN-F0500-001-N-MA,"1,741",REGULAR,Pondok Indah,Hilman Zacky,B 5213 BWJ,"39,873"
"Sep 16, 2025, 09:12",WO-143416139853131829,SPAREPART,87eede8f-1064-4c4e-912d-9319aa96d5b0,Brake Pad H3 FR / RR H3,"26,000",0,2,0,0,2,0,NEW_ONBOARDING,APPLIED,GEN-F0130-001-N-NE,"1,075",REGULAR,Pondok Indah,Hilman Zacky,B 5213 BWJ,"39,873"
"Sep 16, 2025, 09:09",WO-143415817998965469,SPAREPART,ec86c430-e74c-451d-8d93-6d47384acc17,Tire 90/90-12 H3 (KENDA) H3,"100,000","100,000",1,0,0,1,"100,000",NOT_COVERED,APPLIED,GEN-F0500-001-N-MA,"1,741",REGULAR,Pondok Indah,Muhammad Riduwan,B 3584 PWE,"45,272"
"Sep 16, 2025, 09:09",WO-143415817998965469,SPAREPART,87eede8f-1064-4c4e-912d-9319aa96d5b0,Brake Pad H3 FR / RR H3,"26,000",0,2,0,0,2,0,NEW_ONBOARDING,APPLIED,GEN-F0130-001-N-NE,"1,075",REGULAR,Pondok Indah,Muhammad Riduwan,B 3584 PWE,"45,272"
"Sep 16, 2025, 09:01",WO-143410805822462685,SPAREPART,87eede8f-1064-4c4e-912d-9319aa96d5b0,Brake Pad H3 FR / RR H3,"26,000",0,2,0,0,2,0,NOT_COVERED,APPLIED,GEN-F0130-001-N-NE,"1,075",STORING,Pondok Indah,Eka Pitaloka,B 5254 BWJ,"45,678"
"Sep 15, 2025, 22:30",WO-143338691778113589,SPAREPART,ec86c430-e74c-451d-8d93-6d47384acc17,Tire 90/90-12 H3 (KENDA) H3,"135,796",0,1,0,0,1,0,NOT_COVERED,APPLIED,GEN-F0500-001-N-MA,"1,741",URGENT,Pondok Indah,Service Advisor PI,B 3870 PWG,"121,385"
"Sep 15, 2025, 22:29",WO-143338691778113589,SPAREPART,c52ca52a-85ef-43ad-8637-a9a65142da16,Rear disc brake disc H3,"26,519",0,2,0,0,2,0,NOT_COVERED,APPLIED,GEN-F0190-001-R-NE,854,URGENT,Pondok Indah,Service Advisor PI,B 3870 PWG,"121,385"
"Sep 15, 2025, 21:30",WO-143310362089943093,SPAREPART,ec86c430-e74c-451d-8d93-6d47384acc17,Tire 90/90-12 H3 (KENDA) H3,"100,000","100,000",1,0,0,1,"100,000",NOT_COVERED,APPLIED,GEN-F0500-001-N-MA,"1,741",URGENT,Pondok Indah,Eka Pitaloka,B 3649 PWE,"24,958"
"Sep 15, 2025, 21:30",WO-143310362089943093,SPAREPART,87eede8f-1064-4c4e-912d-9319aa96d5b0,Brake Pad H3 FR / RR H3,"26,000",0,1,0,0,1,0,NOT_COVERED,APPLIED,GEN-F0130-001-N-NE,"1,075",URGENT,Pondok Indah,Eka Pitaloka,B 3649 PWE,"24,958"
"Sep 15, 2025, 20:52",WO-143329354401771573,SPAREPART,87eede8f-1064-4c4e-912d-9319aa96d5b0,Brake Pad H3 FR / RR H3,"26,000",0,2,0,0,2,0,NOT_COVERED,APPLIED,GEN-F0130-001-N-NE,"1,075",URGENT,Pondok Indah,Service Advisor PI,B 4842 SWC,"11,615"
"Sep 15, 2025, 20:32",WO-143316185612611637,SPAREPART,fa116921-3f09-44e1-b709-86b1780d9253,Brake Pad Kit H5 -1-01 (Canvas Rem) H5,"39,500",0,1,0,0,1,0,NOT_COVERED,APPLIED,GEN-F1130-001-F-NE,"1,758",WALK_IN_MAINTENANCE,Pondok Indah,Service Advisor PI,B 4165 SVO,"71,432"
"Sep 15, 2025, 20:32",WO-143316185612611637,SPAREPART,79e0bbc0-0b87-4142-8e3f-0b3ccdc86641,Brake Pad Kit H5 -2-01 (Canvas Rem) H5,"28,500",0,1,0,0,1,0,NOT_COVERED,APPLIED,GEN-F1140-001-R-NE,"1,759",WALK_IN_MAINTENANCE,Pondok Indah,Service Advisor PI,B 4165 SVO,"71,432"
"Sep 15, 2025, 20:18",WO-143337763427643445,SPAREPART,79e0bbc0-0b87-4142-8e3f-0b3ccdc86641,Brake Pad Kit H5 -2-01 (Canvas Rem) H5,"28,500",0,1,0,0,1,0,NOT_COVERED,APPLIED,GEN-F1140-001-R-NE,"1,759",URGENT,Pondok Indah,Service Advisor PI,B 5136 SVL,"29,193"
"Sep 15, 2025, 20:06",WO-143334476787806261,SPAREPART,1ac25aee-ff64-497d-a915-e4617a1892ae,Bearing Nachi 6201 H3,"13,967",0,2,0,0,2,0,NOT_COVERED,APPLIED,GEN-F0060-001-F-NE,"1,735",URGENT,Pondok Indah,Service Advisor PI,B 4763 SVP,0
"Sep 15, 2025, 20:06",WO-143334476787806261,SPAREPART,87eede8f-1064-4c4e-912d-9319aa96d5b0,Brake Pad H3 FR / RR H3,"26,000",0,2,0,0,2,0,NOT_COVERED,APPLIED,GEN-F0130-001-N-NE,"1,075",URGENT,Pondok Indah,Service Advisor PI,B 4763 SVP,0
"Sep 15, 2025, 20:04",WO-143323300494318301,SPAREPART,00c93cf0-bacc-4e53-aab2-4aeeebf5bf3b,Air tape PVR 50 (5 mm) H3,"3,500",0,1,0,0,1,0,NOT_COVERED,APPLIED,GEN-F0420-002-N-NE,"1,740",URGENT,Pondok Indah,Service Advisor PI,B 3835 PWF,"22,574"
"Sep 15, 2025, 20:01",WO-143307605475859165,SPAREPART,29ae4c69-46d5-4754-bf7e-f808ca55ebe7,Lock Set H3,"32,338",0,1,0,0,1,0,NOT_COVERED,APPLIED,H3A-E70050-001-N-NE,865,REPO_MAINTENANCE,Pondok Indah,Service Advisor PI,B 4346 SWA,0
"Sep 15, 2025, 20:01",WO-143307605475859165,SPAREPART,87eede8f-1064-4c4e-912d-9319aa96d5b0,Brake Pad H3 FR / RR H3,"26,000",0,2,0,0,2,0,NOT_COVERED,APPLIED,GEN-F0130-001-N-NE,"1,075",REPO_MAINTENANCE,Pondok Indah,Service Advisor PI,B 4346 SWA,0
"Sep 15, 2025, 19:36",WO-143261507558316765,SPAREPART,d09f6b27-05e3-429e-8d59-5978689af06f,USB charging port H3,"12,627","39,000",1,0,0,1,"39,000",NOT_COVERED,APPLIED,H3A-E40010-001-N-NE,871,STORING,Pondok Indah,Service Advisor PI,B 4220 SVT,"561,201"
"Sep 15, 2025, 18:49",WO-143329227549186781,SPAREPART,87eede8f-1064-4c4e-912d-9319aa96d5b0,Brake Pad H3 FR / RR H3,"26,000",0,2,0,0,2,0,NOT_COVERED,APPLIED,GEN-F0130-001-N-NE,"1,075",URGENT,Pondok Indah,Service Advisor PI,B 4790 SVR,"40,509"
"Sep 15, 2025, 18:17",WO-143315649597283037,SPAREPART,87eede8f-1064-4c4e-912d-9319aa96d5b0,Brake Pad H3 FR / RR H3,"26,000",0,2,0,0,2,0,NOT_COVERED,APPLIED,GEN-F0130-001-N-NE,"1,075",WALK_IN_MAINTENANCE,Pondok Indah,Service Advisor PI,B 4105 SVT,"52,731"
"Sep 15, 2025, 18:17",WO-143315649597283037,SPAREPART,5c1fd9ac-88d6-4eac-9e2d-0cc440871101,Hook H3,"9,568",0,1,0,0,1,0,NOT_COVERED,APPLIED,H3A-B0460-001-N-MA,795,WALK_IN_MAINTENANCE,Pondok Indah,Service Advisor PI,B 4105 SVT,"52,731"
"Sep 15, 2025, 17:53",WO-143304607018315829,SPAREPART,ec86c430-e74c-451d-8d93-6d47384acc17,Tire 90/90-12 H3 (KENDA) H3,"100,000",0,1,0,0,1,0,NOT_COVERED,APPLIED,GEN-F0500-001-N-MA,"1,741",WALK_IN_MAINTENANCE,Pondok Indah,Service Advisor PI,B 4112 SVP,"53,051"
"Sep 15, 2025, 17:53",WO-143304607018315829,SPAREPART,87eede8f-1064-4c4e-912d-9319aa96d5b0,Brake Pad H3 FR / RR H3,"26,000",0,1,0,0,1,0,NOT_COVERED,APPLIED,GEN-F0130-001-N-NE,"1,075",WALK_IN_MAINTENANCE,Pondok Indah,Service Advisor PI,B 4112 SVP,"53,051"
"Sep 15, 2025, 17:04",WO-143311555889524789,SPAREPART,069469fe-d5a5-435c-9b96-b9b3a36a8f3d,Double-stand cushion rubber H3,"2,392",0,1,0,0,1,0,NOT_COVERED,APPLIED,H3A-F0440-001-N-NE,815,WALK_IN_MAINTENANCE,Pondok Indah,Eka Pitaloka,B 4661 SVR,"55,712"
"Sep 15, 2025, 17:04",WO-143311555889524789,SPAREPART,87eede8f-1064-4c4e-912d-9319aa96d5b0,Brake Pad H3 FR / RR H3,"26,000",0,1,0,0,1,0,NOT_COVERED,APPLIED,GEN-F0130-001-N-NE,"1,075",WALK_IN_MAINTENANCE,Pondok Indah,Eka Pitaloka,B 4661 SVR,"55,712"
"Sep 15, 2025, 16:58",WO-143307130110221021,SPAREPART,9ae448db-156e-4e8b-8980-6f520521c921,Speed control handle cable H3,"16,169",0,1,0,0,1,0,NOT_COVERED,APPLIED,H3A-E70090-001-N-BL,857,STORING,Pondok Indah,Service Advisor PI,B 4293 SVT,"34,566"
"Sep 15, 2025, 16:52",WO-143315261674494685,SPAREPART,d09f6b27-05e3-429e-8d59-5978689af06f,USB charging port H3,"12,627","38,000",1,0,0,1,"38,000",NOT_COVERED,APPLIED,H3A-E40010-001-N-NE,871,URGENT,Pondok Indah,Eka Pitaloka,B 4136 SVV,"25,300"
"Sep 15, 2025, 16:33",WO-143311861150969909,SPAREPART,ec86c430-e74c-451d-8d93-6d47384acc17,Tire 90/90-12 H3 (KENDA) H3,"100,000",0,1,0,0,1,0,NOT_COVERED,APPLIED,GEN-F0500-001-N-MA,"1,741",URGENT,Pondok Indah,Service Advisor PI,B 4402 SWA,"14,750"
"Sep 15, 2025, 16:33",WO-143311861150969909,SPAREPART,87eede8f-1064-4c4e-912d-9319aa96d5b0,Brake Pad H3 FR / RR H3,"26,000",0,1,0,0,1,0,NOT_COVERED,APPLIED,GEN-F0130-001-N-NE,"1,075",URGENT,Pondok Indah,Service Advisor PI,B 4402 SWA,"14,750"
"Sep 15, 2025, 16:06",WO-143281852784898101,SPAREPART,87eede8f-1064-4c4e-912d-9319aa96d5b0,Brake Pad H3 FR / RR H3,"26,000",0,1,0,0,1,0,NOT_COVERED,APPLIED,GEN-F0130-001-N-NE,"1,075",STORING,Pondok Indah,Eka Pitaloka,B 4248 SVT,"23,456"
"Sep 15, 2025, 16:06",WO-143281852784898101,SPAREPART,ec86c430-e74c-451d-8d93-6d47384acc17,Tire 90/90-12 H3 (KENDA) H3,"100,000","100,000",1,0,0,1,"100,000",NOT_COVERED,APPLIED,GEN-F0500-001-N-MA,"1,741",STORING,Pondok Indah,Eka Pitaloka,B 4248 SVT,"23,456"
"Sep 15, 2025, 15:50",WO-143310814135250997,SPAREPART,87eede8f-1064-4c4e-912d-9319aa96d5b0,Brake Pad H3 FR / RR H3,"26,000",0,1,0,0,1,0,NOT_COVERED,APPLIED,GEN-F0130-001-N-NE,"1,075",URGENT,Pondok Indah,Eka Pitaloka,B 4012 SWB,"14,000"
"Sep 15, 2025, 15:10",WO-143047873334931509,SPAREPART,87eede8f-1064-4c4e-912d-9319aa96d5b0,Brake Pad H3 FR / RR H3,"26,000",0,1,0,0,1,0,NEW_ONBOARDING,APPLIED,GEN-F0130-001-N-NE,"1,075",STORING,Pondok Indah,Service Advisor PI,B 3451 PWG,"2,324"
"Sep 15, 2025, 15:10",WO-143047873334931509,SPAREPART,ec86c430-e74c-451d-8d93-6d47384acc17,Tire 90/90-12 H3 (KENDA) H3,"135,796",0,1,0,0,1,0,NOT_COVERED,APPLIED,GEN-F0500-001-N-MA,"1,741",STORING,Pondok Indah,Service Advisor PI,B 3451 PWG,"2,324"
"Sep 15, 2025, 15:09",WO-143278389011159773,SPAREPART,3cb2a551-8898-476b-a8a5-0a016d76e96b,The rear disc brake assembly has no logo H3,"100,000",0,1,0,0,1,0,NOT_COVERED,APPLIED,H3A-F0220-001-R-NE,851,REGULAR,Pondok Indah,Service Advisor PI,B 3663 PWE,"29,955"
"Sep 15, 2025, 15:09",WO-143278389011159773,SPAREPART,c52ca52a-85ef-43ad-8637-a9a65142da16,Rear disc brake disc H3,"26,519",0,1,0,0,1,0,NOT_COVERED,APPLIED,GEN-F0190-001-R-NE,854,REGULAR,Pondok Indah,Service Advisor PI,B 3663 PWE,"29,955"
"Sep 15, 2025, 15:08",WO-143300639038959669,SPAREPART,fcf7a30b-2cc8-469a-95a2-d1be5deb8fd7,Front left turn signal light H3,"71,829",0,1,0,0,1,0,NOT_COVERED,APPLIED,H3A-E60010-001-L-NE,822,STORING,Pondok Indah,Service Advisor PI,B 4253 SVP,"359,204"
"Sep 15, 2025, 15:08",WO-143300639038959669,SPAREPART,e0402ad2-4c70-44c0-b2a2-8bccaf20ce7b,Steering rack assembly 6.42±0.04kg H3,"100,000",0,1,0,0,1,0,NOT_COVERED,APPLIED,H3A-F0070-001-N-NE,845,STORING,Pondok Indah,Service Advisor PI,B 4253 SVP,"359,204"
"Sep 15, 2025, 15:08",WO-143300639038959669,SPAREPART,87eede8f-1064-4c4e-912d-9319aa96d5b0,Brake Pad H3 FR / RR H3,"26,000",0,2,0,0,2,0,NOT_COVERED,APPLIED,GEN-F0130-001-N-NE,"1,075",STORING,Pondok Indah,Service Advisor PI,B 4253 SVP,"359,204"
"Sep 15, 2025, 14:49",WO-143266295406664413,SPAREPART,ec86c430-e74c-451d-8d93-6d47384acc17,Tire 90/90-12 H3 (KENDA) H3,"100,000",0,1,0,0,1,0,NOT_COVERED,APPLIED,GEN-F0500-001-N-MA,"1,741",STORING,Pondok Indah,Service Advisor PI,B 4149 SWB,"40,802"
"Sep 15, 2025, 14:49",WO-143266295406664413,SPAREPART,87eede8f-1064-4c4e-912d-9319aa96d5b0,Brake Pad H3 FR / RR H3,"26,000",0,1,0,0,1,0,NOT_COVERED,APPLIED,GEN-F0130-001-N-NE,"1,075",STORING,Pondok Indah,Service Advisor PI,B 4149 SWB,"40,802"
"Sep 15, 2025, 14:27",WO-143302790230372405,SPAREPART,87eede8f-1064-4c4e-912d-9319aa96d5b0,Brake Pad H3 FR / RR H3,"26,000",0,2,0,0,2,0,NEW_ONBOARDING,APPLIED,GEN-F0130-001-N-NE,"1,075",REGULAR,Pondok Indah,Hilman Zacky,B 4208 SVV,"2,683"
"Sep 15, 2025, 14:17",WO-143301650319153885,SPAREPART,79e0bbc0-0b87-4142-8e3f-0b3ccdc86641,Brake Pad Kit H5 -2-01 (Canvas Rem) H5,"28,500",0,1,0,0,1,0,NEW_ONBOARDING,APPLIED,GEN-F1140-001-R-NE,"1,759",REGULAR,Pondok Indah,Muhammad Renaldi Filriski,B 4410 SVL,"40,387"
"Sep 15, 2025, 14:17",WO-143301650319153885,SPAREPART,fa116921-3f09-44e1-b709-86b1780d9253,Brake Pad Kit H5 -1-01 (Canvas Rem) H5,"39,500",0,1,0,0,1,0,NEW_ONBOARDING,APPLIED,GEN-F1130-001-F-NE,"1,758",REGULAR,Pondok Indah,Muhammad Renaldi Filriski,B 4410 SVL,"40,387"
"Sep 15, 2025, 14:09",WO-143301144167378997,SPAREPART,87eede8f-1064-4c4e-912d-9319aa96d5b0,Brake Pad H3 FR / RR H3,"26,000",0,2,0,0,2,0,NEW_ONBOARDING,APPLIED,GEN-F0130-001-N-NE,"1,075",REGULAR,Pondok Indah,Service Advisor PI,B 3733 PWE,"25,929"
"Sep 15, 2025, 14:06",WO-143300741195373277,SPAREPART,9e2b03be-2181-46bf-8907-dc827cc41dc0,Steel bowl H1,"32,729",0,1,0,0,1,0,NEW_ONBOARDING,APPLIED,H1A-F1840-001-N-NE,"1,033",REGULAR,Pondok Indah,Aldy Arifiandy,B 4870 SWD,"1,543"
"Sep 15, 2025, 14:06",WO-143300741195373277,SPAREPART,5075f880-8de8-488e-9bca-4db3d05c3583,Brake pad Front H1 - Fr H1,"26,000",0,1,0,0,1,0,NEW_ONBOARDING,APPLIED,GEN-F1280-001-N-NE,"1,789",REGULAR,Pondok Indah,Aldy Arifiandy,B 4870 SWD,"1,543"
"Sep 15, 2025, 14:04",WO-143298134771036213,SPAREPART,ec86c430-e74c-451d-8d93-6d47384acc17,Tire 90/90-12 H3 (KENDA) H3,"100,000","100,000",1,0,0,1,"100,000",NOT_COVERED,APPLIED,GEN-F0500-001-N-MA,"1,741",STORING,Pondok Indah,Dani Setiawan,B 4445 SWA,"456,786"
"Sep 15, 2025, 14:01",WO-143300306715810525,SPAREPART,87eede8f-1064-4c4e-912d-9319aa96d5b0,Brake Pad H3 FR / RR H3,"26,000",0,2,0,0,2,0,NEW_ONBOARDING,APPLIED,GEN-F0130-001-N-NE,"1,075",REGULAR,Pondok Indah,Randy,B 3807 PWF,"35,456"
"Sep 15, 2025, 13:56",WO-143299766489509941,SPAREPART,ec86c430-e74c-451d-8d93-6d47384acc17,Tire 90/90-12 H3 (KENDA) H3,"100,000","100,000",1,0,0,1,"100,000",NOT_COVERED,APPLIED,GEN-F0500-001-N-MA,"1,741",REGULAR,Pondok Indah,Muhammad Syafrizal,B 3871 PWF,"42,091"
"Sep 15, 2025, 13:56",WO-143299766489509941,SPAREPART,87eede8f-1064-4c4e-912d-9319aa96d5b0,Brake Pad H3 FR / RR H3,"26,000",0,2,0,0,2,0,NEW_ONBOARDING,APPLIED,GEN-F0130-001-N-NE,"1,075",REGULAR,Pondok Indah,Muhammad Syafrizal,B 3871 PWF,"42,091"
"Sep 15, 2025, 13:52",WO-143299361571347165,SPAREPART,6f887a0a-e2ae-4556-afe9-b554bb26559f,Headlight H3,"100,000",0,1,0,0,1,0,NEW_ONBOARDING,APPLIED,H3A-E60030-001-N-NE,821,REGULAR,Pondok Indah,Muhammad Riduwan,B 4829 SVO,"43,999"
"Sep 15, 2025, 13:49",WO-143296968838410293,SPAREPART,87eede8f-1064-4c4e-912d-9319aa96d5b0,Brake Pad H3 FR / RR H3,"26,000",0,2,0,0,2,0,NOT_COVERED,APPLIED,GEN-F0130-001-N-NE,"1,075",WALK_IN_MAINTENANCE,Pondok Indah,Eka Pitaloka,B 3516 PWE,"33,569"
"Sep 15, 2025, 13:48",WO-143295259491758133,SPAREPART,87eede8f-1064-4c4e-912d-9319aa96d5b0,Brake Pad H3 FR / RR H3,"26,000","26,000",2,0,0,2,"52,000",NOT_COVERED,APPLIED,GEN-F0130-001-N-NE,"1,075",STORING,Pondok Indah,Muhamad Chaerudin,B 4812 SVR,"37,565"
"Sep 15, 2025, 13:47",WO-143298957827698741,SPAREPART,87eede8f-1064-4c4e-912d-9319aa96d5b0,Brake Pad H3 FR / RR H3,"26,000",0,2,0,0,2,0,NEW_ONBOARDING,APPLIED,GEN-F0130-001-N-NE,"1,075",REGULAR,Pondok Indah,Hilman Zacky,B 3901 PWF,"38,718"
"Sep 15, 2025, 13:45",WO-143298663706270429,SPAREPART,87eede8f-1064-4c4e-912d-9319aa96d5b0,Brake Pad H3 FR / RR H3,"26,000",0,2,0,0,2,0,NEW_ONBOARDING,APPLIED,GEN-F0130-001-N-NE,"1,075",REGULAR,Pondok Indah,Hilman Zacky,B 4190 SVT,"50,929"
"Sep 15, 2025, 13:43",WO-143273198023088861,SPAREPART,c52ca52a-85ef-43ad-8637-a9a65142da16,Rear disc brake disc H3,"26,519",0,1,0,0,1,0,NOT_COVERED,APPLIED,GEN-F0190-001-R-NE,854,REGULAR,Pondok Indah,Service Advisor PI,B 4096 SVP,"60,793"
"Sep 15, 2025, 13:43",WO-143270888320593973,SPAREPART,87eede8f-1064-4c4e-912d-9319aa96d5b0,Brake Pad H3 FR / RR H3,"26,000",0,1,0,0,1,0,NOT_COVERED,APPLIED,GEN-F0130-001-N-NE,"1,075",STORING,Pondok Indah,Eka Pitaloka,B 4587 SVT,"388,542"
"Sep 15, 2025, 13:41",WO-143298069457279709,SPAREPART,fcf7a30b-2cc8-469a-95a2-d1be5deb8fd7,Front left turn signal light H3,"71,829",0,1,0,0,1,0,NEW_ONBOARDING,APPLIED,H3A-E60010-001-L-NE,822,REGULAR,Pondok Indah,Service Advisor PI,B 4253 SVP,"35,920"
"Sep 15, 2025, 13:41",WO-143298069457279709,SPAREPART,b9d1544b-4822-4e87-8c8a-ad3eccb9bf75,Rear mirror H3,"26,000",0,1,0,0,1,0,NOT_COVERED,APPLIED,GEN-A0050-001-R-NE,859,REGULAR,Pondok Indah,Service Advisor PI,B 4253 SVP,"35,920"
"Sep 15, 2025, 13:41",WO-143298069457279709,SPAREPART,87eede8f-1064-4c4e-912d-9319aa96d5b0,Brake Pad H3 FR / RR H3,"26,000",0,2,0,0,2,0,NEW_ONBOARDING,APPLIED,GEN-F0130-001-N-NE,"1,075",REGULAR,Pondok Indah,Service Advisor PI,B 4253 SVP,"35,920"
"Sep 15, 2025, 13:41",WO-143298069457279709,SPAREPART,c7216707-bb31-462a-913e-85977a8c34d3,Front right turn signal light H3,"71,829",0,1,0,0,1,0,NEW_ONBOARDING,APPLIED,H3A-E60020-001-R-NE,823,REGULAR,Pondok Indah,Service Advisor PI,B 4253 SVP,"35,920"
"Sep 15, 2025, 13:35",WO-143283401892360245,SPAREPART,c52ca52a-85ef-43ad-8637-a9a65142da16,Rear disc brake disc H3,"26,519",0,1,0,0,1,0,NOT_COVERED,APPLIED,GEN-F0190-001-R-NE,854,WALK_IN_MAINTENANCE,Pondok Indah,Service Advisor PI,B 4459 SVP,"51,258"
"Sep 15, 2025, 13:35",WO-143283401892360245,SPAREPART,87eede8f-1064-4c4e-912d-9319aa96d5b0,Brake Pad H3 FR / RR H3,"26,000",0,2,0,0,2,0,NOT_COVERED,APPLIED,GEN-F0130-001-N-NE,"1,075",WALK_IN_MAINTENANCE,Pondok Indah,Service Advisor PI,B 4459 SVP,"51,258"
"Sep 15, 2025, 13:32",WO-143273626093809717,SPAREPART,c52ca52a-85ef-43ad-8637-a9a65142da16,Rear disc brake disc H3,"26,519",0,1,0,0,1,0,NOT_COVERED,APPLIED,GEN-F0190-001-R-NE,854,WALK_IN_MAINTENANCE,Pondok Indah,Service Advisor PI,B 4130 SWB,"15,116"
"Sep 15, 2025, 13:30",WO-143297100086516445,SPAREPART,ec86c430-e74c-451d-8d93-6d47384acc17,Tire 90/90-12 H3 (KENDA) H3,"100,000",0,1,0,0,1,0,NEW_ONBOARDING,APPLIED,GEN-F0500-001-N-MA,"1,741",REGULAR,Pondok Indah,Muhammad Riduwan,B 5249 BWJ,"19,358"
"Sep 15, 2025, 13:30",WO-143297100086516445,SPAREPART,87eede8f-1064-4c4e-912d-9319aa96d5b0,Brake Pad H3 FR / RR H3,"26,000",0,2,0,0,2,0,NEW_ONBOARDING,APPLIED,GEN-F0130-001-N-NE,"1,075",REGULAR,Pondok Indah,Muhammad Riduwan,B 5249 BWJ,"19,358"
"Sep 15, 2025, 13:27",WO-143296833798598709,SPAREPART,87eede8f-1064-4c4e-912d-9319aa96d5b0,Brake Pad H3 FR / RR H3,"26,000",0,2,0,0,2,0,NEW_ONBOARDING,APPLIED,GEN-F0130-001-N-NE,"1,075",REGULAR,Pondok Indah,Muhammad Riduwan,B 3451 PWG,"18,480"
"Sep 15, 2025, 13:27",WO-143296833798598709,SPAREPART,ec86c430-e74c-451d-8d93-6d47384acc17,Tire 90/90-12 H3 (KENDA) H3,"135,796",0,1,0,0,1,0,NEW_ONBOARDING,APPLIED,GEN-F0500-001-N-MA,"1,741",REGULAR,Pondok Indah,Muhammad Riduwan,B 3451 PWG,"18,480"
"Sep 15, 2025, 13:21",WO-143296299544877789,SPAREPART,87eede8f-1064-4c4e-912d-9319aa96d5b0,Brake Pad H3 FR / RR H3,"26,000",0,2,0,0,2,0,NEW_ONBOARDING,APPLIED,GEN-F0130-001-N-NE,"1,075",REGULAR,Pondok Indah,Service Advisor PI,B 4812 SVR,"44,288"
"Sep 15, 2025, 13:17",WO-143295813710311477,SPAREPART,fa116921-3f09-44e1-b709-86b1780d9253,Brake Pad Kit H5 -1-01 (Canvas Rem) H5,"39,500",0,1,0,0,1,0,NEW_ONBOARDING,APPLIED,GEN-F1130-001-F-NE,"1,758",REGULAR,Pondok Indah,Hilman Zacky,B 5337 SVL,"63,829"
"Sep 15, 2025, 13:17",WO-143295813710311477,SPAREPART,79e0bbc0-0b87-4142-8e3f-0b3ccdc86641,Brake Pad Kit H5 -2-01 (Canvas Rem) H5,"28,500",0,1,0,0,1,0,NEW_ONBOARDING,APPLIED,GEN-F1140-001-R-NE,"1,759",REGULAR,Pondok Indah,Hilman Zacky,B 5337 SVL,"63,829"
"Sep 15, 2025, 13:13",WO-143295446071177269,SPAREPART,d625acb9-40c7-43a1-9f20-99489c41ef5f,Front disc brake disc H3,"56,580",0,1,0,0,1,0,NEW_ONBOARDING,APPLIED,GEN-F0140-001-F-NE,853,REGULAR,Pondok Indah,Muhammad Riduwan,B 4815 SVT,"50,233"
"Sep 15, 2025, 13:05",WO-143294508291857117,SPAREPART,87eede8f-1064-4c4e-912d-9319aa96d5b0,Brake Pad H3 FR / RR H3,"26,000",0,2,0,0,2,0,NEW_ONBOARDING,APPLIED,GEN-F0130-001-N-NE,"1,075",REGULAR,Pondok Indah,Muhammad Haikal Alfaidz,B 4170 SWB,"23,881"
"Sep 15, 2025, 12:21",WO-143289717910149853,SPAREPART,87eede8f-1064-4c4e-912d-9319aa96d5b0,Brake Pad H3 FR / RR H3,"26,000",0,2,0,0,2,0,NEW_ONBOARDING,APPLIED,GEN-F0130-001-N-NE,"1,075",REGULAR,Pondok Indah,Muhammad Syafrizal,B 4592 SWA,"14,928"
"Sep 15, 2025, 12:21",WO-143289717910149853,SPAREPART,ec86c430-e74c-451d-8d93-6d47384acc17,Tire 90/90-12 H3 (KENDA) H3,"100,000",0,1,0,0,1,0,NEW_ONBOARDING,APPLIED,GEN-F0500-001-N-MA,"1,741",REGULAR,Pondok Indah,Muhammad Syafrizal,B 4592 SWA,"14,928"
"Sep 15, 2025, 11:58",WO-143287804703546077,SPAREPART,29ae4c69-46d5-4754-bf7e-f808ca55ebe7,Lock Set H3,"32,338","100,000",1,0,0,1,"100,000",NOT_COVERED,APPLIED,H3A-E70050-001-N-NE,865,STORING,Pondok Indah,Eka Pitaloka,B 4490 SVP,"50,795"
"Sep 15, 2025, 11:48",WO-143274623834790621,SPAREPART,c52ca52a-85ef-43ad-8637-a9a65142da16,Rear disc brake disc H3,"26,519","80,000",1,0,0,1,"80,000",NOT_COVERED,APPLIED,GEN-F0190-001-R-NE,854,REGULAR,Pondok Indah,Eka Pitaloka,B 4697 SVR,"42,283"
"Sep 15, 2025, 11:31",WO-143208837619445813,SPAREPART,87eede8f-1064-4c4e-912d-9319aa96d5b0,Brake Pad H3 FR / RR H3,"26,000",0,2,0,0,2,0,NOT_COVERED,APPLIED,GEN-F0130-001-N-NE,"1,075",REPO_MAINTENANCE,Pondok Indah,Service Advisor PI,B 4581 SVL,"24,138"
"Sep 15, 2025, 11:31",WO-143208837619445813,SPAREPART,d625acb9-40c7-43a1-9f20-99489c41ef5f,Front disc brake disc H3,"56,580",0,1,0,0,1,0,NOT_COVERED,APPLIED,GEN-F0140-001-F-NE,853,REPO_MAINTENANCE,Pondok Indah,Service Advisor PI,B 4581 SVL,"24,138"
"Sep 15, 2025, 11:16",WO-143213823505996509,SPAREPART,87eede8f-1064-4c4e-912d-9319aa96d5b0,Brake Pad H3 FR / RR H3,"26,000",0,2,0,0,2,0,NOT_COVERED,APPLIED,GEN-F0130-001-N-NE,"1,075",REPO_MAINTENANCE,Pondok Indah,Service Advisor PI,B 3945 PWF,"30,206"
"Sep 15, 2025, 11:16",WO-143213823505996509,SPAREPART,c52ca52a-85ef-43ad-8637-a9a65142da16,Rear disc brake disc H3,"26,519",0,1,0,0,1,0,NOT_COVERED,APPLIED,GEN-F0190-001-R-NE,854,REPO_MAINTENANCE,Pondok Indah,Service Advisor PI,B 3945 PWF,"30,206"
"Sep 15, 2025, 11:14",WO-143283434993807413,SPAREPART,5075f880-8de8-488e-9bca-4db3d05c3583,Brake pad Front H1 - Fr H1,"26,000",0,1,0,0,1,0,NEW_ONBOARDING,APPLIED,GEN-F1280-001-N-NE,"1,789",REGULAR,Pondok Indah,Randy,B 4691 SWB,"7,090"
"Sep 15, 2025, 11:11",WO-143282816350744629,SPAREPART,0e63dd11-3dfb-40f2-9820-7fc9cc0b12bc,Front fork bearings H3,"42,021",0,1,0,0,1,0,NEW_ONBOARDING,APPLIED,GEN-F0100-001-F-NE,849,REGULAR,Pondok Indah,Aldy Arifiandy,B 4641 SVP,"28,747"
"Sep 15, 2025, 11:11",WO-143282816350744629,SPAREPART,87eede8f-1064-4c4e-912d-9319aa96d5b0,Brake Pad H3 FR / RR H3,"26,000",0,2,0,0,2,0,NEW_ONBOARDING,APPLIED,GEN-F0130-001-N-NE,"1,075",REGULAR,Pondok Indah,Aldy Arifiandy,B 4641 SVP,"28,747"
"Sep 15, 2025, 11:11",WO-143282816350744629,SPAREPART,be36f980-8aa3-406f-8391-a3bbbd3d4e01,Left front shock absorber assembly 6.42±0.04kg H3,"100,000",0,1,0,0,1,0,NEW_ONBOARDING,APPLIED,H3A-F0080-001-L-NE,846,REGULAR,Pondok Indah,Aldy Arifiandy,B 4641 SVP,"28,747"
"Sep 15, 2025, 11:11",WO-143282816350744629,SPAREPART,e8a03e11-4525-4103-881e-cebd198ed816,Right front shock absorber assembly H3,"100,000",0,1,0,0,1,0,NEW_ONBOARDING,APPLIED,H3A-F0090-001-R-NE,847,REGULAR,Pondok Indah,Aldy Arifiandy,B 4641 SVP,"28,747"
"Sep 15, 2025, 10:59",WO-143281889677996085,SPAREPART,ec86c430-e74c-451d-8d93-6d47384acc17,Tire 90/90-12 H3 (KENDA) H3,"100,000","100,000",1,0,0,1,"100,000",NOT_COVERED,APPLIED,GEN-F0500-001-N-MA,"1,741",REGULAR,Pondok Indah,Muhammad Syafrizal,B 4844 SVO,"44,289"
"Sep 15, 2025, 10:59",WO-143281889677996085,SPAREPART,87eede8f-1064-4c4e-912d-9319aa96d5b0,Brake Pad H3 FR / RR H3,"26,000",0,2,0,0,2,0,NEW_ONBOARDING,APPLIED,GEN-F0130-001-N-NE,"1,075",REGULAR,Pondok Indah,Muhammad Syafrizal,B 4844 SVO,"44,289"
"Sep 15, 2025, 10:58",WO-143276814704319197,SPAREPART,87eede8f-1064-4c4e-912d-9319aa96d5b0,Brake Pad H3 FR / RR H3,"26,000",0,1,0,0,1,0,NOT_COVERED,APPLIED,GEN-F0130-001-N-NE,"1,075",STORING,Pondok Indah,Eka Pitaloka,B 4756 SVO,"345,000"
"Sep 15, 2025, 10:45",WO-143280510439791325,SPAREPART,87eede8f-1064-4c4e-912d-9319aa96d5b0,Brake Pad H3 FR / RR H3,"26,000",0,1,0,0,1,0,NEW_ONBOARDING,APPLIED,GEN-F0130-001-N-NE,"1,075",REGULAR,Pondok Indah,Eka Pitaloka,B 4441 SWA,"39,200"
"Sep 15, 2025, 10:45",WO-143280510439791325,SPAREPART,d09f6b27-05e3-429e-8d59-5978689af06f,USB charging port H3,"12,627","39,000",1,0,0,1,"39,000",NOT_COVERED,APPLIED,H3A-E40010-001-N-NE,871,REGULAR,Pondok Indah,Eka Pitaloka,B 4441 SWA,"39,200"
"Sep 15, 2025, 10:42",WO-143279954610625245,SPAREPART,87eede8f-1064-4c4e-912d-9319aa96d5b0,Brake Pad H3 FR / RR H3,"26,000",0,2,0,0,2,0,NEW_ONBOARDING,APPLIED,GEN-F0130-001-N-NE,"1,075",REGULAR,Pondok Indah,Muhammad Riduwan,B 4102 SWB,"12,802"
"Sep 15, 2025, 10:41",WO-143279825526779957,SPAREPART,463f8523-bc11-4cf5-a0ff-0bd495b97556,Front left guard board H1,"38,410",0,1,0,0,1,0,NOT_COVERED,APPLIED,H1A-B1060-001-L-MA,"1,080",URGENT,Pondok Indah,Service Advisor PI,B 4432 SWD,"34,550"
"Sep 15, 2025, 10:41",WO-143279825526779957,SPAREPART,896fdeb6-7b61-42a5-b10c-b9b41044a9d4,Front fender of frame H1,"65,320",0,1,0,0,1,0,NOT_COVERED,APPLIED,H1A-B1050-001-F-MA,"1,062",URGENT,Pondok Indah,Service Advisor PI,B 4432 SWD,"34,550"
"Sep 15, 2025, 10:41",WO-143279825526779957,SPAREPART,c76a02c7-5801-40a8-9e68-bd1b06171a75,Front right guard board H1,"38,410",0,1,0,0,1,0,NOT_COVERED,APPLIED,H1A-B1080-001-R-MA,"1,081",URGENT,Pondok Indah,Service Advisor PI,B 4432 SWD,"34,550"
"Sep 15, 2025, 10:41",WO-143279825526779957,SPAREPART,6ca9d0ec-8ed4-4ddb-b584-24c2375890cc,front panel H1,"100,000",0,1,0,0,1,0,NOT_COVERED,APPLIED,H1A-B1070-001-F-MA,"1,079",URGENT,Pondok Indah,Service Advisor PI,B 4432 SWD,"34,550"
"Sep 15, 2025, 10:33",WO-143279338635194421,SPAREPART,ec86c430-e74c-451d-8d93-6d47384acc17,Tire 90/90-12 H3 (KENDA) H3,"135,796",0,1,0,0,1,0,NEW_ONBOARDING,APPLIED,GEN-F0500-001-N-MA,"1,741",REGULAR,Pondok Indah,Muhammad Syafrizal,B 3646 PWG,"30,188"
"Sep 15, 2025, 10:33",WO-143279338635194421,SPAREPART,87eede8f-1064-4c4e-912d-9319aa96d5b0,Brake Pad H3 FR / RR H3,"26,000",0,2,0,0,2,0,NEW_ONBOARDING,APPLIED,GEN-F0130-001-N-NE,"1,075",REGULAR,Pondok Indah,Muhammad Syafrizal,B 3646 PWG,"30,188"
"Sep 15, 2025, 10:30",WO-143213177616734941,SPAREPART,87eede8f-1064-4c4e-912d-9319aa96d5b0,Brake Pad H3 FR / RR H3,"26,000",0,2,0,0,2,0,NOT_COVERED,APPLIED,GEN-F0130-001-N-NE,"1,075",REPO_MAINTENANCE,Pondok Indah,Eka Pitaloka,B 4655 SVT,"51,769"
"Sep 15, 2025, 10:30",WO-143213177616734941,SPAREPART,1ac25aee-ff64-497d-a915-e4617a1892ae,Bearing Nachi 6201 H3,"13,967",0,1,0,0,1,0,NOT_COVERED,APPLIED,GEN-F0060-001-F-NE,"1,735",REPO_MAINTENANCE,Pondok Indah,Eka Pitaloka,B 4655 SVT,"51,769"
"Sep 15, 2025, 10:28",WO-143059336501981237,SPAREPART,fa116921-3f09-44e1-b709-86b1780d9253,Brake Pad Kit H5 -1-01 (Canvas Rem) H5,"39,500",0,1,0,0,1,0,NOT_COVERED,APPLIED,GEN-F1130-001-F-NE,"1,758",REPO_MAINTENANCE,Pondok Indah,Service Advisor PI,B 5096 SVL,"2,887"
"Sep 15, 2025, 10:28",WO-143059336501981237,SPAREPART,79e0bbc0-0b87-4142-8e3f-0b3ccdc86641,Brake Pad Kit H5 -2-01 (Canvas Rem) H5,"28,500",0,1,0,0,1,0,NOT_COVERED,APPLIED,GEN-F1140-001-R-NE,"1,759",REPO_MAINTENANCE,Pondok Indah,Service Advisor PI,B 5096 SVL,"2,887"
"Sep 15, 2025, 10:28",WO-143059336501981237,SPAREPART,d975b260-ec60-4b49-a22f-5224711e5e53,Mirror (Low rod) H5,0,0,1,0,0,1,0,NOT_COVERED,APPLIED,GEN-A0200-001-R-NE,986,REPO_MAINTENANCE,Pondok Indah,Service Advisor PI,B 5096 SVL,"2,887"
"Sep 15, 2025, 10:27",WO-143278662010018525,SPAREPART,0e63dd11-3dfb-40f2-9820-7fc9cc0b12bc,Front fork bearings H3,"42,021",0,1,0,0,1,0,NEW_ONBOARDING,APPLIED,GEN-F0100-001-F-NE,849,REGULAR,Pondok Indah,Hilman Zacky,B 4633 SVO,"49,282"
"Sep 15, 2025, 10:27",WO-143278662010018525,SPAREPART,ec86c430-e74c-451d-8d93-6d47384acc17,Tire 90/90-12 H3 (KENDA) H3,"100,000",0,1,0,0,1,0,NEW_ONBOARDING,APPLIED,GEN-F0500-001-N-MA,"1,741",REGULAR,Pondok Indah,Hilman Zacky,B 4633 SVO,"49,282"
"Sep 15, 2025, 10:27",WO-143278662010018525,SPAREPART,87eede8f-1064-4c4e-912d-9319aa96d5b0,Brake Pad H3 FR / RR H3,"26,000",0,2,0,0,2,0,NEW_ONBOARDING,APPLIED,GEN-F0130-001-N-NE,"1,075",REGULAR,Pondok Indah,Hilman Zacky,B 4633 SVO,"49,282"
"Sep 15, 2025, 10:26",WO-143215712251419357,SPAREPART,87eede8f-1064-4c4e-912d-9319aa96d5b0,Brake Pad H3 FR / RR H3,"26,000",0,2,0,0,2,0,NOT_COVERED,APPLIED,GEN-F0130-001-N-NE,"1,075",REPO_MAINTENANCE,Pondok Indah,Eka Pitaloka,B 4830 SVR,"28,111"
"Sep 15, 2025, 10:23",WO-143278389011159773,SPAREPART,87eede8f-1064-4c4e-912d-9319aa96d5b0,Brake Pad H3 FR / RR H3,"26,000",0,2,0,0,2,0,NEW_ONBOARDING,APPLIED,GEN-F0130-001-N-NE,"1,075",REGULAR,Pondok Indah,Service Advisor PI,B 3663 PWE,"29,955"
"Sep 15, 2025, 10:19",WO-143278005819600949,SPAREPART,87eede8f-1064-4c4e-912d-9319aa96d5b0,Brake Pad H3 FR / RR H3,"26,000",0,2,0,0,2,0,NEW_ONBOARDING,APPLIED,GEN-F0130-001-N-NE,"1,075",REGULAR,Pondok Indah,Muhammad Haikal Alfaidz,B 5209 BWJ,"31,828"
"Sep 15, 2025, 10:17",WO-143277727586250805,SPAREPART,87eede8f-1064-4c4e-912d-9319aa96d5b0,Brake Pad H3 FR / RR H3,"26,000",0,2,0,0,2,0,NEW_ONBOARDING,APPLIED,GEN-F0130-001-N-NE,"1,075",REGULAR,Pondok Indah,Hilman Zacky,B 3937 PWF,"41,828"
"Sep 15, 2025, 10:00",WO-143275931518169141,SPAREPART,5075f880-8de8-488e-9bca-4db3d05c3583,Brake pad Front H1 - Fr H1,"26,000",0,1,0,0,1,0,NEW_ONBOARDING,APPLIED,GEN-F1280-001-N-NE,"1,789",REGULAR,Pondok Indah,Hilman Zacky,B 4474 SWD,"7,976"
"Sep 15, 2025, 09:54",WO-143275427396382773,SPAREPART,87eede8f-1064-4c4e-912d-9319aa96d5b0,Brake Pad H3 FR / RR H3,"26,000",0,2,0,0,2,0,NEW_ONBOARDING,APPLIED,GEN-F0130-001-N-NE,"1,075",REGULAR,Pondok Indah,Randy,B 3674 PWE,"43,664"
"Sep 15, 2025, 09:46",WO-143163713803841589,SPAREPART,87eede8f-1064-4c4e-912d-9319aa96d5b0,Brake Pad H3 FR / RR H3,"26,000",0,2,0,0,2,0,NOT_COVERED,APPLIED,GEN-F0130-001-N-NE,"1,075",REPO_MAINTENANCE,Pondok Indah,Service Advisor PI,B 4363 SVP,"38,996"
"Sep 15, 2025, 09:46",WO-143274623834790621,SPAREPART,87eede8f-1064-4c4e-912d-9319aa96d5b0,Brake Pad H3 FR / RR H3,"26,000",0,2,0,0,2,0,NEW_ONBOARDING,APPLIED,GEN-F0130-001-N-NE,"1,075",REGULAR,Pondok Indah,Eka Pitaloka,B 4697 SVR,"42,283"
"Sep 15, 2025, 09:43",WO-143212613818445877,SPAREPART,ec86c430-e74c-451d-8d93-6d47384acc17,Tire 90/90-12 H3 (KENDA) H3,"100,000",0,1,0,0,1,0,NOT_COVERED,APPLIED,GEN-F0500-001-N-MA,"1,741",REPO_MAINTENANCE,Pondok Indah,Service Advisor PI,B 4820 SVS,"34,738"
"Sep 15, 2025, 09:43",WO-143212613818445877,SPAREPART,87eede8f-1064-4c4e-912d-9319aa96d5b0,Brake Pad H3 FR / RR H3,"26,000",0,2,0,0,2,0,NOT_COVERED,APPLIED,GEN-F0130-001-N-NE,"1,075",REPO_MAINTENANCE,Pondok Indah,Service Advisor PI,B 4820 SVS,"34,738"
"Sep 15, 2025, 09:43",WO-143212613818445877,SPAREPART,c52ca52a-85ef-43ad-8637-a9a65142da16,Rear disc brake disc H3,"26,519",0,1,0,0,1,0,NOT_COVERED,APPLIED,GEN-F0190-001-R-NE,854,REPO_MAINTENANCE,Pondok Indah,Service Advisor PI,B 4820 SVS,"34,738"
"Sep 15, 2025, 09:42",WO-143274176789147701,SPAREPART,9e2b03be-2181-46bf-8907-dc827cc41dc0,Steel bowl H1,"32,729",0,1,0,0,1,0,NEW_ONBOARDING,APPLIED,H1A-F1840-001-N-NE,"1,033",REGULAR,Pondok Indah,Service Advisor PI,B 4659 SWD,"3,300"
"Sep 15, 2025, 09:42",WO-143274176789147701,SPAREPART,c5c7195e-c912-44bc-9201-d8337d8bbb4e,M6 gasket stainless steel H1,"10,000",0,1,0,0,1,0,NEW_ONBOARDING,APPLIED,GEN-F2280-001-N-NE,"1,019",REGULAR,Pondok Indah,Service Advisor PI,B 4659 SWD,"3,300"
"Sep 15, 2025, 09:37",WO-143273741906877149,SPAREPART,fa116921-3f09-44e1-b709-86b1780d9253,Brake Pad Kit H5 -1-01 (Canvas Rem) H5,"39,500",0,1,0,0,1,0,NEW_ONBOARDING,APPLIED,GEN-F1130-001-F-NE,"1,758",REGULAR,Pondok Indah,Hilman Zacky,B 4668 SVN,"48,422"
"Sep 15, 2025, 09:37",WO-143273741906877149,SPAREPART,79e0bbc0-0b87-4142-8e3f-0b3ccdc86641,Brake Pad Kit H5 -2-01 (Canvas Rem) H5,"28,500",0,1,0,0,1,0,NEW_ONBOARDING,APPLIED,GEN-F1140-001-R-NE,"1,759",REGULAR,Pondok Indah,Hilman Zacky,B 4668 SVN,"48,422"
"Sep 15, 2025, 09:32",WO-143273198023088861,SPAREPART,87eede8f-1064-4c4e-912d-9319aa96d5b0,Brake Pad H3 FR / RR H3,"26,000",0,1,0,0,1,0,NEW_ONBOARDING,APPLIED,GEN-F0130-001-N-NE,"1,075",REGULAR,Pondok Indah,Service Advisor PI,B 4096 SVP,"60,793"
"Sep 15, 2025, 09:32",WO-143273198023088861,SPAREPART,ec86c430-e74c-451d-8d93-6d47384acc17,Tire 90/90-12 H3 (KENDA) H3,"100,000",0,1,0,0,1,0,NOT_COVERED,APPLIED,GEN-F0500-001-N-MA,"1,741",REGULAR,Pondok Indah,Service Advisor PI,B 4096 SVP,"60,793"
"Sep 15, 2025, 09:28",WO-143265134691752669,SPAREPART,24f4995a-befd-4ad6-a490-c6318261742f,Cover Plat Nomer H3,"18,500",0,1,0,0,1,0,NOT_COVERED,APPLIED,GEN-A0140-001-N-MA,"1,738",REGULAR,Pondok Indah,Service Advisor PI,B 4070 SVP,"45,813"
"Sep 15, 2025, 09:19",WO-143271932081478365,SPAREPART,ec86c430-e74c-451d-8d93-6d47384acc17,Tire 90/90-12 H3 (KENDA) H3,"100,000",0,1,0,0,1,0,NOT_COVERED,APPLIED,GEN-F0500-001-N-MA,"1,741",REGULAR,Pondok Indah,Service Advisor PI,B 4214 SVT,"37,634"
"Sep 15, 2025, 09:19",WO-143271932081478365,SPAREPART,87eede8f-1064-4c4e-912d-9319aa96d5b0,Brake Pad H3 FR / RR H3,"26,000",0,2,0,0,2,0,NEW_ONBOARDING,APPLIED,GEN-F0130-001-N-NE,"1,075",REGULAR,Pondok Indah,Service Advisor PI,B 4214 SVT,"37,634"
"Sep 15, 2025, 09:16",WO-143213442042436317,SPAREPART,0e63dd11-3dfb-40f2-9820-7fc9cc0b12bc,Front fork bearings H3,"42,021",0,1,0,0,1,0,NOT_COVERED,APPLIED,GEN-F0100-001-F-NE,849,REPO_MAINTENANCE,Pondok Indah,Eka Pitaloka,B 3519 PWE,"37,981"
"Sep 15, 2025, 09:16",WO-143213442042436317,SPAREPART,87eede8f-1064-4c4e-912d-9319aa96d5b0,Brake Pad H3 FR / RR H3,"26,000",0,2,0,0,2,0,NOT_COVERED,APPLIED,GEN-F0130-001-N-NE,"1,075",REPO_MAINTENANCE,Pondok Indah,Eka Pitaloka,B 3519 PWE,"37,981"
"Sep 15, 2025, 09:14",WO-143212886095884341,SPAREPART,87eede8f-1064-4c4e-912d-9319aa96d5b0,Brake Pad H3 FR / RR H3,"26,000",0,2,0,0,2,0,NOT_COVERED,APPLIED,GEN-F0130-001-N-NE,"1,075",REPO_MAINTENANCE,Pondok Indah,Eka Pitaloka,B 4655 SWA,"6,972"
"Sep 15, 2025, 09:07",WO-143270627367776309,SPAREPART,ec86c430-e74c-451d-8d93-6d47384acc17,Tire 90/90-12 H3 (KENDA) H3,"100,000",0,1,0,0,1,0,NOT_COVERED,APPLIED,GEN-F0500-001-N-MA,"1,741",REGULAR,Pondok Indah,Service Advisor PI,B 4590 SWA,"22,022"
"Sep 15, 2025, 08:56",WO-143265134691752669,SPAREPART,87eede8f-1064-4c4e-912d-9319aa96d5b0,Brake Pad H3 FR / RR H3,"26,000",0,2,0,0,2,0,NEW_ONBOARDING,APPLIED,GEN-F0130-001-N-NE,"1,075",REGULAR,Pondok Indah,Service Advisor PI,B 4070 SVP,"45,813"
"Sep 15, 2025, 08:56",WO-143265134691752669,SPAREPART,849a10fd-aa14-4894-927f-c8045f2bc1f9,Front disc brake assembly without logo H3,"177,790",0,1,0,0,1,0,NEW_ONBOARDING,APPLIED,H3A-F0120-001-F-NE,850,REGULAR,Pondok Indah,Service Advisor PI,B 4070 SVP,"45,813"
"Sep 15, 2025, 08:24",WO-143264381730298589,SPAREPART,87eede8f-1064-4c4e-912d-9319aa96d5b0,Brake Pad H3 FR / RR H3,"26,000",0,2,0,0,2,0,NOT_COVERED,APPLIED,GEN-F0130-001-N-NE,"1,075",URGENT,Pondok Indah,Eka Pitaloka,B 4078 SWB,"20,031"
"Sep 14, 2025, 22:18",WO-143204847947149365,SPAREPART,87eede8f-1064-4c4e-912d-9319aa96d5b0,Brake Pad H3 FR / RR H3,"26,000",0,2,0,0,2,0,NOT_COVERED,APPLIED,GEN-F0130-001-N-NE,"1,075",URGENT,Pondok Indah,Service Advisor PI,B 4197 SWA,"12,031"
"Sep 14, 2025, 19:46",WO-143183397957726261,SPAREPART,1ac25aee-ff64-497d-a915-e4617a1892ae,Bearing Nachi 6201 H3,"13,967",0,1,0,0,1,0,NEW_ONBOARDING,APPLIED,GEN-F0060-001-F-NE,"1,735",URGENT,Pondok Indah,Service Advisor PI,B 5336 SVL,"48,828"
"Sep 14, 2025, 19:36",WO-143188310326516445,SPAREPART,87eede8f-1064-4c4e-912d-9319aa96d5b0,Brake Pad H3 FR / RR H3,"26,000",0,2,0,0,2,0,NOT_COVERED,APPLIED,GEN-F0130-001-N-NE,"1,075",URGENT,Pondok Indah,Service Advisor PI,B 4293 SVP,"52,422"
"Sep 14, 2025, 18:54",WO-143150180546441269,SPAREPART,87eede8f-1064-4c4e-912d-9319aa96d5b0,Brake Pad H3 FR / RR H3,"26,000",0,2,0,0,2,0,NOT_COVERED,APPLIED,GEN-F0130-001-N-NE,"1,075",STORING,Pondok Indah,Service Advisor PI,B 4775 SVT,"468,103"
"Sep 14, 2025, 18:50",WO-143184408080292573,SPAREPART,fa116921-3f09-44e1-b709-86b1780d9253,Brake Pad Kit H5 -1-01 (Canvas Rem) H5,"39,500",0,1,0,0,1,0,NOT_COVERED,APPLIED,GEN-F1130-001-F-NE,"1,758",URGENT,Pondok Indah,Service Advisor PI,B 5293 SVL,0
"Sep 14, 2025, 18:50",WO-143184408080292573,SPAREPART,79e0bbc0-0b87-4142-8e3f-0b3ccdc86641,Brake Pad Kit H5 -2-01 (Canvas Rem) H5,"28,500",0,1,0,0,1,0,NOT_COVERED,APPLIED,GEN-F1140-001-R-NE,"1,759",URGENT,Pondok Indah,Service Advisor PI,B 5293 SVL,0
"Sep 14, 2025, 18:40",WO-143183397957726261,SPAREPART,fa116921-3f09-44e1-b709-86b1780d9253,Brake Pad Kit H5 -1-01 (Canvas Rem) H5,"39,500",0,1,0,0,1,0,NOT_COVERED,APPLIED,GEN-F1130-001-F-NE,"1,758",URGENT,Pondok Indah,Service Advisor PI,B 5336 SVL,"48,828"
"Sep 14, 2025, 18:40",WO-143183397957726261,SPAREPART,79e0bbc0-0b87-4142-8e3f-0b3ccdc86641,Brake Pad Kit H5 -2-01 (Canvas Rem) H5,"28,500",0,1,0,0,1,0,NOT_COVERED,APPLIED,GEN-F1140-001-R-NE,"1,759",URGENT,Pondok Indah,Service Advisor PI,B 5336 SVL,"48,828"
"Sep 14, 2025, 18:24",WO-143181617861554229,SPAREPART,79e0bbc0-0b87-4142-8e3f-0b3ccdc86641,Brake Pad Kit H5 -2-01 (Canvas Rem) H5,"28,500",0,1,0,0,1,0,NOT_COVERED,APPLIED,GEN-F1140-001-R-NE,"1,759",URGENT,Pondok Indah,Service Advisor PI,B 4281 SVM,"77,929"
"Sep 14, 2025, 18:24",WO-143181617861554229,SPAREPART,fa116921-3f09-44e1-b709-86b1780d9253,Brake Pad Kit H5 -1-01 (Canvas Rem) H5,"39,500",0,1,0,0,1,0,NOT_COVERED,APPLIED,GEN-F1130-001-F-NE,"1,758",URGENT,Pondok Indah,Service Advisor PI,B 4281 SVM,"77,929"
"Sep 14, 2025, 18:24",WO-143181617861554229,SPAREPART,37dc324d-ba63-404f-b663-747c4a4566a1,disc Brake H5,"70,000","100,000",1,0,0,1,"100,000",NOT_COVERED,APPLIED,GEN-F1120-001-R-NE,"1,761",URGENT,Pondok Indah,Service Advisor PI,B 4281 SVM,"77,929"
"Sep 14, 2025, 18:24",WO-143181617861554229,SPAREPART,1ac25aee-ff64-497d-a915-e4617a1892ae,Bearing Nachi 6201 H3,"13,967","13,500",2,0,0,2,"27,000",NOT_COVERED,APPLIED,GEN-F0060-001-F-NE,"1,735",URGENT,Pondok Indah,Service Advisor PI,B 4281 SVM,"77,929"
"Sep 14, 2025, 17:30",WO-143176335957695197,SPAREPART,79e0bbc0-0b87-4142-8e3f-0b3ccdc86641,Brake Pad Kit H5 -2-01 (Canvas Rem) H5,"28,500",0,1,0,0,1,0,NOT_COVERED,APPLIED,GEN-F1140-001-R-NE,"1,759",URGENT,Pondok Indah,Service Advisor PI,B 4775 SVN,"38,497"
"Sep 14, 2025, 17:30",WO-143176335957695197,SPAREPART,fa116921-3f09-44e1-b709-86b1780d9253,Brake Pad Kit H5 -1-01 (Canvas Rem) H5,"39,500",0,1,0,0,1,0,NOT_COVERED,APPLIED,GEN-F1130-001-F-NE,"1,758",URGENT,Pondok Indah,Service Advisor PI,B 4775 SVN,"38,497"
"Sep 14, 2025, 16:40",WO-143159392747974709,SPAREPART,00c93cf0-bacc-4e53-aab2-4aeeebf5bf3b,Air tape PVR 50 (5 mm) H3,"3,500","3,500",1,0,0,1,"3,500",NOT_COVERED,APPLIED,GEN-F0420-002-N-NE,"1,740",STORING,Pondok Indah,Ahmad Agus Sudiro Parhusnan Marzuki,B 4595 SWA,"15,387"
"Sep 14, 2025, 16:37",WO-143170942670008373,SPAREPART,79e0bbc0-0b87-4142-8e3f-0b3ccdc86641,Brake Pad Kit H5 -2-01 (Canvas Rem) H5,"28,500",0,1,0,0,1,0,PREVIOUS_SERVICE,APPLIED,GEN-F1140-001-R-NE,"1,759",STORING,Pondok Indah,Syahrul Mulya,B 5539 SVL,"22,555"
"Sep 14, 2025, 16:37",WO-143170942670008373,SPAREPART,fa116921-3f09-44e1-b709-86b1780d9253,Brake Pad Kit H5 -1-01 (Canvas Rem) H5,"39,500",0,1,0,0,1,0,PREVIOUS_SERVICE,APPLIED,GEN-F1130-001-F-NE,"1,758",STORING,Pondok Indah,Syahrul Mulya,B 5539 SVL,"22,555"
"Sep 14, 2025, 16:36",WO-142861651706649309,SPAREPART,ec86c430-e74c-451d-8d93-6d47384acc17,Tire 90/90-12 H3 (KENDA) H3,"100,000",0,1,0,0,1,0,NOT_COVERED,APPLIED,GEN-F0500-001-N-MA,"1,741",WALK_IN_MAINTENANCE,Pondok Indah,Service Advisor PI,B 3844 PWF,"40,578"
"Sep 14, 2025, 16:36",WO-142861651706649309,SPAREPART,c52ca52a-85ef-43ad-8637-a9a65142da16,Rear disc brake disc H3,"26,519",0,1,0,0,1,0,NOT_COVERED,APPLIED,GEN-F0190-001-R-NE,854,WALK_IN_MAINTENANCE,Pondok Indah,Service Advisor PI,B 3844 PWF,"40,578"
"Sep 14, 2025, 16:36",WO-142861651706649309,SPAREPART,87eede8f-1064-4c4e-912d-9319aa96d5b0,Brake Pad H3 FR / RR H3,"26,000",0,2,0,0,2,0,NOT_COVERED,APPLIED,GEN-F0130-001-N-NE,"1,075",WALK_IN_MAINTENANCE,Pondok Indah,Service Advisor PI,B 3844 PWF,"40,578"
"Sep 14, 2025, 16:36",WO-142861651706649309,SPAREPART,24f4995a-befd-4ad6-a490-c6318261742f,Cover Plat Nomer H3,"18,500",0,1,0,0,1,0,NOT_COVERED,APPLIED,GEN-A0140-001-N-MA,"1,738",WALK_IN_MAINTENANCE,Pondok Indah,Service Advisor PI,B 3844 PWF,"40,578"
"Sep 14, 2025, 16:28",WO-143059177151929053,SPAREPART,87eede8f-1064-4c4e-912d-9319aa96d5b0,Brake Pad H3 FR / RR H3,"26,000",0,2,0,0,2,0,NOT_COVERED,APPLIED,GEN-F0130-001-N-NE,"1,075",REPO_MAINTENANCE,Pondok Indah,Service Advisor PI,B 5296 SVL,"24,456"
"Sep 14, 2025, 16:18",WO-143059049393483829,SPAREPART,79e0bbc0-0b87-4142-8e3f-0b3ccdc86641,Brake Pad Kit H5 -2-01 (Canvas Rem) H5,"28,500",0,1,0,0,1,0,NOT_COVERED,APPLIED,GEN-F1140-001-R-NE,"1,759",REPO_MAINTENANCE,Pondok Indah,Service Advisor PI,B 4013 SVO,"50,173"
"Sep 14, 2025, 16:18",WO-143059049393483829,SPAREPART,fa116921-3f09-44e1-b709-86b1780d9253,Brake Pad Kit H5 -1-01 (Canvas Rem) H5,"39,500",0,1,0,0,1,0,NOT_COVERED,APPLIED,GEN-F1130-001-F-NE,"1,758",REPO_MAINTENANCE,Pondok Indah,Service Advisor PI,B 4013 SVO,"50,173"
"Sep 14, 2025, 16:05",WO-143167759360989917,SPAREPART,87eede8f-1064-4c4e-912d-9319aa96d5b0,Brake Pad H3 FR / RR H3,"26,000",0,2,0,0,2,0,NOT_COVERED,APPLIED,GEN-F0130-001-N-NE,"1,075",REGULAR,Pondok Indah,Service Advisor PI,B 4130 SWB,"15,055"
"Sep 14, 2025, 15:50",WO-143166133900472373,SPAREPART,d09f6b27-05e3-429e-8d59-5978689af06f,USB charging port H3,"12,627",0,1,0,0,1,0,NEW_ONBOARDING,APPLIED,H3A-E40010-001-N-NE,871,REGULAR,Pondok Indah,M. Risky Julio Hardianto,B 4612 SVO,"7,895"
"Sep 14, 2025, 15:16",WO-143162835969568821,SPAREPART,87eede8f-1064-4c4e-912d-9319aa96d5b0,Brake Pad H3 FR / RR H3,"26,000",0,2,0,0,2,0,NOT_COVERED,APPLIED,GEN-F0130-001-N-NE,"1,075",URGENT,Pondok Indah,Service Advisor PI,B 5128 SVL,"82,805"
"Sep 14, 2025, 14:50",WO-143151324484137013,SPAREPART,87eede8f-1064-4c4e-912d-9319aa96d5b0,Brake Pad H3 FR / RR H3,"26,000",0,1,0,0,1,0,NEW_ONBOARDING,APPLIED,GEN-F0130-001-N-NE,"1,075",STORING,Pondok Indah,Muhammad Syafrizal,B 4282 SVT,"260,139"
"Sep 14, 2025, 14:50",WO-143151324484137013,SPAREPART,ec86c430-e74c-451d-8d93-6d47384acc17,Tire 90/90-12 H3 (KENDA) H3,"100,000",0,1,0,0,1,0,NEW_ONBOARDING,APPLIED,GEN-F0500-001-N-MA,"1,741",STORING,Pondok Indah,Muhammad Syafrizal,B 4282 SVT,"260,139"
"Sep 14, 2025, 14:09",WO-143120202043813941,SPAREPART,87eede8f-1064-4c4e-912d-9319aa96d5b0,Brake Pad H3 FR / RR H3,"26,000",0,1,0,0,1,0,NOT_COVERED,APPLIED,GEN-F0130-001-N-NE,"1,075",STORING,Pondok Indah,Eka Pitaloka,B 4600 SVO,"463,978"
"Sep 14, 2025, 14:07",WO-143038215194942173,SPAREPART,87eede8f-1064-4c4e-912d-9319aa96d5b0,Brake Pad H3 FR / RR H3,"26,000",0,2,0,0,2,0,NOT_COVERED,APPLIED,GEN-F0130-001-N-NE,"1,075",REPO_MAINTENANCE,Pondok Indah,Service Advisor PI,B 4710 SVP,"17,945"
"Sep 14, 2025, 14:07",WO-143038215194942173,SPAREPART,c52ca52a-85ef-43ad-8637-a9a65142da16,Rear disc brake disc H3,"26,519",0,1,0,0,1,0,NOT_COVERED,APPLIED,GEN-F0190-001-R-NE,854,REPO_MAINTENANCE,Pondok Indah,Service Advisor PI,B 4710 SVP,"17,945"
"Sep 14, 2025, 13:59",WO-143153735940446941,SPAREPART,2a5242b1-6585-4471-b297-f3a03b0140ea,Front Controller H5,"100,000",0,1,0,0,1,0,NEW_ONBOARDING,APPLIED,H5A-E30030-001-F-NE,"1,757",URGENT,Pondok Indah,Muhammad Syafrizal,B 4052 SVO,"45,600"
"Sep 14, 2025, 13:39",WO-143144477383520309,SPAREPART,87eede8f-1064-4c4e-912d-9319aa96d5b0,Brake Pad H3 FR / RR H3,"26,000","26,000",2,0,0,2,"52,000",NOT_COVERED,APPLIED,GEN-F0130-001-N-NE,"1,075",STORING,Pondok Indah,Ahmad Agus Sudiro Parhusnan Marzuki,B 4866 SWC,"47,054"
"Sep 14, 2025, 13:28",WO-143128789528932405,SPAREPART,79e0bbc0-0b87-4142-8e3f-0b3ccdc86641,Brake Pad Kit H5 -2-01 (Canvas Rem) H5,"28,500",0,1,0,0,1,0,NOT_COVERED,APPLIED,GEN-F1140-001-R-NE,"1,759",STORING,Pondok Indah,Service Advisor PI,B 5531 SVL,"484,403"
"Sep 14, 2025, 13:11",WO-143150180546441269,SPAREPART,c52ca52a-85ef-43ad-8637-a9a65142da16,Rear disc brake disc H3,"26,519","80,000",1,0,0,1,"80,000",NOT_COVERED,APPLIED,GEN-F0190-001-R-NE,854,STORING,Pondok Indah,Service Advisor PI,B 4775 SVT,"468,103"
"Sep 14, 2025, 13:01",WO-143149272278244061,SPAREPART,999f14b8-db39-41e5-a31a-b5e0b7e8d909,Tires (far star) H5,"100,000",0,1,0,0,1,0,NOT_COVERED,APPLIED,GEN-F1090-001-N-NE,982,STORING,Pondok Indah,Service Advisor PI,B 5189 SVL,"40,555"
"Sep 14, 2025, 13:01",WO-143149272278244061,SPAREPART,79e0bbc0-0b87-4142-8e3f-0b3ccdc86641,Brake Pad Kit H5 -2-01 (Canvas Rem) H5,"28,500",0,1,0,0,1,0,NOT_COVERED,APPLIED,GEN-F1140-001-R-NE,"1,759",STORING,Pondok Indah,Service Advisor PI,B 5189 SVL,"40,555"
"Sep 14, 2025, 12:07",WO-143143391042007093,SPAREPART,f4d5b5d2-b179-40ff-8580-5da9da3f02b9,Central throttle switch (Lynk & co) H5,"38,916",0,1,0,0,1,0,NOT_COVERED,APPLIED,H5A-E70100-001-N-BL,948,STORING,Pondok Indah,Service Advisor PI,B 4903 SVN,"436,000"
"Sep 14, 2025, 11:58",WO-142906829981096669,SPAREPART,0e63dd11-3dfb-40f2-9820-7fc9cc0b12bc,Front fork bearings H3,"42,021",0,1,0,0,1,0,NOT_COVERED,APPLIED,GEN-F0100-001-F-NE,849,WALK_IN_MAINTENANCE,Pondok Indah,Service Advisor PI,B 4311 SWA,"2,435"
"Sep 14, 2025, 11:58",WO-143142982818732765,SPAREPART,87eede8f-1064-4c4e-912d-9319aa96d5b0,Brake Pad H3 FR / RR H3,"26,000",0,2,0,0,2,0,NOT_COVERED,APPLIED,GEN-F0130-001-N-NE,"1,075",STORING,Pondok Indah,Eka Pitaloka,B 5344 SVL,"74,661"
"Sep 14, 2025, 11:56",WO-143142786240147509,SPAREPART,87eede8f-1064-4c4e-912d-9319aa96d5b0,Brake Pad H3 FR / RR H3,"26,000",0,2,0,0,2,0,NOT_COVERED,APPLIED,GEN-F0130-001-N-NE,"1,075",STORING,Pondok Indah,Service Advisor PI,B 4857 SVR,"471,524"
"Sep 14, 2025, 11:32",WO-143030153239392309,SPAREPART,87eede8f-1064-4c4e-912d-9319aa96d5b0,Brake Pad H3 FR / RR H3,"26,000",0,2,0,0,2,0,NOT_COVERED,APPLIED,GEN-F0130-001-N-NE,"1,075",STORING,Pondok Indah,Eka Pitaloka,B 4656 SVT,"42,840"
"Sep 14, 2025, 11:27",WO-142907088115342045,SPAREPART,87eede8f-1064-4c4e-912d-9319aa96d5b0,Brake Pad H3 FR / RR H3,"26,000",0,2,0,0,2,0,NOT_COVERED,APPLIED,GEN-F0130-001-N-NE,"1,075",WALK_IN_MAINTENANCE,Pondok Indah,Service Advisor PI,B 4275 SWA,"3,254"
"Sep 14, 2025, 11:27",WO-142907088115342045,SPAREPART,ec86c430-e74c-451d-8d93-6d47384acc17,Tire 90/90-12 H3 (KENDA) H3,"100,000",0,1,0,0,1,0,NOT_COVERED,APPLIED,GEN-F0500-001-N-MA,"1,741",WALK_IN_MAINTENANCE,Pondok Indah,Service Advisor PI,B 4275 SWA,"3,254"
"Sep 14, 2025, 11:25",WO-143063101493746397,SPAREPART,999f14b8-db39-41e5-a31a-b5e0b7e8d909,Tires (far star) H5,"100,000",0,1,0,0,1,0,NOT_COVERED,APPLIED,GEN-F1090-001-N-NE,982,STORING,Pondok Indah,Service Advisor PI,B 4179 SVO,"2,422"
"Sep 14, 2025, 11:25",WO-143063101493746397,SPAREPART,79e0bbc0-0b87-4142-8e3f-0b3ccdc86641,Brake Pad Kit H5 -2-01 (Canvas Rem) H5,"28,500",0,1,0,0,1,0,NOT_COVERED,APPLIED,GEN-F1140-001-R-NE,"1,759",STORING,Pondok Indah,Service Advisor PI,B 4179 SVO,"2,422"
"Sep 14, 2025, 11:25",WO-143063101493746397,SPAREPART,fa116921-3f09-44e1-b709-86b1780d9253,Brake Pad Kit H5 -1-01 (Canvas Rem) H5,"39,500",0,1,0,0,1,0,NOT_COVERED,APPLIED,GEN-F1130-001-F-NE,"1,758",STORING,Pondok Indah,Service Advisor PI,B 4179 SVO,"2,422"
"Sep 14, 2025, 10:21",WO-143133156671757021,SPAREPART,87eede8f-1064-4c4e-912d-9319aa96d5b0,Brake Pad H3 FR / RR H3,"26,000",0,2,0,0,2,0,NEW_ONBOARDING,APPLIED,GEN-F0130-001-N-NE,"1,075",STORING,Pondok Indah,Service Advisor PI,B 4076 SVT,"50,000"
"Sep 14, 2025, 10:18",WO-143060395043592925,SPAREPART,87eede8f-1064-4c4e-912d-9319aa96d5b0,Brake Pad H3 FR / RR H3,"26,000",0,2,0,0,2,0,NOT_COVERED,APPLIED,GEN-F0130-001-N-NE,"1,075",REPO_MAINTENANCE,Pondok Indah,Service Advisor PI,B 4066 SVP,"44,274"
"Sep 14, 2025, 10:18",WO-143060395043592925,SPAREPART,0e63dd11-3dfb-40f2-9820-7fc9cc0b12bc,Front fork bearings H3,"42,021",0,1,0,0,1,0,NOT_COVERED,APPLIED,GEN-F0100-001-F-NE,849,REPO_MAINTENANCE,Pondok Indah,Service Advisor PI,B 4066 SVP,"44,274"
"Sep 14, 2025, 10:18",WO-143060395043592925,SPAREPART,1ac25aee-ff64-497d-a915-e4617a1892ae,Bearing Nachi 6201 H3,"13,967",0,1,0,0,1,0,NOT_COVERED,APPLIED,GEN-F0060-001-F-NE,"1,735",REPO_MAINTENANCE,Pondok Indah,Service Advisor PI,B 4066 SVP,"44,274"
"Sep 14, 2025, 10:12",WO-143132289474293813,SPAREPART,ec86c430-e74c-451d-8d93-6d47384acc17,Tire 90/90-12 H3 (KENDA) H3,"100,000","100,000",1,0,0,1,"100,000",NOT_COVERED,APPLIED,GEN-F0500-001-N-MA,"1,741",URGENT,Pondok Indah,Service Advisor PI,B 3974 PWF,"437,963"
"Sep 14, 2025, 10:12",WO-143132289474293813,SPAREPART,87eede8f-1064-4c4e-912d-9319aa96d5b0,Brake Pad H3 FR / RR H3,"26,000",0,2,0,0,2,0,NOT_COVERED,APPLIED,GEN-F0130-001-N-NE,"1,075",URGENT,Pondok Indah,Service Advisor PI,B 3974 PWF,"437,963"
"Sep 14, 2025, 10:00",WO-143130911125281501,SPAREPART,87eede8f-1064-4c4e-912d-9319aa96d5b0,Brake Pad H3 FR / RR H3,"26,000",0,2,0,0,2,0,NOT_COVERED,APPLIED,GEN-F0130-001-N-NE,"1,075",STORING,Pondok Indah,Eka Pitaloka,B 4280 SVP,"577,100"
"Sep 14, 2025, 10:00",WO-143130911125281501,SPAREPART,ec86c430-e74c-451d-8d93-6d47384acc17,Tire 90/90-12 H3 (KENDA) H3,"100,000","100,000",1,0,0,1,"100,000",NOT_COVERED,APPLIED,GEN-F0500-001-N-MA,"1,741",STORING,Pondok Indah,Eka Pitaloka,B 4280 SVP,"577,100"
"Sep 14, 2025, 09:49",WO-143129994099486773,SPAREPART,87eede8f-1064-4c4e-912d-9319aa96d5b0,Brake Pad H3 FR / RR H3,"26,000",0,2,0,0,2,0,NEW_ONBOARDING,APPLIED,GEN-F0130-001-N-NE,"1,075",STORING,Pondok Indah,Service Advisor PI,B 4564 SVP,"484,403"
"Sep 14, 2025, 09:48",WO-143129650585989173,SPAREPART,5123303c-4006-4550-babc-615aa591fd41,Bearing Nachi 6204 H3,"24,000","24,000",1,0,0,1,"24,000",NOT_COVERED,APPLIED,GEN-F0240-001-N-NE,"1,736",URGENT,Pondok Indah,Service Advisor PI,B 5070 SVL,"77,079"
"Sep 14, 2025, 09:37",WO-143128789528932405,SPAREPART,999f14b8-db39-41e5-a31a-b5e0b7e8d909,Tires (far star) H5,"100,000",0,1,0,0,1,0,NOT_COVERED,APPLIED,GEN-F1090-001-N-NE,982,STORING,Pondok Indah,Service Advisor PI,B 5531 SVL,"484,403"
"Sep 14, 2025, 09:21",WO-143127200374201053,SPAREPART,87eede8f-1064-4c4e-912d-9319aa96d5b0,Brake Pad H3 FR / RR H3,"26,000",0,2,0,0,2,0,NEW_ONBOARDING,APPLIED,GEN-F0130-001-N-NE,"1,075",STORING,Pondok Indah,Service Advisor PI,B 4574 SVR,"48,666"
"Sep 14, 2025, 09:11",WO-143126195569957597,SPAREPART,ec86c430-e74c-451d-8d93-6d47384acc17,Tire 90/90-12 H3 (KENDA) H3,"100,000",0,1,0,0,1,0,NOT_COVERED,APPLIED,GEN-F0500-001-N-MA,"1,741",STORING,Pondok Indah,Service Advisor PI,B 4647 SVP,"532,789"
"Sep 14, 2025, 09:02",WO-143114008365374173,SPAREPART,6f887a0a-e2ae-4556-afe9-b554bb26559f,Headlight H3,"427,432",0,1,0,0,1,0,NEW_ONBOARDING,APPLIED,H3A-E60030-001-N-NE,821,STORING,Pondok Indah,Service Advisor PI,B 4385 SVP,"54,000"
"Sep 14, 2025, 08:58",WO-143113510300162781,SPAREPART,87eede8f-1064-4c4e-912d-9319aa96d5b0,Brake Pad H3 FR / RR H3,"26,000","26,000",2,0,0,2,"52,000",NOT_COVERED,APPLIED,GEN-F0130-001-N-NE,"1,075",STORING,Pondok Indah,Ahmad Agus Sudiro Parhusnan Marzuki,B 4968 SWB,"65,000"
"Sep 14, 2025, 08:58",WO-143113510300162781,SPAREPART,ec86c430-e74c-451d-8d93-6d47384acc17,Tire 90/90-12 H3 (KENDA) H3,"135,796","135,796",2,0,0,2,"271,592",NOT_COVERED,APPLIED,GEN-F0500-001-N-MA,"1,741",STORING,Pondok Indah,Ahmad Agus Sudiro Parhusnan Marzuki,B 4968 SWB,"65,000"
"Sep 14, 2025, 08:51",WO-143124119574026973,SPAREPART,87eede8f-1064-4c4e-912d-9319aa96d5b0,Brake Pad H3 FR / RR H3,"26,000",0,2,0,0,2,0,NOT_COVERED,APPLIED,GEN-F0130-001-N-NE,"1,075",STORING,Pondok Indah,Eka Pitaloka,B 4815 SVT,"45,000"
"Sep 14, 2025, 08:27",WO-143121762140297949,SPAREPART,87eede8f-1064-4c4e-912d-9319aa96d5b0,Brake Pad H3 FR / RR H3,"26,000",0,1,0,0,1,0,NOT_COVERED,APPLIED,GEN-F0130-001-N-NE,"1,075",STORING,Pondok Indah,Eka Pitaloka,B 4832 SVS,"510,625"
"Sep 14, 2025, 08:20",WO-143063746745473757,SPAREPART,78dbc5c8-3366-4e63-846e-172f3415433f,USB charging interface H5,"74,359",0,1,0,0,1,0,NEW_ONBOARDING,APPLIED,H5A-E40030-001-N-NE,988,STORING,Pondok Indah,Ahmad Agus Sudiro Parhusnan Marzuki,B 4065 SVO,"27,158"
"Sep 14, 2025, 08:13",WO-143120202043813941,SPAREPART,ec86c430-e74c-451d-8d93-6d47384acc17,Tire 90/90-12 H3 (KENDA) H3,"100,000","100,000",1,0,0,1,"100,000",NOT_COVERED,APPLIED,GEN-F0500-001-N-MA,"1,741",STORING,Pondok Indah,Eka Pitaloka,B 4600 SVO,"463,978"
"Sep 14, 2025, 07:40",WO-143114424910147637,SPAREPART,87eede8f-1064-4c4e-912d-9319aa96d5b0,Brake Pad H3 FR / RR H3,"26,000",0,2,0,0,2,0,NOT_COVERED,APPLIED,GEN-F0130-001-N-NE,"1,075",STORING,Pondok Indah,Eka Pitaloka,B 4492 SWA,"160,277"
"Sep 13, 2025, 20:56",WO-143049845798662197,SPAREPART,ec86c430-e74c-451d-8d93-6d47384acc17,Tire 90/90-12 H3 (KENDA) H3,"100,000",0,1,0,0,1,0,NOT_COVERED,APPLIED,GEN-F0500-001-N-MA,"1,741",STORING,Pondok Indah,Service Advisor PI,B 4262 SVP,"32,244"
"Sep 13, 2025, 20:27",WO-142881345675259957,SPAREPART,87eede8f-1064-4c4e-912d-9319aa96d5b0,Brake Pad H3 FR / RR H3,"26,000",0,1,0,0,1,0,NEW_ONBOARDING,APPLIED,GEN-F0130-001-N-NE,"1,075",STORING,Pondok Indah,Muhammad Riduwan,B 4895 SVT,"3,245"
"Sep 13, 2025, 20:14",WO-143039031037456437,SPAREPART,87eede8f-1064-4c4e-912d-9319aa96d5b0,Brake Pad H3 FR / RR H3,"26,000",0,1,0,0,1,0,NEW_ONBOARDING,APPLIED,GEN-F0130-001-N-NE,"1,075",STORING,Pondok Indah,Muhammad Riduwan,B 4843 SVR,"70,182"
"Sep 13, 2025, 19:44",WO-143023289076346933,SPAREPART,87eede8f-1064-4c4e-912d-9319aa96d5b0,Brake Pad H3 FR / RR H3,"26,000",0,1,0,0,1,0,NEW_ONBOARDING,APPLIED,GEN-F0130-001-N-NE,"1,075",STORING,Pondok Indah,Muhammad Riduwan,B 5242 BWJ,"29,078"
"Sep 13, 2025, 19:30",WO-143035676835770421,SPAREPART,79e0bbc0-0b87-4142-8e3f-0b3ccdc86641,Brake Pad Kit H5 -2-01 (Canvas Rem) H5,"28,500",0,1,0,0,1,0,NEW_ONBOARDING,APPLIED,GEN-F1140-001-R-NE,"1,759",STORING,Pondok Indah,Muhammad Riduwan,B 4675 SVN,"44,969"
"Sep 13, 2025, 19:30",WO-143035676835770421,SPAREPART,fa116921-3f09-44e1-b709-86b1780d9253,Brake Pad Kit H5 -1-01 (Canvas Rem) H5,"39,500",0,1,0,0,1,0,NEW_ONBOARDING,APPLIED,GEN-F1130-001-F-NE,"1,758",STORING,Pondok Indah,Muhammad Riduwan,B 4675 SVN,"44,969"
"Sep 13, 2025, 17:39",WO-143020321354554077,SPAREPART,87eede8f-1064-4c4e-912d-9319aa96d5b0,Brake Pad H3 FR / RR H3,"26,000",0,1,0,0,1,0,NOT_COVERED,APPLIED,GEN-F0130-001-N-NE,"1,075",REPO_MAINTENANCE,Pondok Indah,Eka Pitaloka,B 4791 SVO,"57,602"
"Sep 13, 2025, 17:39",WO-143020321354554077,SPAREPART,c52ca52a-85ef-43ad-8637-a9a65142da16,Rear disc brake disc H3,"26,519",0,1,0,0,1,0,NOT_COVERED,APPLIED,GEN-F0190-001-R-NE,854,REPO_MAINTENANCE,Pondok Indah,Eka Pitaloka,B 4791 SVO,"57,602"
"Sep 13, 2025, 17:39",WO-143020321354554077,SPAREPART,24f4995a-befd-4ad6-a490-c6318261742f,Cover Plat Nomer H3,"18,500",0,1,0,0,1,0,NOT_COVERED,APPLIED,GEN-A0140-001-N-MA,"1,738",REPO_MAINTENANCE,Pondok Indah,Eka Pitaloka,B 4791 SVO,"57,602"
"Sep 13, 2025, 17:31",WO-142894213162397749,SPAREPART,87eede8f-1064-4c4e-912d-9319aa96d5b0,Brake Pad H3 FR / RR H3,"26,000",0,1,0,0,1,0,NEW_ONBOARDING,APPLIED,GEN-F0130-001-N-NE,"1,075",STORING,Pondok Indah,Muhammad Riduwan,B 4294 SVT,"3,242"
"Sep 13, 2025, 17:06",WO-143017174217267933,SPAREPART,fa116921-3f09-44e1-b709-86b1780d9253,Brake Pad Kit H5 -1-01 (Canvas Rem) H5,"39,500",0,1,0,0,1,0,NEW_ONBOARDING,APPLIED,GEN-F1130-001-F-NE,"1,758",STORING,Pondok Indah,Muhammad Riduwan,B 5080 SVL,"67,671"
"Sep 13, 2025, 16:46",WO-142900558137716789,SPAREPART,79e0bbc0-0b87-4142-8e3f-0b3ccdc86641,Brake Pad Kit H5 -2-01 (Canvas Rem) H5,"28,500",0,1,0,0,1,0,NOT_COVERED,APPLIED,GEN-F1140-001-R-NE,"1,759",STORING,Pondok Indah,Eka Pitaloka,B 5301 SVL,"3,423"
"Sep 13, 2025, 16:46",WO-142900558137716789,SPAREPART,fa116921-3f09-44e1-b709-86b1780d9253,Brake Pad Kit H5 -1-01 (Canvas Rem) H5,"39,500",0,1,0,0,1,0,NEW_ONBOARDING,APPLIED,GEN-F1130-001-F-NE,"1,758",STORING,Pondok Indah,Eka Pitaloka,B 5301 SVL,"3,423"
"Sep 13, 2025, 15:51",WO-142906343693545525,SPAREPART,c52ca52a-85ef-43ad-8637-a9a65142da16,Rear disc brake disc H3,"26,519",0,1,0,0,1,0,NOT_COVERED,APPLIED,GEN-F0190-001-R-NE,854,WALK_IN_MAINTENANCE,Pondok Indah,Service Advisor PI,B 4124 SWB,"2,435"
"Sep 13, 2025, 15:51",WO-142906343693545525,SPAREPART,87eede8f-1064-4c4e-912d-9319aa96d5b0,Brake Pad H3 FR / RR H3,"26,000",0,2,0,0,2,0,NOT_COVERED,APPLIED,GEN-F0130-001-N-NE,"1,075",WALK_IN_MAINTENANCE,Pondok Indah,Service Advisor PI,B 4124 SWB,"2,435"
"Sep 13, 2025, 15:48",WO-143008770962812981,SPAREPART,87eede8f-1064-4c4e-912d-9319aa96d5b0,Brake Pad H3 FR / RR H3,"26,000",0,1,0,0,1,0,NEW_ONBOARDING,APPLIED,GEN-F0130-001-N-NE,"1,075",STORING,Pondok Indah,Muhammad Riduwan,B 4776 SVO,"43,456"
"Sep 13, 2025, 14:56",WO-142869344009908277,SPAREPART,5075f880-8de8-488e-9bca-4db3d05c3583,Brake pad Front H1 - Fr H1,"26,000",0,1,0,0,1,0,NOT_COVERED,APPLIED,GEN-F1280-001-N-NE,"1,789",STORING,Pondok Indah,Service Advisor PI,B 4674 SWD,"1,439"
"Sep 13, 2025, 14:50",WO-143008710531280949,SPAREPART,fa116921-3f09-44e1-b709-86b1780d9253,Brake Pad Kit H5 -1-01 (Canvas Rem) H5,"39,500",0,1,0,0,1,0,NOT_COVERED,APPLIED,GEN-F1130-001-F-NE,"1,758",STORING,Pondok Indah,Eka Pitaloka,B 4668 SVO,"42,994"
"Sep 13, 2025, 14:50",WO-143008710531280949,SPAREPART,79e0bbc0-0b87-4142-8e3f-0b3ccdc86641,Brake Pad Kit H5 -2-01 (Canvas Rem) H5,"28,500",0,1,0,0,1,0,NOT_COVERED,APPLIED,GEN-F1140-001-R-NE,"1,759",STORING,Pondok Indah,Eka Pitaloka,B 4668 SVO,"42,994"
"Sep 13, 2025, 14:36",WO-142880644236636213,SPAREPART,0e63dd11-3dfb-40f2-9820-7fc9cc0b12bc,Front fork bearings H3,"42,021",0,1,0,0,1,0,NOT_COVERED,APPLIED,GEN-F0100-001-F-NE,849,WALK_IN_MAINTENANCE,Pondok Indah,Service Advisor PI,B 5196 SVL,"9,979"
"Sep 13, 2025, 14:36",WO-142880644236636213,SPAREPART,87eede8f-1064-4c4e-912d-9319aa96d5b0,Brake Pad H3 FR / RR H3,"26,000",0,2,0,0,2,0,NOT_COVERED,APPLIED,GEN-F0130-001-N-NE,"1,075",WALK_IN_MAINTENANCE,Pondok Indah,Service Advisor PI,B 5196 SVL,"9,979"
"Sep 13, 2025, 14:36",WO-142880644236636213,SPAREPART,64028545-6fdb-4c38-89c7-615dacad6aeb,Hung kee front panel (unmolded) H5,"100,000",0,1,0,0,1,0,NOT_COVERED,APPLIED,H5A-B0690-001-F-BL,881,WALK_IN_MAINTENANCE,Pondok Indah,Service Advisor PI,B 5196 SVL,"9,979"
"Sep 13, 2025, 14:14",WO-142868532797960245,SPAREPART,24f4995a-befd-4ad6-a490-c6318261742f,Cover Plat Nomer H3,"18,500",0,1,0,0,1,0,NOT_COVERED,APPLIED,GEN-A0140-001-N-MA,"1,738",WALK_IN_MAINTENANCE,Pondok Indah,Service Advisor PI,B 4838 SVP,"97,719"
"Sep 13, 2025, 14:14",WO-142868532797960245,SPAREPART,c52ca52a-85ef-43ad-8637-a9a65142da16,Rear disc brake disc H3,"26,519",0,1,0,0,1,0,NOT_COVERED,APPLIED,GEN-F0190-001-R-NE,854,WALK_IN_MAINTENANCE,Pondok Indah,Service Advisor PI,B 4838 SVP,"97,719"
"Sep 13, 2025, 14:14",WO-142868532797960245,SPAREPART,ec86c430-e74c-451d-8d93-6d47384acc17,Tire 90/90-12 H3 (KENDA) H3,"100,000",0,1,0,0,1,0,NOT_COVERED,APPLIED,GEN-F0500-001-N-MA,"1,741",WALK_IN_MAINTENANCE,Pondok Indah,Service Advisor PI,B 4838 SVP,"97,719"
"Sep 13, 2025, 14:14",WO-142868532797960245,SPAREPART,87eede8f-1064-4c4e-912d-9319aa96d5b0,Brake Pad H3 FR / RR H3,"26,000",0,2,0,0,2,0,NOT_COVERED,APPLIED,GEN-F0130-001-N-NE,"1,075",WALK_IN_MAINTENANCE,Pondok Indah,Service Advisor PI,B 4838 SVP,"97,719"
"Sep 13, 2025, 14:13",WO-143011619029392093,SPAREPART,ec86c430-e74c-451d-8d93-6d47384acc17,Tire 90/90-12 H3 (KENDA) H3,"100,000","100,000",1,0,0,1,"100,000",NOT_COVERED,APPLIED,GEN-F0500-001-N-MA,"1,741",STORING,Pondok Indah,Dani Setiawan,B 4154 SWA,"16,836"
"Sep 13, 2025, 13:56",WO-142842432164261941,SPAREPART,24f4995a-befd-4ad6-a490-c6318261742f,Cover Plat Nomer H3,"18,500",0,1,0,0,1,0,NOT_COVERED,APPLIED,GEN-A0140-001-N-MA,"1,738",WALK_IN_MAINTENANCE,Pondok Indah,Service Advisor PI,B 5263 SVL,"45,093"
"Sep 13, 2025, 13:56",WO-142842432164261941,SPAREPART,79e0bbc0-0b87-4142-8e3f-0b3ccdc86641,Brake Pad Kit H5 -2-01 (Canvas Rem) H5,"28,500",0,1,0,0,1,0,NOT_COVERED,APPLIED,GEN-F1140-001-R-NE,"1,759",WALK_IN_MAINTENANCE,Pondok Indah,Service Advisor PI,B 5263 SVL,"45,093"
"Sep 13, 2025, 13:56",WO-142842432164261941,SPAREPART,fa116921-3f09-44e1-b709-86b1780d9253,Brake Pad Kit H5 -1-01 (Canvas Rem) H5,"39,500",0,1,0,0,1,0,NOT_COVERED,APPLIED,GEN-F1130-001-F-NE,"1,758",WALK_IN_MAINTENANCE,Pondok Indah,Service Advisor PI,B 5263 SVL,"45,093"
"Sep 13, 2025, 13:39",WO-143007841857313501,SPAREPART,00c93cf0-bacc-4e53-aab2-4aeeebf5bf3b,Air tape PVR 50 (5 mm) H3,"3,500",0,1,0,0,1,0,NEW_ONBOARDING,APPLIED,GEN-F0420-002-N-NE,"1,740",STORING,Pondok Indah,Muhamad Chaerudin,B 3973 PWF,"29,294"
"Sep 13, 2025, 13:32",WO-142838363320283189,SPAREPART,29ae4c69-46d5-4754-bf7e-f808ca55ebe7,Lock Set H3,"32,338","100,000",1,0,0,1,"100,000",NOT_COVERED,APPLIED,H3A-E70050-001-N-NE,865,STORING,Pondok Indah,Service Advisor PI,B 4068 SVP,"47,272"
"Sep 13, 2025, 13:28",WO-142988283834538717,SPAREPART,79e0bbc0-0b87-4142-8e3f-0b3ccdc86641,Brake Pad Kit H5 -2-01 (Canvas Rem) H5,"28,500",0,1,0,0,1,0,NOT_COVERED,APPLIED,GEN-F1140-001-R-NE,"1,759",STORING,Pondok Indah,Eka Pitaloka,B 4471 SWD,"4,146"
"Sep 13, 2025, 13:12",WO-142879562290753589,SPAREPART,0e63dd11-3dfb-40f2-9820-7fc9cc0b12bc,Front fork bearings H3,"42,021",0,1,0,0,1,0,NOT_COVERED,APPLIED,GEN-F0100-001-F-NE,849,WALK_IN_MAINTENANCE,Pondok Indah,Service Advisor PI,B 4226 SWA,"14,026"
"Sep 13, 2025, 13:12",WO-142879562290753589,SPAREPART,ec86c430-e74c-451d-8d93-6d47384acc17,Tire 90/90-12 H3 (KENDA) H3,"100,000",0,1,0,0,1,0,NOT_COVERED,APPLIED,GEN-F0500-001-N-MA,"1,741",WALK_IN_MAINTENANCE,Pondok Indah,Service Advisor PI,B 4226 SWA,"14,026"
"Sep 13, 2025, 11:39",WO-142903195063087157,SPAREPART,7aa8d3dc-ff34-4db8-a769-0c1f747b124e,Air tape PVR 70 (10 mm) H5,"3,500","24,000",1,0,0,1,"24,000",NOT_COVERED,APPLIED,GEN-F0430-001-N-NE,"1,755",STORING,Pondok Indah,Eka Pitaloka,B 4234 SVT,"34,533"
"Sep 13, 2025, 11:39",WO-142903195063087157,SPAREPART,ec86c430-e74c-451d-8d93-6d47384acc17,Tire 90/90-12 H3 (KENDA) H3,"100,000","100,000",1,0,0,1,"100,000",NOT_COVERED,APPLIED,GEN-F0500-001-N-MA,"1,741",STORING,Pondok Indah,Eka Pitaloka,B 4234 SVT,"34,533"
"Sep 13, 2025, 11:36",WO-142901748766350045,SPAREPART,ec86c430-e74c-451d-8d93-6d47384acc17,Tire 90/90-12 H3 (KENDA) H3,"100,000","100,000",1,0,0,1,"100,000",NOT_COVERED,APPLIED,GEN-F0500-001-N-MA,"1,741",STORING,Pondok Indah,Dani Setiawan,B 3605 PWE,"5,464"
"Sep 13, 2025, 11:26",WO-142764955333040861,SPAREPART,fa116921-3f09-44e1-b709-86b1780d9253,Brake Pad Kit H5 -1-01 (Canvas Rem) H5,"39,500",0,1,0,0,1,0,NOT_COVERED,APPLIED,GEN-F1130-001-F-NE,"1,758",REPO_MAINTENANCE,Pondok Indah,Service Advisor PI,B 5141 SVL,"51,639"
"Sep 13, 2025, 11:26",WO-142764955333040861,SPAREPART,79e0bbc0-0b87-4142-8e3f-0b3ccdc86641,Brake Pad Kit H5 -2-01 (Canvas Rem) H5,"28,500",0,1,0,0,1,0,NOT_COVERED,APPLIED,GEN-F1140-001-R-NE,"1,759",REPO_MAINTENANCE,Pondok Indah,Service Advisor PI,B 5141 SVL,"51,639"
"Sep 13, 2025, 11:26",WO-142764955333040861,SPAREPART,e76e0887-eb65-4869-a942-c097675574c7,MAN seat cushion front H5,"100,000",0,1,0,0,1,0,NOT_COVERED,APPLIED,H5A-B0950-001-N-MA,984,REPO_MAINTENANCE,Pondok Indah,Service Advisor PI,B 5141 SVL,"51,639"
"Sep 13, 2025, 11:26",WO-142764955333040861,SPAREPART,7429bc57-bb65-4afc-9756-811a1cb9a922,"Wires, Motor 4# ham with ears (+ backing bracket state) ham H5",0,0,1,0,0,1,0,NOT_COVERED,APPLIED,H5A-E20040-001-N-NE,957,REPO_MAINTENANCE,Pondok Indah,Service Advisor PI,B 5141 SVL,"51,639"
"Sep 13, 2025, 11:26",WO-142764955333040861,SPAREPART,37dc324d-ba63-404f-b663-747c4a4566a1,disc Brake H5,"70,000",0,1,0,0,1,0,NOT_COVERED,APPLIED,GEN-F1120-001-R-NE,"1,761",REPO_MAINTENANCE,Pondok Indah,Service Advisor PI,B 5141 SVL,"51,639"
"Sep 13, 2025, 11:11",WO-142989859835878109,SPAREPART,ec86c430-e74c-451d-8d93-6d47384acc17,Tire 90/90-12 H3 (KENDA) H3,"100,000","100,000",1,0,0,1,"100,000",NOT_COVERED,APPLIED,GEN-F0500-001-N-MA,"1,741",STORING,Pondok Indah,Dani Setiawan,B 4267 SVT,"45,120"
"Sep 13, 2025, 11:02",WO-142984798938394677,SPAREPART,fa116921-3f09-44e1-b709-86b1780d9253,Brake Pad Kit H5 -1-01 (Canvas Rem) H5,"39,500",0,1,0,0,1,0,NOT_COVERED,APPLIED,GEN-F1130-001-F-NE,"1,758",STORING,Pondok Indah,Eka Pitaloka,B 4764 SVP,"51,150"
"Sep 13, 2025, 11:02",WO-142984798938394677,SPAREPART,79e0bbc0-0b87-4142-8e3f-0b3ccdc86641,Brake Pad Kit H5 -2-01 (Canvas Rem) H5,"28,500",0,1,0,0,1,0,NOT_COVERED,APPLIED,GEN-F1140-001-R-NE,"1,759",STORING,Pondok Indah,Eka Pitaloka,B 4764 SVP,"51,150"
"Sep 13, 2025, 10:55",WO-142767976356048949,SPAREPART,d625acb9-40c7-43a1-9f20-99489c41ef5f,Front disc brake disc H3,"56,580",0,1,0,0,1,0,NOT_COVERED,APPLIED,GEN-F0140-001-F-NE,853,REPO_MAINTENANCE,Pondok Indah,Service Advisor PI,B 4827 SVN,"28,687"
"Sep 13, 2025, 10:53",WO-142988567839251165,SPAREPART,ec86c430-e74c-451d-8d93-6d47384acc17,Tire 90/90-12 H3 (KENDA) H3,"100,000","100,000",1,0,0,1,"100,000",NOT_COVERED,APPLIED,GEN-F0500-001-N-MA,"1,741",STORING,Pondok Indah,Dani Setiawan,B 4220 SVT,"55,725"
"Sep 13, 2025, 10:43",WO-142988397382736605,SPAREPART,ec86c430-e74c-451d-8d93-6d47384acc17,Tire 90/90-12 H3 (KENDA) H3,"100,000","100,000",1,0,0,1,"100,000",NOT_COVERED,APPLIED,GEN-F0500-001-N-MA,"1,741",STORING,Pondok Indah,Dani Setiawan,B 4284 SWA,"16,781"
"Sep 13, 2025, 10:15",WO-142987671801753653,SPAREPART,ec86c430-e74c-451d-8d93-6d47384acc17,Tire 90/90-12 H3 (KENDA) H3,"100,000","100,000",1,0,0,1,"100,000",NOT_COVERED,APPLIED,GEN-F0500-001-N-MA,"1,741",REGULAR,Pondok Indah,Service Advisor PI,B 4545 SVT,"39,768"
"Sep 13, 2025, 09:24",WO-142759485339867869,SPAREPART,c52ca52a-85ef-43ad-8637-a9a65142da16,Rear disc brake disc H3,"26,519",0,1,0,0,1,0,NOT_COVERED,APPLIED,GEN-F0190-001-R-NE,854,REPO_MAINTENANCE,Pondok Indah,Service Advisor PI,B 4774 SVR,"39,912"
"Sep 13, 2025, 09:24",WO-142759485339867869,SPAREPART,87eede8f-1064-4c4e-912d-9319aa96d5b0,Brake Pad H3 FR / RR H3,"26,000",0,2,0,0,2,0,NOT_COVERED,APPLIED,GEN-F0130-001-N-NE,"1,075",REPO_MAINTENANCE,Pondok Indah,Service Advisor PI,B 4774 SVR,"39,912"
"Sep 13, 2025, 09:24",WO-142759485339867869,SPAREPART,0e63dd11-3dfb-40f2-9820-7fc9cc0b12bc,Front fork bearings H3,"42,021",0,1,0,0,1,0,NOT_COVERED,APPLIED,GEN-F0100-001-F-NE,849,REPO_MAINTENANCE,Pondok Indah,Service Advisor PI,B 4774 SVR,"39,912"
"Sep 13, 2025, 09:21",WO-142980099791133405,SPAREPART,1ac25aee-ff64-497d-a915-e4617a1892ae,Bearing Nachi 6201 H3,"13,967",0,1,0,0,1,0,NOT_COVERED,APPLIED,GEN-F0060-001-F-NE,"1,735",STORING,Pondok Indah,Service Advisor PI,B 4838 SVS,"25,006"
"Sep 13, 2025, 09:17",WO-142767976356048949,SPAREPART,0e63dd11-3dfb-40f2-9820-7fc9cc0b12bc,Front fork bearings H3,"42,021",0,1,0,0,1,0,NOT_COVERED,APPLIED,GEN-F0100-001-F-NE,849,REPO_MAINTENANCE,Pondok Indah,Service Advisor PI,B 4827 SVN,"28,687"
"Sep 13, 2025, 08:18",WO-142974690028220469,SPAREPART,87eede8f-1064-4c4e-912d-9319aa96d5b0,Brake Pad H3 FR / RR H3,"26,000",0,1,0,0,1,0,NOT_COVERED,APPLIED,GEN-F0130-001-N-NE,"1,075",STORING,Pondok Indah,Service Advisor PI,B 4445 SWA,"12,345"
"Sep 12, 2025, 22:44",WO-142916203126463197,SPAREPART,87eede8f-1064-4c4e-912d-9319aa96d5b0,Brake Pad H3 FR / RR H3,"26,000",0,1,0,0,1,0,NEW_ONBOARDING,APPLIED,GEN-F0130-001-N-NE,"1,075",STORING,Pondok Indah,Muhammad Riduwan,B 4084 SVO,"48,237"
"Sep 12, 2025, 20:52",WO-142869862274887733,SPAREPART,24f4995a-befd-4ad6-a490-c6318261742f,Cover Plat Nomer H3,"18,500",0,1,0,0,1,0,NOT_COVERED,APPLIED,GEN-A0140-001-N-MA,"1,738",WALK_IN_MAINTENANCE,Pondok Indah,Service Advisor PI,B 4042 SVO,"34,105"
"Sep 12, 2025, 20:52",WO-142869862274887733,SPAREPART,c52ca52a-85ef-43ad-8637-a9a65142da16,Rear disc brake disc H3,"26,519",0,1,0,0,1,0,NOT_COVERED,APPLIED,GEN-F0190-001-R-NE,854,WALK_IN_MAINTENANCE,Pondok Indah,Service Advisor PI,B 4042 SVO,"34,105"
"Sep 12, 2025, 19:42",WO-142760818642055221,SPAREPART,c52ca52a-85ef-43ad-8637-a9a65142da16,Rear disc brake disc H3,"26,519",0,1,0,0,1,0,NOT_COVERED,APPLIED,GEN-F0190-001-R-NE,854,REPO_MAINTENANCE,Pondok Indah,Service Advisor PI,B 4494 SVP,"47,249"
"Sep 12, 2025, 19:42",WO-142760818642055221,SPAREPART,87eede8f-1064-4c4e-912d-9319aa96d5b0,Brake Pad H3 FR / RR H3,"26,000",0,2,0,0,2,0,NOT_COVERED,APPLIED,GEN-F0130-001-N-NE,"1,075",REPO_MAINTENANCE,Pondok Indah,Service Advisor PI,B 4494 SVP,"47,249"
"Sep 12, 2025, 19:42",WO-142760818642055221,SPAREPART,ec86c430-e74c-451d-8d93-6d47384acc17,Tire 90/90-12 H3 (KENDA) H3,"100,000",0,2,0,0,2,0,NOT_COVERED,APPLIED,GEN-F0500-001-N-MA,"1,741",REPO_MAINTENANCE,Pondok Indah,Service Advisor PI,B 4494 SVP,"47,249"
"Sep 12, 2025, 19:42",WO-142760818642055221,SPAREPART,0e63dd11-3dfb-40f2-9820-7fc9cc0b12bc,Front fork bearings H3,"42,021",0,1,0,0,1,0,NOT_COVERED,APPLIED,GEN-F0100-001-F-NE,849,REPO_MAINTENANCE,Pondok Indah,Service Advisor PI,B 4494 SVP,"47,249"
"Sep 12, 2025, 19:42",WO-142760818642055221,SPAREPART,069469fe-d5a5-435c-9b96-b9b3a36a8f3d,Double-stand cushion rubber H3,"2,392",0,1,0,0,1,0,NOT_COVERED,APPLIED,H3A-F0440-001-N-NE,815,REPO_MAINTENANCE,Pondok Indah,Service Advisor PI,B 4494 SVP,"47,249"
"Sep 12, 2025, 19:42",WO-142760818642055221,SPAREPART,6f887a0a-e2ae-4556-afe9-b554bb26559f,Headlight H3,"100,000",0,1,0,0,1,0,NOT_COVERED,APPLIED,H3A-E60030-001-N-NE,821,REPO_MAINTENANCE,Pondok Indah,Service Advisor PI,B 4494 SVP,"47,249"
"Sep 12, 2025, 19:37",WO-142758587523985461,SPAREPART,87eede8f-1064-4c4e-912d-9319aa96d5b0,Brake Pad H3 FR / RR H3,"26,000",0,2,0,0,2,0,NOT_COVERED,APPLIED,GEN-F0130-001-N-NE,"1,075",REPO_MAINTENANCE,Pondok Indah,Service Advisor PI,B 4176 SWA,"14,605"
"Sep 12, 2025, 19:37",WO-142758587523985461,SPAREPART,ec86c430-e74c-451d-8d93-6d47384acc17,Tire 90/90-12 H3 (KENDA) H3,"100,000",0,1,0,0,1,0,NOT_COVERED,APPLIED,GEN-F0500-001-N-MA,"1,741",REPO_MAINTENANCE,Pondok Indah,Service Advisor PI,B 4176 SWA,"14,605"
"Sep 12, 2025, 19:37",WO-142758587523985461,SPAREPART,1ac25aee-ff64-497d-a915-e4617a1892ae,Bearing Nachi 6201 H3,"13,967",0,1,0,0,1,0,NOT_COVERED,APPLIED,GEN-F0060-001-F-NE,"1,735",REPO_MAINTENANCE,Pondok Indah,Service Advisor PI,B 4176 SWA,"14,605"
"Sep 12, 2025, 19:27",WO-142863072753621725,SPAREPART,c52ca52a-85ef-43ad-8637-a9a65142da16,Rear disc brake disc H3,"26,519",0,1,0,0,1,0,NEW_ONBOARDING,APPLIED,GEN-F0190-001-R-NE,854,STORING,Pondok Indah,Muhammad Riduwan,B 4526 SVT,"54,436"
"Sep 12, 2025, 19:26",WO-142758740095933149,SPAREPART,0e63dd11-3dfb-40f2-9820-7fc9cc0b12bc,Front fork bearings H3,"42,021",0,1,0,0,1,0,NOT_COVERED,APPLIED,GEN-F0100-001-F-NE,849,REPO_MAINTENANCE,Pondok Indah,Service Advisor PI,B 4521 SVT,"30,177"
"Sep 12, 2025, 19:13",WO-142758740095933149,SPAREPART,87eede8f-1064-4c4e-912d-9319aa96d5b0,Brake Pad H3 FR / RR H3,"26,000",0,2,0,0,2,0,NOT_COVERED,APPLIED,GEN-F0130-001-N-NE,"1,075",REPO_MAINTENANCE,Pondok Indah,Service Advisor PI,B 4521 SVT,"30,177"
"Sep 12, 2025, 19:07",WO-142761913506339549,SPAREPART,87eede8f-1064-4c4e-912d-9319aa96d5b0,Brake Pad H3 FR / RR H3,"26,000",0,2,0,0,2,0,NOT_COVERED,APPLIED,GEN-F0130-001-N-NE,"1,075",REPO_MAINTENANCE,Pondok Indah,Service Advisor PI,B 4734 SVP,"57,986"
"Sep 12, 2025, 19:06",WO-142886257993718493,SPAREPART,1ac25aee-ff64-497d-a915-e4617a1892ae,Bearing Nachi 6201 H3,"13,967",0,1,0,0,1,0,NOT_COVERED,APPLIED,GEN-F0060-001-F-NE,"1,735",WALK_IN_MAINTENANCE,Pondok Indah,Service Advisor PI,B 4651 SVR,"32,606"
"Sep 12, 2025, 18:46",WO-142886257993718493,SPAREPART,87eede8f-1064-4c4e-912d-9319aa96d5b0,Brake Pad H3 FR / RR H3,"26,000",0,2,0,0,2,0,NOT_COVERED,APPLIED,GEN-F0130-001-N-NE,"1,075",WALK_IN_MAINTENANCE,Pondok Indah,Service Advisor PI,B 4651 SVR,"32,606"
"Sep 12, 2025, 18:46",WO-142886257993718493,SPAREPART,849a10fd-aa14-4894-927f-c8045f2bc1f9,Front disc brake assembly without logo H3,"100,000",0,1,0,0,1,0,NOT_COVERED,APPLIED,H3A-F0120-001-F-NE,850,WALK_IN_MAINTENANCE,Pondok Indah,Service Advisor PI,B 4651 SVR,"32,606"
"Sep 12, 2025, 18:21",WO-142760057057112117,SPAREPART,87eede8f-1064-4c4e-912d-9319aa96d5b0,Brake Pad H3 FR / RR H3,"26,000",0,2,0,0,2,0,NOT_COVERED,APPLIED,GEN-F0130-001-N-NE,"1,075",REPO_MAINTENANCE,Pondok Indah,Service Advisor PI,B 4264 SWA,"11,246"
"Sep 12, 2025, 18:21",WO-142760057057112117,SPAREPART,1ac25aee-ff64-497d-a915-e4617a1892ae,Bearing Nachi 6201 H3,"13,967",0,1,0,0,1,0,NOT_COVERED,APPLIED,GEN-F0060-001-F-NE,"1,735",REPO_MAINTENANCE,Pondok Indah,Service Advisor PI,B 4264 SWA,"11,246"
"Sep 12, 2025, 18:19",WO-142759649404263133,SPAREPART,0e63dd11-3dfb-40f2-9820-7fc9cc0b12bc,Front fork bearings H3,"42,021",0,1,0,0,1,0,NOT_COVERED,APPLIED,GEN-F0100-001-F-NE,849,REPO_MAINTENANCE,Pondok Indah,Service Advisor PI,B 4109 SWA,"11,064"
"Sep 12, 2025, 18:19",WO-142759649404263133,SPAREPART,87eede8f-1064-4c4e-912d-9319aa96d5b0,Brake Pad H3 FR / RR H3,"26,000",0,2,0,0,2,0,NOT_COVERED,APPLIED,GEN-F0130-001-N-NE,"1,075",REPO_MAINTENANCE,Pondok Indah,Service Advisor PI,B 4109 SWA,"11,064"
"Sep 12, 2025, 18:10",WO-142761574422081589,SPAREPART,c52ca52a-85ef-43ad-8637-a9a65142da16,Rear disc brake disc H3,"26,519",0,1,0,0,1,0,NOT_COVERED,APPLIED,GEN-F0190-001-R-NE,854,REPO_MAINTENANCE,Pondok Indah,Service Advisor PI,B 4236 SVP,"34,098"
"Sep 12, 2025, 18:10",WO-142761574422081589,SPAREPART,d625acb9-40c7-43a1-9f20-99489c41ef5f,Front disc brake disc H3,"56,580",0,1,0,0,1,0,NOT_COVERED,APPLIED,GEN-F0140-001-F-NE,853,REPO_MAINTENANCE,Pondok Indah,Service Advisor PI,B 4236 SVP,"34,098"
"Sep 12, 2025, 18:06",WO-142759044300468277,SPAREPART,0e63dd11-3dfb-40f2-9820-7fc9cc0b12bc,Front fork bearings H3,"42,021",0,1,0,0,1,0,NOT_COVERED,APPLIED,GEN-F0100-001-F-NE,849,REPO_MAINTENANCE,Pondok Indah,Service Advisor PI,B 4443 SVP,"31,907"
"Sep 12, 2025, 18:06",WO-142759044300468277,SPAREPART,87eede8f-1064-4c4e-912d-9319aa96d5b0,Brake Pad H3 FR / RR H3,"26,000",0,2,0,0,2,0,NOT_COVERED,APPLIED,GEN-F0130-001-N-NE,"1,075",REPO_MAINTENANCE,Pondok Indah,Service Advisor PI,B 4443 SVP,"31,907"
"Sep 12, 2025, 17:57",WO-142762249033936949,SPAREPART,87eede8f-1064-4c4e-912d-9319aa96d5b0,Brake Pad H3 FR / RR H3,"26,000",0,2,0,0,2,0,NOT_COVERED,APPLIED,GEN-F0130-001-N-NE,"1,075",REPO_MAINTENANCE,Pondok Indah,Service Advisor PI,B 4468 SWA,"12,238"
"Sep 12, 2025, 17:57",WO-142762249033936949,SPAREPART,0e63dd11-3dfb-40f2-9820-7fc9cc0b12bc,Front fork bearings H3,"42,021",0,1,0,0,1,0,NOT_COVERED,APPLIED,GEN-F0100-001-F-NE,849,REPO_MAINTENANCE,Pondok Indah,Service Advisor PI,B 4468 SWA,"12,238"
"Sep 12, 2025, 17:43",WO-142870572940925661,SPAREPART,c52ca52a-85ef-43ad-8637-a9a65142da16,Rear disc brake disc H3,"26,519",0,1,0,0,1,0,NOT_COVERED,APPLIED,GEN-F0190-001-R-NE,854,REGULAR,Pondok Indah,Service Advisor PI,B 4606 SVT,"47,291"
"Sep 12, 2025, 17:37",WO-142761574422081589,SPAREPART,1ac25aee-ff64-497d-a915-e4617a1892ae,Bearing Nachi 6201 H3,"13,967",0,1,0,0,1,0,NOT_COVERED,APPLIED,GEN-F0060-001-F-NE,"1,735",REPO_MAINTENANCE,Pondok Indah,Service Advisor PI,B 4236 SVP,"34,098"
"Sep 12, 2025, 17:37",WO-142761574422081589,SPAREPART,ec86c430-e74c-451d-8d93-6d47384acc17,Tire 90/90-12 H3 (KENDA) H3,"100,000",0,1,0,0,1,0,NOT_COVERED,APPLIED,GEN-F0500-001-N-MA,"1,741",REPO_MAINTENANCE,Pondok Indah,Service Advisor PI,B 4236 SVP,"34,098"
"Sep 12, 2025, 17:37",WO-142761574422081589,SPAREPART,87eede8f-1064-4c4e-912d-9319aa96d5b0,Brake Pad H3 FR / RR H3,"26,000",0,2,0,0,2,0,NOT_COVERED,APPLIED,GEN-F0130-001-N-NE,"1,075",REPO_MAINTENANCE,Pondok Indah,Service Advisor PI,B 4236 SVP,"34,098"
"Sep 12, 2025, 17:16",WO-142838472976166965,SPAREPART,ec86c430-e74c-451d-8d93-6d47384acc17,Tire 90/90-12 H3 (KENDA) H3,"100,000","100,000",1,0,0,1,"100,000",NOT_COVERED,APPLIED,GEN-F0500-001-N-MA,"1,741",STORING,Pondok Indah,Adit Tia Saputra,B 4698 SVP,"46,151"
"Sep 12, 2025, 17:15",WO-142880158704005173,SPAREPART,ec86c430-e74c-451d-8d93-6d47384acc17,Tire 90/90-12 H3 (KENDA) H3,"100,000",0,1,0,0,1,0,NOT_COVERED,APPLIED,GEN-F0500-001-N-MA,"1,741",STORING,Pondok Indah,Service Advisor PI,B 4840 SVT,"50,020"
"Sep 12, 2025, 17:15",WO-142880158704005173,SPAREPART,87eede8f-1064-4c4e-912d-9319aa96d5b0,Brake Pad H3 FR / RR H3,"26,000",0,2,0,0,2,0,NOT_COVERED,APPLIED,GEN-F0130-001-N-NE,"1,075",STORING,Pondok Indah,Service Advisor PI,B 4840 SVT,"50,020"
"Sep 12, 2025, 17:08",WO-142759847140585525,SPAREPART,ec86c430-e74c-451d-8d93-6d47384acc17,Tire 90/90-12 H3 (KENDA) H3,"100,000",0,1,0,0,1,0,NOT_COVERED,APPLIED,GEN-F0500-001-N-MA,"1,741",REPO_MAINTENANCE,Pondok Indah,Service Advisor PI,B 4808 SVP,"58,691"
"Sep 12, 2025, 17:08",WO-142759847140585525,SPAREPART,c52ca52a-85ef-43ad-8637-a9a65142da16,Rear disc brake disc H3,"26,519",0,1,0,0,1,0,NOT_COVERED,APPLIED,GEN-F0190-001-R-NE,854,REPO_MAINTENANCE,Pondok Indah,Service Advisor PI,B 4808 SVP,"58,691"
"Sep 12, 2025, 16:52",WO-142876827671654453,SPAREPART,87eede8f-1064-4c4e-912d-9319aa96d5b0,Brake Pad H3 FR / RR H3,"26,000",0,2,0,0,2,0,NEW_ONBOARDING,APPLIED,GEN-F0130-001-N-NE,"1,075",STORING,Pondok Indah,Muhammad Riduwan,B 4531 SVP,"3,214"
"Sep 12, 2025, 16:51",WO-142873809534382133,SPAREPART,87eede8f-1064-4c4e-912d-9319aa96d5b0,Brake Pad H3 FR / RR H3,"26,000",0,1,0,0,1,0,NOT_COVERED,APPLIED,GEN-F0130-001-N-NE,"1,075",STORING,Pondok Indah,Service Advisor PI,B 3953 PWF,"42,425"
"Sep 12, 2025, 16:51",WO-142873809534382133,SPAREPART,ec86c430-e74c-451d-8d93-6d47384acc17,Tire 90/90-12 H3 (KENDA) H3,"100,000","100,000",1,0,0,1,"100,000",NOT_COVERED,APPLIED,GEN-F0500-001-N-MA,"1,741",STORING,Pondok Indah,Service Advisor PI,B 3953 PWF,"42,425"
"Sep 12, 2025, 16:46",WO-142761766504372957,SPAREPART,c52ca52a-85ef-43ad-8637-a9a65142da16,Rear disc brake disc H3,"26,519",0,1,0,0,1,0,NOT_COVERED,APPLIED,GEN-F0190-001-R-NE,854,REPO_MAINTENANCE,Pondok Indah,Service Advisor PI,B 4430 SVR,"34,637"
"Sep 12, 2025, 16:46",WO-142761766504372957,SPAREPART,87eede8f-1064-4c4e-912d-9319aa96d5b0,Brake Pad H3 FR / RR H3,"26,000",0,2,0,0,2,0,NOT_COVERED,APPLIED,GEN-F0130-001-N-NE,"1,075",REPO_MAINTENANCE,Pondok Indah,Service Advisor PI,B 4430 SVR,"34,637"
"Sep 12, 2025, 16:46",WO-142761766504372957,SPAREPART,6f887a0a-e2ae-4556-afe9-b554bb26559f,Headlight H3,"100,000",0,1,0,0,1,0,NOT_COVERED,APPLIED,H3A-E60030-001-N-NE,821,REPO_MAINTENANCE,Pondok Indah,Service Advisor PI,B 4430 SVR,"34,637"
"Sep 12, 2025, 16:45",WO-142874142444679221,SPAREPART,ec86c430-e74c-451d-8d93-6d47384acc17,Tire 90/90-12 H3 (KENDA) H3,"100,000",0,1,0,0,1,0,NOT_COVERED,APPLIED,GEN-F0500-001-N-MA,"1,741",STORING,Pondok Indah,Service Advisor PI,B 4717 SVO,"23,345"
"Sep 12, 2025, 16:18",WO-142762129009679069,SPAREPART,ec86c430-e74c-451d-8d93-6d47384acc17,Tire 90/90-12 H3 (KENDA) H3,"100,000",0,1,0,0,1,0,NOT_COVERED,APPLIED,GEN-F0500-001-N-MA,"1,741",REPO_MAINTENANCE,Pondok Indah,Service Advisor PI,B 4497 SWA,"14,924"
"Sep 12, 2025, 16:18",WO-142762129009679069,SPAREPART,87eede8f-1064-4c4e-912d-9319aa96d5b0,Brake Pad H3 FR / RR H3,"26,000",0,1,0,0,1,0,NOT_COVERED,APPLIED,GEN-F0130-001-N-NE,"1,075",REPO_MAINTENANCE,Pondok Indah,Service Advisor PI,B 4497 SWA,"14,924"
"Sep 12, 2025, 16:18",WO-142762129009679069,SPAREPART,c52ca52a-85ef-43ad-8637-a9a65142da16,Rear disc brake disc H3,"26,519",0,1,0,0,1,0,NOT_COVERED,APPLIED,GEN-F0190-001-R-NE,854,REPO_MAINTENANCE,Pondok Indah,Service Advisor PI,B 4497 SWA,"14,924"
"Sep 12, 2025, 16:11",WO-142861235229093941,SPAREPART,8996828a-e6bc-4a54-a9f3-15d5af9c5033,Controller H3,"100,000","100,000",1,0,0,1,"100,000",NOT_COVERED,APPLIED,H3A-E80010-001-N-MA,875,URGENT,Pondok Indah,Muhammad Riduwan,B 4580 SVR,"42,482"
"Sep 12, 2025, 15:57",WO-142876340209643573,SPAREPART,87eede8f-1064-4c4e-912d-9319aa96d5b0,Brake Pad H3 FR / RR H3,"26,000",0,2,0,0,2,0,NEW_ONBOARDING,APPLIED,GEN-F0130-001-N-NE,"1,075",REGULAR,Pondok Indah,Aldy Arifiandy,B 4188 SVV,"22,271"
"Sep 12, 2025, 15:57",WO-142876340209643573,SPAREPART,d09f6b27-05e3-429e-8d59-5978689af06f,USB charging port H3,"12,627",0,1,0,0,1,0,NEW_ONBOARDING,APPLIED,H3A-E40010-001-N-NE,871,REGULAR,Pondok Indah,Aldy Arifiandy,B 4188 SVV,"22,271"
"Sep 12, 2025, 15:57",WO-142876340209643573,SPAREPART,1ac25aee-ff64-497d-a915-e4617a1892ae,Bearing Nachi 6201 H3,"13,967",0,2,0,0,2,0,NEW_ONBOARDING,APPLIED,GEN-F0060-001-F-NE,"1,735",REGULAR,Pondok Indah,Aldy Arifiandy,B 4188 SVV,"22,271"
"Sep 12, 2025, 15:57",WO-142876340209643573,SPAREPART,0e63dd11-3dfb-40f2-9820-7fc9cc0b12bc,Front fork bearings H3,"42,021",0,1,0,0,1,0,NEW_ONBOARDING,APPLIED,GEN-F0100-001-F-NE,849,REGULAR,Pondok Indah,Aldy Arifiandy,B 4188 SVV,"22,271"
"Sep 12, 2025, 15:40",WO-142875336781131829,SPAREPART,79e0bbc0-0b87-4142-8e3f-0b3ccdc86641,Brake Pad Kit H5 -2-01 (Canvas Rem) H5,"28,500",0,1,0,0,1,0,NEW_ONBOARDING,APPLIED,GEN-F1140-001-R-NE,"1,759",REGULAR,Pondok Indah,Ahmad Agus Sudiro Parhusnan Marzuki,B 4027 SVO,"62,348"
"Sep 12, 2025, 15:40",WO-142875336781131829,SPAREPART,fa116921-3f09-44e1-b709-86b1780d9253,Brake Pad Kit H5 -1-01 (Canvas Rem) H5,"39,500",0,1,0,0,1,0,NEW_ONBOARDING,APPLIED,GEN-F1130-001-F-NE,"1,758",REGULAR,Pondok Indah,Ahmad Agus Sudiro Parhusnan Marzuki,B 4027 SVO,"62,348"
"Sep 12, 2025, 15:35",WO-142874891044002525,SPAREPART,87eede8f-1064-4c4e-912d-9319aa96d5b0,Brake Pad H3 FR / RR H3,"26,000",0,1,0,0,1,0,NEW_ONBOARDING,APPLIED,GEN-F0130-001-N-NE,"1,075",REGULAR,Pondok Indah,Ahmad Agus Sudiro Parhusnan Marzuki,B 4130 SWA,"21,632"
"Sep 12, 2025, 15:29",WO-142874270823936053,SPAREPART,d09f6b27-05e3-429e-8d59-5978689af06f,USB charging port H3,"12,627","39,000",1,0,0,1,"39,000",NOT_COVERED,APPLIED,H3A-E40010-001-N-NE,871,REGULAR,Pondok Indah,Service Advisor PI,B 3995 PWF,"35,333"
"Sep 12, 2025, 15:29",WO-142874270823936053,SPAREPART,87eede8f-1064-4c4e-912d-9319aa96d5b0,Brake Pad H3 FR / RR H3,"26,000",0,2,0,0,2,0,NEW_ONBOARDING,APPLIED,GEN-F0130-001-N-NE,"1,075",REGULAR,Pondok Indah,Service Advisor PI,B 3995 PWF,"35,333"
"Sep 12, 2025, 15:28",WO-142866104866369589,SPAREPART,0e0b97f2-dbdf-406c-9f9f-50593bec1724,Cable throttle holder H5,"5,129",0,1,0,0,1,0,NOT_COVERED,APPLIED,H5A-E70160-001-N-NE,950,REGULAR,Pondok Indah,Service Advisor PI,B 4720 SVN,"63,356"
"Sep 12, 2025, 15:20",WO-142760608842969141,SPAREPART,6f887a0a-e2ae-4556-afe9-b554bb26559f,Headlight H3,"100,000",0,1,0,0,1,0,NOT_COVERED,APPLIED,H3A-E60030-001-N-NE,821,REPO_MAINTENANCE,Pondok Indah,Service Advisor PI,B 4904 SVT,"55,369"
"Sep 12, 2025, 15:18",WO-142760608842969141,SPAREPART,ec86c430-e74c-451d-8d93-6d47384acc17,Tire 90/90-12 H3 (KENDA) H3,"100,000",0,1,0,0,1,0,NOT_COVERED,APPLIED,GEN-F0500-001-N-MA,"1,741",REPO_MAINTENANCE,Pondok Indah,Service Advisor PI,B 4904 SVT,"55,369"
"Sep 12, 2025, 15:18",WO-142760608842969141,SPAREPART,1ac25aee-ff64-497d-a915-e4617a1892ae,Bearing Nachi 6201 H3,"13,967",0,2,0,0,2,0,NOT_COVERED,APPLIED,GEN-F0060-001-F-NE,"1,735",REPO_MAINTENANCE,Pondok Indah,Service Advisor PI,B 4904 SVT,"55,369"
"Sep 12, 2025, 15:18",WO-142760608842969141,SPAREPART,87eede8f-1064-4c4e-912d-9319aa96d5b0,Brake Pad H3 FR / RR H3,"26,000",0,2,0,0,2,0,NOT_COVERED,APPLIED,GEN-F0130-001-N-NE,"1,075",REPO_MAINTENANCE,Pondok Indah,Service Advisor PI,B 4904 SVT,"55,369"
"Sep 12, 2025, 14:55",WO-142870572940925661,SPAREPART,87eede8f-1064-4c4e-912d-9319aa96d5b0,Brake Pad H3 FR / RR H3,"26,000",0,1,0,0,1,0,NEW_ONBOARDING,APPLIED,GEN-F0130-001-N-NE,"1,075",REGULAR,Pondok Indah,Service Advisor PI,B 4606 SVT,"47,291"
"Sep 12, 2025, 14:55",WO-142870572940925661,SPAREPART,0e63dd11-3dfb-40f2-9820-7fc9cc0b12bc,Front fork bearings H3,"42,021",0,1,0,0,1,0,NEW_ONBOARDING,APPLIED,GEN-F0100-001-F-NE,849,REGULAR,Pondok Indah,Service Advisor PI,B 4606 SVT,"47,291"
"Sep 12, 2025, 14:55",WO-142870572940925661,SPAREPART,be36f980-8aa3-406f-8391-a3bbbd3d4e01,Left front shock absorber assembly 6.42±0.04kg H3,"100,000",0,1,0,0,1,0,NEW_ONBOARDING,APPLIED,H3A-F0080-001-L-NE,846,REGULAR,Pondok Indah,Service Advisor PI,B 4606 SVT,"47,291"
"Sep 12, 2025, 14:55",WO-142870572940925661,SPAREPART,e8a03e11-4525-4103-881e-cebd198ed816,Right front shock absorber assembly H3,"100,000",0,1,0,0,1,0,NEW_ONBOARDING,APPLIED,H3A-F0090-001-R-NE,847,REGULAR,Pondok Indah,Service Advisor PI,B 4606 SVT,"47,291"
"Sep 12, 2025, 14:52",WO-142760966700986421,SPAREPART,ec86c430-e74c-451d-8d93-6d47384acc17,Tire 90/90-12 H3 (KENDA) H3,"100,000",0,1,0,0,1,0,NEW_ONBOARDING,APPLIED,GEN-F0500-001-N-MA,"1,741",REPO_MAINTENANCE,Pondok Indah,Farel Wahyudyansyah,B 4824 SVT,"42,336"
"Sep 12, 2025, 14:52",WO-142760966700986421,SPAREPART,87eede8f-1064-4c4e-912d-9319aa96d5b0,Brake Pad H3 FR / RR H3,"26,000",0,1,0,0,1,0,NEW_ONBOARDING,APPLIED,GEN-F0130-001-N-NE,"1,075",REPO_MAINTENANCE,Pondok Indah,Farel Wahyudyansyah,B 4824 SVT,"42,336"
"Sep 12, 2025, 14:44",WO-142760966700986421,SPAREPART,1ac25aee-ff64-497d-a915-e4617a1892ae,Bearing Nachi 6201 H3,"13,967",0,1,0,0,1,0,NEW_ONBOARDING,APPLIED,GEN-F0060-001-F-NE,"1,735",REPO_MAINTENANCE,Pondok Indah,Farel Wahyudyansyah,B 4824 SVT,"42,336"
"Sep 12, 2025, 14:40",WO-142869289785946165,SPAREPART,d09f6b27-05e3-429e-8d59-5978689af06f,USB charging port H3,"12,627","38,000",1,0,0,1,"38,000",NOT_COVERED,APPLIED,H3A-E40010-001-N-NE,871,REGULAR,Pondok Indah,Eka Pitaloka,B 4072 SWB,"31,382"
"Sep 12, 2025, 14:40",WO-142869289785946165,SPAREPART,87eede8f-1064-4c4e-912d-9319aa96d5b0,Brake Pad H3 FR / RR H3,"26,000",0,2,0,0,2,0,NEW_ONBOARDING,APPLIED,GEN-F0130-001-N-NE,"1,075",REGULAR,Pondok Indah,Eka Pitaloka,B 4072 SWB,"31,382"
"Sep 12, 2025, 14:40",WO-142866104866369589,SPAREPART,83ff687a-bfd0-4975-936c-81b8115da6d5,Brake Fluid H3,"24,484",0,1,0,0,1,0,NOT_COVERED,APPLIED,GEN-K0050-001-N-NE,"1,737",REGULAR,Pondok Indah,Service Advisor PI,B 4720 SVN,"63,356"
"Sep 12, 2025, 14:15",WO-142866876500810461,SPAREPART,87eede8f-1064-4c4e-912d-9319aa96d5b0,Brake Pad H3 FR / RR H3,"26,000",0,2,0,0,2,0,NEW_ONBOARDING,APPLIED,GEN-F0130-001-N-NE,"1,075",REGULAR,Pondok Indah,Aldy Arifiandy,B 4636 SVO,"44,288"
"Sep 12, 2025, 14:12",WO-142866577816034013,SPAREPART,79e0bbc0-0b87-4142-8e3f-0b3ccdc86641,Brake Pad Kit H5 -2-01 (Canvas Rem) H5,"28,500",0,1,0,0,1,0,NEW_ONBOARDING,APPLIED,GEN-F1140-001-R-NE,"1,759",REGULAR,Pondok Indah,Ahmad Agus Sudiro Parhusnan Marzuki,B 5159 SVL,"55,921"
"Sep 12, 2025, 14:12",WO-142866577816034013,SPAREPART,fa116921-3f09-44e1-b709-86b1780d9253,Brake Pad Kit H5 -1-01 (Canvas Rem) H5,"39,500",0,1,0,0,1,0,NEW_ONBOARDING,APPLIED,GEN-F1130-001-F-NE,"1,758",REGULAR,Pondok Indah,Ahmad Agus Sudiro Parhusnan Marzuki,B 5159 SVL,"55,921"
"Sep 12, 2025, 14:00",WO-142865269830774837,SPAREPART,ec86c430-e74c-451d-8d93-6d47384acc17,Tire 90/90-12 H3 (KENDA) H3,"100,000","100,000",1,0,0,1,"100,000",NOT_COVERED,APPLIED,GEN-F0500-001-N-MA,"1,741",REGULAR,Pondok Indah,Eka Pitaloka,B 4867 SVO,"39,208"
"Sep 12, 2025, 14:00",WO-142865269830774837,SPAREPART,d09f6b27-05e3-429e-8d59-5978689af06f,USB charging port H3,"12,627","38,000",1,0,0,1,"38,000",NOT_COVERED,APPLIED,H3A-E40010-001-N-NE,871,REGULAR,Pondok Indah,Eka Pitaloka,B 4867 SVO,"39,208"
"Sep 12, 2025, 14:00",WO-142865269830774837,SPAREPART,87eede8f-1064-4c4e-912d-9319aa96d5b0,Brake Pad H3 FR / RR H3,"26,000",0,2,0,0,2,0,NEW_ONBOARDING,APPLIED,GEN-F0130-001-N-NE,"1,075",REGULAR,Pondok Indah,Eka Pitaloka,B 4867 SVO,"39,208"
"Sep 12, 2025, 13:56",WO-142864847447530205,SPAREPART,87eede8f-1064-4c4e-912d-9319aa96d5b0,Brake Pad H3 FR / RR H3,"26,000",0,1,0,0,1,0,NEW_ONBOARDING,APPLIED,GEN-F0130-001-N-NE,"1,075",REGULAR,Pondok Indah,Faiz Zaidan Alghifari Ramadhan,B 3884 PWG,"14,946"
"Sep 12, 2025, 13:56",WO-142864847447530205,SPAREPART,d09f6b27-05e3-429e-8d59-5978689af06f,USB charging port H3,"12,627",0,1,0,0,1,0,NEW_ONBOARDING,APPLIED,H3A-E40010-001-N-NE,871,REGULAR,Pondok Indah,Faiz Zaidan Alghifari Ramadhan,B 3884 PWG,"14,946"
"Sep 12, 2025, 13:51",WO-142864445314494517,SPAREPART,ec86c430-e74c-451d-8d93-6d47384acc17,Tire 90/90-12 H3 (KENDA) H3,"100,000","100,000",1,0,0,1,"100,000",NOT_COVERED,APPLIED,GEN-F0500-001-N-MA,"1,741",REGULAR,Pondok Indah,Muhammad Haikal Alfaidz,B 4601 SVR,"56,928"
"Sep 12, 2025, 13:51",WO-142864445314494517,SPAREPART,87eede8f-1064-4c4e-912d-9319aa96d5b0,Brake Pad H3 FR / RR H3,"26,000",0,2,0,0,2,0,NEW_ONBOARDING,APPLIED,GEN-F0130-001-N-NE,"1,075",REGULAR,Pondok Indah,Muhammad Haikal Alfaidz,B 4601 SVR,"56,928"
"Sep 12, 2025, 13:42",WO-142845134470443061,SPAREPART,e52a6762-bb04-453f-90f6-dfeed6ec8877,Single stand power off switch H3,"20,838","20,838",1,0,0,1,"20,838",NOT_COVERED,APPLIED,H3A-E70070-001-N-BL,873,REGULAR,Pondok Indah,Faiz Zaidan Alghifari Ramadhan,B 4200 SVV,"3,840"
"Sep 12, 2025, 13:37",WO-142863013949534261,SPAREPART,87eede8f-1064-4c4e-912d-9319aa96d5b0,Brake Pad H3 FR / RR H3,"26,000",0,2,0,0,2,0,NEW_ONBOARDING,APPLIED,GEN-F0130-001-N-NE,"1,075",REGULAR,Pondok Indah,Faiz Zaidan Alghifari Ramadhan,B 4013 SWB,"22,048"
"Sep 12, 2025, 13:33",WO-142861615283367989,SPAREPART,ec86c430-e74c-451d-8d93-6d47384acc17,Tire 90/90-12 H3 (KENDA) H3,"100,000",0,1,0,0,1,0,NOT_COVERED,APPLIED,GEN-F0500-001-N-MA,"1,741",STORING,Pondok Indah,Service Advisor PI,B 4594 SVT,"51,812"
"Sep 12, 2025, 13:28",WO-142862074056339509,SPAREPART,87eede8f-1064-4c4e-912d-9319aa96d5b0,Brake Pad H3 FR / RR H3,"26,000",0,2,0,0,2,0,NEW_ONBOARDING,APPLIED,GEN-F0130-001-N-NE,"1,075",REGULAR,Pondok Indah,Aldy Arifiandy,B 3486 PWE,"39,122"
"Sep 12, 2025, 13:24",WO-142861649626329141,SPAREPART,79e0bbc0-0b87-4142-8e3f-0b3ccdc86641,Brake Pad Kit H5 -2-01 (Canvas Rem) H5,"28,500",0,1,0,0,1,0,NEW_ONBOARDING,APPLIED,GEN-F1140-001-R-NE,"1,759",REGULAR,Pondok Indah,Aldy Arifiandy,B 4571 SVL,"60,912"
"Sep 12, 2025, 13:24",WO-142861649626329141,SPAREPART,fa116921-3f09-44e1-b709-86b1780d9253,Brake Pad Kit H5 -1-01 (Canvas Rem) H5,"39,500",0,1,0,0,1,0,NEW_ONBOARDING,APPLIED,GEN-F1130-001-F-NE,"1,758",REGULAR,Pondok Indah,Aldy Arifiandy,B 4571 SVL,"60,912"
"Sep 12, 2025, 13:20",WO-142861235229093941,SPAREPART,87eede8f-1064-4c4e-912d-9319aa96d5b0,Brake Pad H3 FR / RR H3,"26,000",0,2,0,0,2,0,NEW_ONBOARDING,APPLIED,GEN-F0130-001-N-NE,"1,075",URGENT,Pondok Indah,Muhammad Riduwan,B 4580 SVR,"42,482"
"Sep 12, 2025, 11:35",WO-142847691100003037,SPAREPART,87eede8f-1064-4c4e-912d-9319aa96d5b0,Brake Pad H3 FR / RR H3,"26,000",0,1,0,0,1,0,NOT_COVERED,APPLIED,GEN-F0130-001-N-NE,"1,075",STORING,Pondok Indah,Eka Pitaloka,B 4281 SWA,"19,047"
"Sep 12, 2025, 11:29",WO-142850091852558389,SPAREPART,c52ca52a-85ef-43ad-8637-a9a65142da16,Rear disc brake disc H3,"26,519","80,000",1,0,0,1,"80,000",NOT_COVERED,APPLIED,GEN-F0190-001-R-NE,854,REGULAR,Pondok Indah,Eka Pitaloka,B 4448 SVP,"44,929"
"Sep 12, 2025, 11:29",WO-142850091852558389,SPAREPART,87eede8f-1064-4c4e-912d-9319aa96d5b0,Brake Pad H3 FR / RR H3,"26,000",0,2,0,0,2,0,NEW_ONBOARDING,APPLIED,GEN-F0130-001-N-NE,"1,075",REGULAR,Pondok Indah,Eka Pitaloka,B 4448 SVP,"44,929"
"Sep 12, 2025, 11:24",WO-142849590213799989,SPAREPART,87eede8f-1064-4c4e-912d-9319aa96d5b0,Brake Pad H3 FR / RR H3,"26,000",0,2,0,0,2,0,NEW_ONBOARDING,APPLIED,GEN-F0130-001-N-NE,"1,075",REGULAR,Pondok Indah,Aldy Arifiandy,B 4730 SVO,"47,299"
"Sep 12, 2025, 11:19",WO-142847021219322589,SPAREPART,2a15c8c6-fe7c-4d32-aba6-da4505f9be47,Flat fork guard board right H1,"54,096","54,000",1,0,0,1,"54,000",NOT_COVERED,APPLIED,H1A-B1250-001-R-MA,"1,776",STORING,Pondok Indah,Eka Pitaloka,B 4715 SWD,"12,932"
"Sep 12, 2025, 11:17",WO-142848896123596853,SPAREPART,1ac25aee-ff64-497d-a915-e4617a1892ae,Bearing Nachi 6201 H3,"13,967","13,500",2,0,0,2,"27,000",NOT_COVERED,APPLIED,GEN-F0060-001-F-NE,"1,735",REGULAR,Pondok Indah,Service Advisor PI,B 4115 SVP,"42,453"
"Sep 12, 2025, 11:08",WO-142847826626353885,SPAREPART,ec86c430-e74c-451d-8d93-6d47384acc17,Tire 90/90-12 H3 (KENDA) H3,"135,796",0,1,0,0,1,0,NEW_ONBOARDING,APPLIED,GEN-F0500-001-N-MA,"1,741",REGULAR,Pondok Indah,Ahmad Agus Sudiro Parhusnan Marzuki,B 4221 SWB,"2,815"
"Sep 12, 2025, 10:55",WO-142843798634896093,SPAREPART,1ac25aee-ff64-497d-a915-e4617a1892ae,Bearing Nachi 6201 H3,"13,967","13,500",2,0,0,2,"27,000",NOT_COVERED,APPLIED,GEN-F0060-001-F-NE,"1,735",REGULAR,Pondok Indah,Eka Pitaloka,B 3964 PWF,"35,685"
"Sep 12, 2025, 10:55",WO-142758190155624501,SPAREPART,0e63dd11-3dfb-40f2-9820-7fc9cc0b12bc,Front fork bearings H3,"42,021",0,1,0,0,1,0,NOT_COVERED,APPLIED,GEN-F0100-001-F-NE,849,REPO_MAINTENANCE,Pondok Indah,Service Advisor PI,B 4541 SVR,"46,153"
"Sep 12, 2025, 10:40",WO-142845134470443061,SPAREPART,d625acb9-40c7-43a1-9f20-99489c41ef5f,Front disc brake disc H3,"56,580",0,1,0,0,1,0,NEW_ONBOARDING,APPLIED,GEN-F0140-001-F-NE,853,REGULAR,Pondok Indah,Faiz Zaidan Alghifari Ramadhan,B 4200 SVV,"3,840"
"Sep 12, 2025, 10:40",WO-142845134470443061,SPAREPART,87eede8f-1064-4c4e-912d-9319aa96d5b0,Brake Pad H3 FR / RR H3,"26,000",0,2,0,0,2,0,NEW_ONBOARDING,APPLIED,GEN-F0130-001-N-NE,"1,075",REGULAR,Pondok Indah,Faiz Zaidan Alghifari Ramadhan,B 4200 SVV,"3,840"
"Sep 12, 2025, 10:31",WO-142844183017746485,SPAREPART,87eede8f-1064-4c4e-912d-9319aa96d5b0,Brake Pad H3 FR / RR H3,"26,000",0,2,0,0,2,0,NEW_ONBOARDING,APPLIED,GEN-F0130-001-N-NE,"1,075",REGULAR,Pondok Indah,Aldy Arifiandy,B 4604 SVV,"4,890"
"Sep 12, 2025, 10:31",WO-142844183017746485,SPAREPART,d09f6b27-05e3-429e-8d59-5978689af06f,USB charging port H3,"12,627",0,1,0,0,1,0,NEW_ONBOARDING,APPLIED,H3A-E40010-001-N-NE,871,REGULAR,Pondok Indah,Aldy Arifiandy,B 4604 SVV,"4,890"
"Sep 12, 2025, 10:31",WO-142844183017746485,SPAREPART,1ac25aee-ff64-497d-a915-e4617a1892ae,Bearing Nachi 6201 H3,"13,967",0,2,0,0,2,0,NEW_ONBOARDING,APPLIED,GEN-F0060-001-F-NE,"1,735",REGULAR,Pondok Indah,Aldy Arifiandy,B 4604 SVV,"4,890"
"Sep 12, 2025, 10:26",WO-142843798634896093,SPAREPART,87eede8f-1064-4c4e-912d-9319aa96d5b0,Brake Pad H3 FR / RR H3,"26,000",0,2,0,0,2,0,NEW_ONBOARDING,APPLIED,GEN-F0130-001-N-NE,"1,075",REGULAR,Pondok Indah,Eka Pitaloka,B 3964 PWF,"35,685"
"Sep 12, 2025, 10:21",WO-142843099410919477,SPAREPART,ec86c430-e74c-451d-8d93-6d47384acc17,Tire 90/90-12 H3 (KENDA) H3,"135,796",0,2,0,0,2,0,NEW_ONBOARDING,APPLIED,GEN-F0500-001-N-MA,"1,741",REGULAR,Pondok Indah,Ahmad Agus Sudiro Parhusnan Marzuki,B 4492 SVV,"4,123"
"Sep 12, 2025, 10:21",WO-142843099410919477,SPAREPART,87eede8f-1064-4c4e-912d-9319aa96d5b0,Brake Pad H3 FR / RR H3,"26,000",0,2,0,0,2,0,NEW_ONBOARDING,APPLIED,GEN-F0130-001-N-NE,"1,075",REGULAR,Pondok Indah,Ahmad Agus Sudiro Parhusnan Marzuki,B 4492 SVV,"4,123"
"Sep 12, 2025, 10:21",WO-142843099410919477,SPAREPART,1ac25aee-ff64-497d-a915-e4617a1892ae,Bearing Nachi 6201 H3,"13,967",0,1,0,0,1,0,NEW_ONBOARDING,APPLIED,GEN-F0060-001-F-NE,"1,735",REGULAR,Pondok Indah,Ahmad Agus Sudiro Parhusnan Marzuki,B 4492 SVV,"4,123"
"Sep 12, 2025, 10:15",WO-142842675165403869,SPAREPART,87eede8f-1064-4c4e-912d-9319aa96d5b0,Brake Pad H3 FR / RR H3,"26,000",0,2,0,0,2,0,NOT_COVERED,APPLIED,GEN-F0130-001-N-NE,"1,075",REGULAR,Pondok Indah,Eka Pitaloka,B 4778 SVP,"25,131"
"Sep 12, 2025, 10:06",WO-142841825365859037,SPAREPART,87eede8f-1064-4c4e-912d-9319aa96d5b0,Brake Pad H3 FR / RR H3,"26,000",0,2,0,0,2,0,NEW_ONBOARDING,APPLIED,GEN-F0130-001-N-NE,"1,075",REGULAR,Pondok Indah,Faiz Zaidan Alghifari Ramadhan,B 4469 SVV,"39,723"
"Sep 12, 2025, 10:06",WO-142841825365859037,SPAREPART,ec86c430-e74c-451d-8d93-6d47384acc17,Tire 90/90-12 H3 (KENDA) H3,"135,796",0,1,0,0,1,0,NEW_ONBOARDING,APPLIED,GEN-F0500-001-N-MA,"1,741",REGULAR,Pondok Indah,Faiz Zaidan Alghifari Ramadhan,B 4469 SVV,"39,723"
"Sep 12, 2025, 10:01",WO-142841164494598197,SPAREPART,5c1fd9ac-88d6-4eac-9e2d-0cc440871101,Hook H3,"9,568",0,1,0,0,1,0,NEW_ONBOARDING,APPLIED,H3A-B0460-001-N-MA,795,REGULAR,Pondok Indah,Ahmad Agus Sudiro Parhusnan Marzuki,B 4335 SVP,"49,270"
"Sep 12, 2025, 10:01",WO-142841164494598197,SPAREPART,be36f980-8aa3-406f-8391-a3bbbd3d4e01,Left front shock absorber assembly 6.42±0.04kg H3,"100,000",0,2,0,0,2,0,NEW_ONBOARDING,APPLIED,H3A-F0080-001-L-NE,846,REGULAR,Pondok Indah,Ahmad Agus Sudiro Parhusnan Marzuki,B 4335 SVP,"49,270"
"Sep 12, 2025, 09:43",WO-142839444343418933,SPAREPART,87eede8f-1064-4c4e-912d-9319aa96d5b0,Brake Pad H3 FR / RR H3,"26,000",0,2,0,0,2,0,NEW_ONBOARDING,APPLIED,GEN-F0130-001-N-NE,"1,075",REGULAR,Pondok Indah,Aldy Arifiandy,B 4029 SVT,"46,311"
"Sep 12, 2025, 09:40",WO-142839145037830877,SPAREPART,1ac25aee-ff64-497d-a915-e4617a1892ae,Bearing Nachi 6201 H3,"13,967",0,2,0,0,2,0,NEW_ONBOARDING,APPLIED,GEN-F0060-001-F-NE,"1,735",REGULAR,Pondok Indah,Aldy Arifiandy,B 4115 SVT,"42,453"
"Sep 12, 2025, 09:37",WO-142838883799800541,SPAREPART,87eede8f-1064-4c4e-912d-9319aa96d5b0,Brake Pad H3 FR / RR H3,"26,000",0,2,0,0,2,0,NEW_ONBOARDING,APPLIED,GEN-F0130-001-N-NE,"1,075",REGULAR,Pondok Indah,Aldy Arifiandy,B 3522 PWE,"35,019"
"Sep 12, 2025, 09:29",WO-142838127935888093,SPAREPART,87eede8f-1064-4c4e-912d-9319aa96d5b0,Brake Pad H3 FR / RR H3,"26,000",0,2,0,0,2,0,NEW_ONBOARDING,APPLIED,GEN-F0130-001-N-NE,"1,075",REGULAR,Pondok Indah,Ahmad Agus Sudiro Parhusnan Marzuki,B 4663 SVR,"48,565"
"Sep 12, 2025, 09:26",WO-142837764558221365,SPAREPART,5075f880-8de8-488e-9bca-4db3d05c3583,Brake pad Front H1 - Fr H1,"26,000",0,1,0,0,1,0,NEW_ONBOARDING,APPLIED,GEN-F1280-001-N-NE,"1,789",REGULAR,Pondok Indah,Faiz Zaidan Alghifari Ramadhan,B 4609 SWD,"1,374"
"Sep 12, 2025, 09:23",WO-142837448056041525,SPAREPART,87eede8f-1064-4c4e-912d-9319aa96d5b0,Brake Pad H3 FR / RR H3,"26,000",0,2,0,0,2,0,NEW_ONBOARDING,APPLIED,GEN-F0130-001-N-NE,"1,075",REGULAR,Pondok Indah,Aldy Arifiandy,B 4791 SVR,"52,383"
"Sep 12, 2025, 09:21",WO-142837282079043637,SPAREPART,87eede8f-1064-4c4e-912d-9319aa96d5b0,Brake Pad H3 FR / RR H3,"26,000",0,2,0,0,2,0,NEW_ONBOARDING,APPLIED,GEN-F0130-001-N-NE,"1,075",URGENT,Pondok Indah,Dani Setiawan,B 4390 SVT,"49,454"
"Sep 12, 2025, 09:21",WO-142837282079043637,SPAREPART,ec86c430-e74c-451d-8d93-6d47384acc17,Tire 90/90-12 H3 (KENDA) H3,"100,000","100,000",1,0,0,1,"100,000",NOT_COVERED,APPLIED,GEN-F0500-001-N-MA,"1,741",URGENT,Pondok Indah,Dani Setiawan,B 4390 SVT,"49,454"
"Sep 12, 2025, 09:07",WO-142835906246668341,SPAREPART,ec86c430-e74c-451d-8d93-6d47384acc17,Tire 90/90-12 H3 (KENDA) H3,"100,000","100,000",1,0,0,1,"100,000",NOT_COVERED,APPLIED,GEN-F0500-001-N-MA,"1,741",REGULAR,Pondok Indah,Ahmad Agus Sudiro Parhusnan Marzuki,B 3489 PWE,"21,555"
"Sep 12, 2025, 09:07",WO-142835906246668341,SPAREPART,87eede8f-1064-4c4e-912d-9319aa96d5b0,Brake Pad H3 FR / RR H3,"26,000",0,2,0,0,2,0,NEW_ONBOARDING,APPLIED,GEN-F0130-001-N-NE,"1,075",REGULAR,Pondok Indah,Ahmad Agus Sudiro Parhusnan Marzuki,B 3489 PWE,"21,555"
"Sep 12, 2025, 09:06",WO-142835696699185885,SPAREPART,5075f880-8de8-488e-9bca-4db3d05c3583,Brake pad Front H1 - Fr H1,"26,000",0,1,0,0,1,0,NOT_COVERED,APPLIED,GEN-F1280-001-N-NE,"1,789",REGULAR,Pondok Indah,Eka Pitaloka,B 4667 SWB,"8,490"
"Sep 12, 2025, 08:18",WO-142830916417417269,SPAREPART,87eede8f-1064-4c4e-912d-9319aa96d5b0,Brake Pad H3 FR / RR H3,"26,000",0,2,0,0,2,0,NEW_ONBOARDING,APPLIED,GEN-F0130-001-N-NE,"1,075",REGULAR,Pondok Indah,Faiz Zaidan Alghifari Ramadhan,B 4466 SVR,"59,672"
"Sep 11, 2025, 16:44",WO-142728367211289309,SPAREPART,79e0bbc0-0b87-4142-8e3f-0b3ccdc86641,Brake Pad Kit H5 -2-01 (Canvas Rem) H5,"28,500",0,1,0,0,1,0,NEW_ONBOARDING,APPLIED,GEN-F1140-001-R-NE,"1,759",STORING,Pondok Indah,Muhammad Riduwan,B 5138 SVL,"65,467"
"Sep 11, 2025, 16:44",WO-142728367211289309,SPAREPART,fa116921-3f09-44e1-b709-86b1780d9253,Brake Pad Kit H5 -1-01 (Canvas Rem) H5,"39,500",0,1,0,0,1,0,NEW_ONBOARDING,APPLIED,GEN-F1130-001-F-NE,"1,758",STORING,Pondok Indah,Muhammad Riduwan,B 5138 SVL,"65,467"
"Sep 11, 2025, 16:40",WO-142691073574050525,SPAREPART,87eede8f-1064-4c4e-912d-9319aa96d5b0,Brake Pad H3 FR / RR H3,"26,000",0,2,0,0,2,0,NEW_ONBOARDING,APPLIED,GEN-F0130-001-N-NE,"1,075",URGENT,Pondok Indah,Muhammad Riduwan,B 4689 SVO,"22,119"
"Sep 11, 2025, 16:27",WO-142690435083541213,SPAREPART,f254f829-8173-472e-b0ef-11f788620af5,Lock plate H3,"36,846",0,1,0,0,1,0,NEW_ONBOARDING,APPLIED,H3A-F0410-001-N-NE,858,URGENT,Pondok Indah,Service Advisor PI,B 4342 SVT,"32,330"
"Sep 11, 2025, 15:53",WO-142719919732092981,SPAREPART,0e63dd11-3dfb-40f2-9820-7fc9cc0b12bc,Front fork bearings H3,"42,021","100,000",1,0,0,1,"100,000",NOT_COVERED,APPLIED,GEN-F0100-001-F-NE,849,STORING,Pondok Indah,Service Advisor PI,B 4761 SVP,"53,861"
"Sep 11, 2025, 15:47",WO-142731152229199925,SPAREPART,87eede8f-1064-4c4e-912d-9319aa96d5b0,Brake Pad H3 FR / RR H3,"26,000",0,1,0,0,1,0,NEW_ONBOARDING,APPLIED,GEN-F0130-001-N-NE,"1,075",REGULAR,Pondok Indah,Faiz Zaidan Alghifari Ramadhan,B 4700 SVT,"43,661"
"Sep 11, 2025, 15:46",WO-142714273091558109,SPAREPART,a1e28b04-f677-4714-8188-f032b8a4eb05,Bearing Nachi 6205 H5,"20,068","20,000",1,0,0,1,"20,000",NOT_COVERED,APPLIED,GEN-F0250-002-N-NE,"1,756",REGULAR,Pondok Indah,Eka Pitaloka,B 4017 SVP,"40,292"
"Sep 11, 2025, 15:46",WO-142714273091558109,SPAREPART,5123303c-4006-4550-babc-615aa591fd41,Bearing Nachi 6204 H3,"24,000","24,000",1,0,0,1,"24,000",NOT_COVERED,APPLIED,GEN-F0240-001-N-NE,"1,736",REGULAR,Pondok Indah,Eka Pitaloka,B 4017 SVP,"40,292"
"Sep 11, 2025, 15:03",WO-142726654794461237,SPAREPART,87eede8f-1064-4c4e-912d-9319aa96d5b0,Brake Pad H3 FR / RR H3,"26,000",0,2,0,0,2,0,NEW_ONBOARDING,APPLIED,GEN-F0130-001-N-NE,"1,075",REGULAR,Pondok Indah,Ahmad Agus Sudiro Parhusnan Marzuki,B 4250 SWB,"14,207"
"Sep 11, 2025, 15:03",WO-142726654794461237,SPAREPART,ec86c430-e74c-451d-8d93-6d47384acc17,Tire 90/90-12 H3 (KENDA) H3,"135,796",0,1,0,0,1,0,NEW_ONBOARDING,APPLIED,GEN-F0500-001-N-MA,"1,741",REGULAR,Pondok Indah,Ahmad Agus Sudiro Parhusnan Marzuki,B 4250 SWB,"14,207"
"Sep 11, 2025, 14:13",WO-142721737962876981,SPAREPART,87eede8f-1064-4c4e-912d-9319aa96d5b0,Brake Pad H3 FR / RR H3,"26,000",0,2,0,0,2,0,NEW_ONBOARDING,APPLIED,GEN-F0130-001-N-NE,"1,075",REGULAR,Pondok Indah,Ahmad Agus Sudiro Parhusnan Marzuki,B 3710 PWE,"32,991"
"Sep 11, 2025, 14:11",WO-142721456038484701,SPAREPART,87eede8f-1064-4c4e-912d-9319aa96d5b0,Brake Pad H3 FR / RR H3,"26,000",0,2,0,0,2,0,NEW_ONBOARDING,APPLIED,GEN-F0130-001-N-NE,"1,075",REGULAR,Pondok Indah,Muhammad Riduwan,B 4373 SVR,"54,280"
"Sep 11, 2025, 14:07",WO-142721061388032733,SPAREPART,87eede8f-1064-4c4e-912d-9319aa96d5b0,Brake Pad H3 FR / RR H3,"26,000",0,2,0,0,2,0,NEW_ONBOARDING,APPLIED,GEN-F0130-001-N-NE,"1,075",REGULAR,Pondok Indah,Eka Pitaloka,B 4107 SWA,"69,192"
"Sep 11, 2025, 14:07",WO-142721061388032733,SPAREPART,d09f6b27-05e3-429e-8d59-5978689af06f,USB charging port H3,"12,627","38,000",1,0,0,1,"38,000",NOT_COVERED,APPLIED,H3A-E40010-001-N-NE,871,REGULAR,Pondok Indah,Eka Pitaloka,B 4107 SWA,"69,192"
"Sep 11, 2025, 14:03",WO-142720679135943389,SPAREPART,87eede8f-1064-4c4e-912d-9319aa96d5b0,Brake Pad H3 FR / RR H3,"26,000",0,2,0,0,2,0,NEW_ONBOARDING,APPLIED,GEN-F0130-001-N-NE,"1,075",REGULAR,Pondok Indah,Muhammad Riduwan,B 4547 SVT,"58,738"
"Sep 11, 2025, 14:03",WO-142720679135943389,SPAREPART,0e63dd11-3dfb-40f2-9820-7fc9cc0b12bc,Front fork bearings H3,"42,021","42,021",1,0,0,1,"42,021",NOT_COVERED,APPLIED,GEN-F0100-001-F-NE,849,REGULAR,Pondok Indah,Muhammad Riduwan,B 4547 SVT,"58,738"
"Sep 11, 2025, 13:56",WO-142719851415269429,SPAREPART,87eede8f-1064-4c4e-912d-9319aa96d5b0,Brake Pad H3 FR / RR H3,"26,000",0,2,0,0,2,0,NEW_ONBOARDING,APPLIED,GEN-F0130-001-N-NE,"1,075",REGULAR,Pondok Indah,Service Advisor PI,B 3806 PWF,"61,388"
"Sep 11, 2025, 13:56",WO-142719851415269429,SPAREPART,29ae4c69-46d5-4754-bf7e-f808ca55ebe7,Lock Set H3,"32,338","100,000",1,0,0,1,"100,000",NOT_COVERED,APPLIED,H3A-E70050-001-N-NE,865,REGULAR,Pondok Indah,Service Advisor PI,B 3806 PWF,"61,388"
"Sep 11, 2025, 13:51",WO-142719404805779509,SPAREPART,5075f880-8de8-488e-9bca-4db3d05c3583,Brake pad Front H1 - Fr H1,"26,000",0,1,0,0,1,0,NEW_ONBOARDING,APPLIED,GEN-F1280-001-N-NE,"1,789",REGULAR,Pondok Indah,Ahmad Agus Sudiro Parhusnan Marzuki,B 4867 SWD,"1,002"
"Sep 11, 2025, 13:51",WO-142719404805779509,SPAREPART,9e2b03be-2181-46bf-8907-dc827cc41dc0,Steel bowl H1,"32,729",0,1,0,0,1,0,NEW_ONBOARDING,APPLIED,H1A-F1840-001-N-NE,"1,033",REGULAR,Pondok Indah,Ahmad Agus Sudiro Parhusnan Marzuki,B 4867 SWD,"1,002"
"Sep 11, 2025, 13:44",WO-142718684744391389,SPAREPART,fa116921-3f09-44e1-b709-86b1780d9253,Brake Pad Kit H5 -1-01 (Canvas Rem) H5,"39,500",0,1,0,0,1,0,NEW_ONBOARDING,APPLIED,GEN-F1130-001-F-NE,"1,758",REGULAR,Pondok Indah,Eka Pitaloka,B 5054 SVL,0
"Sep 11, 2025, 13:44",WO-142718684744391389,SPAREPART,79e0bbc0-0b87-4142-8e3f-0b3ccdc86641,Brake Pad Kit H5 -2-01 (Canvas Rem) H5,"28,500",0,1,0,0,1,0,NEW_ONBOARDING,APPLIED,GEN-F1140-001-R-NE,"1,759",REGULAR,Pondok Indah,Eka Pitaloka,B 5054 SVL,0
"Sep 11, 2025, 13:44",WO-142718684744391389,SPAREPART,1ac25aee-ff64-497d-a915-e4617a1892ae,Bearing Nachi 6201 H3,"13,967","27,000",1,0,0,1,"27,000",NOT_COVERED,APPLIED,GEN-F0060-001-F-NE,"1,735",REGULAR,Pondok Indah,Eka Pitaloka,B 5054 SVL,0
"Sep 11, 2025, 13:38",WO-142718103346748125,SPAREPART,0e63dd11-3dfb-40f2-9820-7fc9cc0b12bc,Front fork bearings H3,"42,021","100,000",1,0,0,1,"100,000",NOT_COVERED,APPLIED,GEN-F0100-001-F-NE,849,REGULAR,Pondok Indah,Eka Pitaloka,B 4491 SVT,"25,819"
"Sep 11, 2025, 13:38",WO-142718103346748125,SPAREPART,87eede8f-1064-4c4e-912d-9319aa96d5b0,Brake Pad H3 FR / RR H3,"26,000",0,2,0,0,2,0,NEW_ONBOARDING,APPLIED,GEN-F0130-001-N-NE,"1,075",REGULAR,Pondok Indah,Eka Pitaloka,B 4491 SVT,"25,819"
"Sep 11, 2025, 13:32",WO-142705372241599197,SPAREPART,18749550-126c-431c-a00c-fdd1bafa5068,Right handle bar H3,"16,813","16,813",1,0,0,1,"16,813",NOT_COVERED,APPLIED,H3A-B0300-001-R-MA,869,REGULAR,Pondok Indah,Muhammad Haikal Alfaidz,B 4740 SVT,"23,445"
"Sep 11, 2025, 13:31",WO-142717419943686197,SPAREPART,d09f6b27-05e3-429e-8d59-5978689af06f,USB charging port H3,"12,627",0,1,0,0,1,0,NEW_ONBOARDING,APPLIED,H3A-E40010-001-N-NE,871,REGULAR,Pondok Indah,Ahmad Agus Sudiro Parhusnan Marzuki,B 4043 SVT,"45,675"
"Sep 11, 2025, 13:31",WO-142717419943686197,SPAREPART,87eede8f-1064-4c4e-912d-9319aa96d5b0,Brake Pad H3 FR / RR H3,"26,000",0,2,0,0,2,0,NEW_ONBOARDING,APPLIED,GEN-F0130-001-N-NE,"1,075",REGULAR,Pondok Indah,Ahmad Agus Sudiro Parhusnan Marzuki,B 4043 SVT,"45,675"
"Sep 11, 2025, 13:31",WO-142717419943686197,SPAREPART,a8ecb0d4-1cf0-465a-99cc-7f4d7ead94aa,Side stand H3,"9,706",0,1,0,0,1,0,NEW_ONBOARDING,APPLIED,H3A-A0080-001-N-BL,831,REGULAR,Pondok Indah,Ahmad Agus Sudiro Parhusnan Marzuki,B 4043 SVT,"45,675"
"Sep 11, 2025, 13:15",WO-142715862212735029,SPAREPART,87eede8f-1064-4c4e-912d-9319aa96d5b0,Brake Pad H3 FR / RR H3,"26,000",0,2,0,0,2,0,NEW_ONBOARDING,APPLIED,GEN-F0130-001-N-NE,"1,075",REGULAR,Pondok Indah,Muhammad Riduwan,B 4047 SWB,"16,009"
"Sep 11, 2025, 13:08",WO-142715091702258397,SPAREPART,87eede8f-1064-4c4e-912d-9319aa96d5b0,Brake Pad H3 FR / RR H3,"26,000",0,2,0,0,2,0,NEW_ONBOARDING,APPLIED,GEN-F0130-001-N-NE,"1,075",REGULAR,Pondok Indah,Muhammad Riduwan,B 4406 SVR,"42,818"
"Sep 11, 2025, 13:00",WO-142714273091558109,SPAREPART,87eede8f-1064-4c4e-912d-9319aa96d5b0,Brake Pad H3 FR / RR H3,"26,000",0,2,0,0,2,0,NEW_ONBOARDING,APPLIED,GEN-F0130-001-N-NE,"1,075",REGULAR,Pondok Indah,Eka Pitaloka,B 4017 SVP,"40,292"
"Sep 11, 2025, 11:31",WO-142705372241599197,SPAREPART,ec86c430-e74c-451d-8d93-6d47384acc17,Tire 90/90-12 H3 (KENDA) H3,"135,796",0,1,0,0,1,0,NEW_ONBOARDING,APPLIED,GEN-F0500-001-N-MA,"1,741",REGULAR,Pondok Indah,Muhammad Haikal Alfaidz,B 4740 SVT,"23,445"
"Sep 11, 2025, 11:31",WO-142705372241599197,SPAREPART,87eede8f-1064-4c4e-912d-9319aa96d5b0,Brake Pad H3 FR / RR H3,"26,000",0,2,0,0,2,0,NEW_ONBOARDING,APPLIED,GEN-F0130-001-N-NE,"1,075",REGULAR,Pondok Indah,Muhammad Haikal Alfaidz,B 4740 SVT,"23,445"
"Sep 11, 2025, 11:24",WO-142704660870918197,SPAREPART,79e0bbc0-0b87-4142-8e3f-0b3ccdc86641,Brake Pad Kit H5 -2-01 (Canvas Rem) H5,"28,500",0,1,0,0,1,0,NEW_ONBOARDING,APPLIED,GEN-F1140-001-R-NE,"1,759",REGULAR,Pondok Indah,Muhammad Riduwan,B 4110 SVO,"32,431"
"Sep 11, 2025, 11:24",WO-142704660870918197,SPAREPART,fa116921-3f09-44e1-b709-86b1780d9253,Brake Pad Kit H5 -1-01 (Canvas Rem) H5,"39,500",0,1,0,0,1,0,NEW_ONBOARDING,APPLIED,GEN-F1130-001-F-NE,"1,758",REGULAR,Pondok Indah,Muhammad Riduwan,B 4110 SVO,"32,431"
"Sep 11, 2025, 11:16",WO-142703848618782773,SPAREPART,79e0bbc0-0b87-4142-8e3f-0b3ccdc86641,Brake Pad Kit H5 -2-01 (Canvas Rem) H5,"28,500",0,1,0,0,1,0,NEW_ONBOARDING,APPLIED,GEN-F1140-001-R-NE,"1,759",REGULAR,Pondok Indah,Faiz Zaidan Alghifari Ramadhan,B 4905 SVN,"37,192"
"Sep 11, 2025, 11:16",WO-142703848618782773,SPAREPART,fa116921-3f09-44e1-b709-86b1780d9253,Brake Pad Kit H5 -1-01 (Canvas Rem) H5,"39,500",0,1,0,0,1,0,NEW_ONBOARDING,APPLIED,GEN-F1130-001-F-NE,"1,758",REGULAR,Pondok Indah,Faiz Zaidan Alghifari Ramadhan,B 4905 SVN,"37,192"
"Sep 11, 2025, 10:58",WO-142702072112934965,SPAREPART,79e0bbc0-0b87-4142-8e3f-0b3ccdc86641,Brake Pad Kit H5 -2-01 (Canvas Rem) H5,"28,500",0,1,0,0,1,0,NEW_ONBOARDING,APPLIED,GEN-F1140-001-R-NE,"1,759",REGULAR,Pondok Indah,Ahmad Agus Sudiro Parhusnan Marzuki,B 4566 SVL,"80,129"
"Sep 11, 2025, 10:58",WO-142702072112934965,SPAREPART,fa116921-3f09-44e1-b709-86b1780d9253,Brake Pad Kit H5 -1-01 (Canvas Rem) H5,"39,500",0,1,0,0,1,0,NEW_ONBOARDING,APPLIED,GEN-F1130-001-F-NE,"1,758",REGULAR,Pondok Indah,Ahmad Agus Sudiro Parhusnan Marzuki,B 4566 SVL,"80,129"
"Sep 11, 2025, 10:54",WO-142701191040604893,SPAREPART,87eede8f-1064-4c4e-912d-9319aa96d5b0,Brake Pad H3 FR / RR H3,"26,000",0,1,0,0,1,0,NEW_ONBOARDING,APPLIED,GEN-F0130-001-N-NE,"1,075",REGULAR,Pondok Indah,Faiz Zaidan Alghifari Ramadhan,B 5296 BWJ,"315,521"
"Sep 11, 2025, 10:50",WO-142693217551314997,SPAREPART,a3335944-0e65-4f24-bb46-37a0ffd6b0d8,Combination switch left K1 H1,"88,343","100,000",1,0,0,1,"100,000",NOT_COVERED,APPLIED,H1A-F2530-001-N-NE,"1,055",REGULAR,Pondok Indah,Eka Pitaloka,B 4815 SWD,70
"Sep 11, 2025, 10:45",WO-142695941651045085,SPAREPART,87eede8f-1064-4c4e-912d-9319aa96d5b0,Brake Pad H3 FR / RR H3,"26,000",0,1,0,0,1,0,NOT_COVERED,APPLIED,GEN-F0130-001-N-NE,"1,075",REGULAR,Pondok Indah,Service Advisor PI,B 4739 SWC,"6,435"
"Sep 11, 2025, 10:45",WO-142700727553290293,SPAREPART,87eede8f-1064-4c4e-912d-9319aa96d5b0,Brake Pad H3 FR / RR H3,"26,000",0,2,0,0,2,0,NEW_ONBOARDING,APPLIED,GEN-F0130-001-N-NE,"1,075",REGULAR,Pondok Indah,Ahmad Agus Sudiro Parhusnan Marzuki,B 4778 SVR,"34,625"
"Sep 11, 2025, 10:35",WO-142699656009226973,SPAREPART,0e63dd11-3dfb-40f2-9820-7fc9cc0b12bc,Front fork bearings H3,"42,021",0,1,0,0,1,0,NEW_ONBOARDING,APPLIED,GEN-F0100-001-F-NE,849,REGULAR,Pondok Indah,Muhammad Riduwan,B 3503 PWG,"1,182"
"Sep 11, 2025, 10:35",WO-142699656009226973,SPAREPART,d625acb9-40c7-43a1-9f20-99489c41ef5f,Front disc brake disc H3,"56,580",0,1,0,0,1,0,NEW_ONBOARDING,APPLIED,GEN-F0140-001-F-NE,853,REGULAR,Pondok Indah,Muhammad Riduwan,B 3503 PWG,"1,182"
"Sep 11, 2025, 10:35",WO-142699656009226973,SPAREPART,c52ca52a-85ef-43ad-8637-a9a65142da16,Rear disc brake disc H3,"26,519",0,1,0,0,1,0,NEW_ONBOARDING,APPLIED,GEN-F0190-001-R-NE,854,REGULAR,Pondok Indah,Muhammad Riduwan,B 3503 PWG,"1,182"
"Sep 11, 2025, 10:35",WO-142699656009226973,SPAREPART,87eede8f-1064-4c4e-912d-9319aa96d5b0,Brake Pad H3 FR / RR H3,"26,000",0,2,0,0,2,0,NEW_ONBOARDING,APPLIED,GEN-F0130-001-N-NE,"1,075",REGULAR,Pondok Indah,Muhammad Riduwan,B 3503 PWG,"1,182"
"Sep 11, 2025, 10:24",WO-142698531063394357,SPAREPART,87eede8f-1064-4c4e-912d-9319aa96d5b0,Brake Pad H3 FR / RR H3,"26,000",0,1,0,0,1,0,NEW_ONBOARDING,APPLIED,GEN-F0130-001-N-NE,"1,075",REGULAR,Pondok Indah,Faiz Zaidan Alghifari Ramadhan,B 4456 SWE,"3,200"
"Sep 11, 2025, 10:14",WO-142697621738232541,SPAREPART,87eede8f-1064-4c4e-912d-9319aa96d5b0,Brake Pad H3 FR / RR H3,"26,000",0,2,0,0,2,0,NEW_ONBOARDING,APPLIED,GEN-F0130-001-N-NE,"1,075",REGULAR,Pondok Indah,Muhammad Riduwan,B 4492 SWE,"2,819"
"Sep 11, 2025, 10:02",WO-142696432904706781,SPAREPART,ec86c430-e74c-451d-8d93-6d47384acc17,Tire 90/90-12 H3 (KENDA) H3,"100,000","100,000",1,0,0,1,"100,000",NOT_COVERED,APPLIED,GEN-F0500-001-N-MA,"1,741",REGULAR,Pondok Indah,Ahmad Agus Sudiro Parhusnan Marzuki,B 4730 SVP,"69,372"
"Sep 11, 2025, 10:02",WO-142696432904706781,SPAREPART,87eede8f-1064-4c4e-912d-9319aa96d5b0,Brake Pad H3 FR / RR H3,"26,000",0,2,0,0,2,0,NEW_ONBOARDING,APPLIED,GEN-F0130-001-N-NE,"1,075",REGULAR,Pondok Indah,Ahmad Agus Sudiro Parhusnan Marzuki,B 4730 SVP,"69,372"
"Sep 11, 2025, 09:57",WO-142695941651045085,SPAREPART,ec86c430-e74c-451d-8d93-6d47384acc17,Tire 90/90-12 H3 (KENDA) H3,"135,796",0,1,0,0,1,0,NEW_ONBOARDING,APPLIED,GEN-F0500-001-N-MA,"1,741",REGULAR,Pondok Indah,Service Advisor PI,B 4739 SWC,"6,435"
"Sep 11, 2025, 09:53",WO-142695347704098869,SPAREPART,87eede8f-1064-4c4e-912d-9319aa96d5b0,Brake Pad H3 FR / RR H3,"26,000",0,1,0,0,1,0,NEW_ONBOARDING,APPLIED,GEN-F0130-001-N-NE,"1,075",REGULAR,Pondok Indah,Muhammad Haikal Alfaidz,B 4134 SVT,"30,918"
"Sep 11, 2025, 09:37",WO-142693909225599029,SPAREPART,87eede8f-1064-4c4e-912d-9319aa96d5b0,Brake Pad H3 FR / RR H3,"26,000",0,2,0,0,2,0,NEW_ONBOARDING,APPLIED,GEN-F0130-001-N-NE,"1,075",REGULAR,Pondok Indah,Ahmad Agus Sudiro Parhusnan Marzuki,B 4183 SVT,"49,335"
"Sep 11, 2025, 09:35",WO-142693709526342365,SPAREPART,87eede8f-1064-4c4e-912d-9319aa96d5b0,Brake Pad H3 FR / RR H3,"26,000",0,2,0,0,2,0,NEW_ONBOARDING,APPLIED,GEN-F0130-001-N-NE,"1,075",REGULAR,Pondok Indah,Ahmad Agus Sudiro Parhusnan Marzuki,B 4410 SWE,"28,000"
"Sep 11, 2025, 09:27",WO-142692756295315509,SPAREPART,c52ca52a-85ef-43ad-8637-a9a65142da16,Rear disc brake disc H3,"26,519","80,000",1,0,0,1,"80,000",NOT_COVERED,APPLIED,GEN-F0190-001-R-NE,854,REGULAR,Pondok Indah,Eka Pitaloka,B 4802 SVR,"91,289"
"Sep 11, 2025, 09:27",WO-142692756295315509,SPAREPART,87eede8f-1064-4c4e-912d-9319aa96d5b0,Brake Pad H3 FR / RR H3,"26,000",0,2,0,0,2,0,NEW_ONBOARDING,APPLIED,GEN-F0130-001-N-NE,"1,075",REGULAR,Pondok Indah,Eka Pitaloka,B 4802 SVR,"91,289"
"Sep 11, 2025, 09:21",WO-142692312990937141,SPAREPART,87eede8f-1064-4c4e-912d-9319aa96d5b0,Brake Pad H3 FR / RR H3,"26,000",0,2,0,0,2,0,NEW_ONBOARDING,APPLIED,GEN-F0130-001-N-NE,"1,075",REGULAR,Pondok Indah,Ahmad Agus Sudiro Parhusnan Marzuki,B 4708 SVP,"39,009"
"Sep 11, 2025, 09:07",WO-142690835387969589,SPAREPART,ec86c430-e74c-451d-8d93-6d47384acc17,Tire 90/90-12 H3 (KENDA) H3,"100,000","100,000",1,0,0,1,"100,000",NOT_COVERED,APPLIED,GEN-F0500-001-N-MA,"1,741",REGULAR,Pondok Indah,Faiz Zaidan Alghifari Ramadhan,B 4067 SWB,"23,818"
"Sep 11, 2025, 09:07",WO-142690835387969589,SPAREPART,87eede8f-1064-4c4e-912d-9319aa96d5b0,Brake Pad H3 FR / RR H3,"26,000",0,1,0,0,1,0,NEW_ONBOARDING,APPLIED,GEN-F0130-001-N-NE,"1,075",REGULAR,Pondok Indah,Faiz Zaidan Alghifari Ramadhan,B 4067 SWB,"23,818"
"Sep 10, 2025, 17:43",WO-142597852432960516,SPAREPART,c52ca52a-85ef-43ad-8637-a9a65142da16,Rear disc brake disc H3,"26,519","80,000",1,0,0,1,"80,000",NOT_COVERED,APPLIED,GEN-F0190-001-R-NE,854,URGENT,Pondok Indah,Service Advisor PI,B 4366 SVP,"45,010"
"Sep 10, 2025, 17:43",WO-142597852432960516,SPAREPART,87eede8f-1064-4c4e-912d-9319aa96d5b0,Brake Pad H3 FR / RR H3,"26,000",0,2,0,0,2,0,NEW_ONBOARDING,APPLIED,GEN-F0130-001-N-NE,"1,075",URGENT,Pondok Indah,Service Advisor PI,B 4366 SVP,"45,010"
"Sep 10, 2025, 17:40",WO-142596948761774036,SPAREPART,79e0bbc0-0b87-4142-8e3f-0b3ccdc86641,Brake Pad Kit H5 -2-01 (Canvas Rem) H5,"28,500",0,1,0,0,1,0,NEW_ONBOARDING,APPLIED,GEN-F1140-001-R-NE,"1,759",REGULAR,Pondok Indah,Service Advisor PI,B 4194 SVP,"4,324"
"Sep 10, 2025, 17:40",WO-142596948761774036,SPAREPART,37dc324d-ba63-404f-b663-747c4a4566a1,disc Brake H5,"70,000",0,1,0,0,1,0,NEW_ONBOARDING,APPLIED,GEN-F1120-001-R-NE,"1,761",REGULAR,Pondok Indah,Service Advisor PI,B 4194 SVP,"4,324"
"Sep 10, 2025, 17:40",WO-142596948761774036,SPAREPART,fa116921-3f09-44e1-b709-86b1780d9253,Brake Pad Kit H5 -1-01 (Canvas Rem) H5,"39,500",0,1,0,0,1,0,NEW_ONBOARDING,APPLIED,GEN-F1130-001-F-NE,"1,758",REGULAR,Pondok Indah,Service Advisor PI,B 4194 SVP,"4,324"
"Sep 10, 2025, 17:21",WO-142571168354798596,SPAREPART,d817abf8-0b63-4932-8312-589963fffb97,Front and rear linkage disc assembly H5,"100,000",0,2,0,0,2,0,NOT_COVERED,APPLIED,H5A-F2380-001-F-NE,975,REGULAR,Pondok Indah,Service Advisor PI,B 5037 SVL,"381,209"
"Sep 10, 2025, 17:16",WO-142575332795354116,SPAREPART,fa116921-3f09-44e1-b709-86b1780d9253,Brake Pad Kit H5 -1-01 (Canvas Rem) H5,"39,500",0,1,0,0,1,0,NOT_COVERED,APPLIED,GEN-F1130-001-F-NE,"1,758",REGULAR,Pondok Indah,Service Advisor PI,B 4835 SVN,"40,281"
"Sep 10, 2025, 17:16",WO-142575332795354116,SPAREPART,79e0bbc0-0b87-4142-8e3f-0b3ccdc86641,Brake Pad Kit H5 -2-01 (Canvas Rem) H5,"28,500",0,1,0,0,1,0,NOT_COVERED,APPLIED,GEN-F1140-001-R-NE,"1,759",REGULAR,Pondok Indah,Service Advisor PI,B 4835 SVN,"40,281"
"Sep 10, 2025, 16:53",WO-142580235668294660,SPAREPART,29ae4c69-46d5-4754-bf7e-f808ca55ebe7,Lock Set H3,"32,338","32,338",1,0,0,1,"32,338",NOT_COVERED,APPLIED,H3A-E70050-001-N-NE,865,URGENT,Pondok Indah,Adit Tia Saputra,B 4111 SVP,"30,921"
"Sep 10, 2025, 16:13",WO-142559209723004884,SPAREPART,a8261683-77ce-4c3a-969e-8c7de608fd1b,Flasher H3,"7,912",0,1,0,0,1,0,NEW_ONBOARDING,APPLIED,H3A-E50010-001-N-NE,874,URGENT,Pondok Indah,Syamsul Huda,B 4818 SVS,"4,258"
"Sep 10, 2025, 16:13",WO-142559209723004884,SPAREPART,ec86c430-e74c-451d-8d93-6d47384acc17,Tire 90/90-12 H3 (KENDA) H3,"100,000",0,1,0,0,1,0,NEW_ONBOARDING,APPLIED,GEN-F0500-001-N-MA,"1,741",URGENT,Pondok Indah,Syamsul Huda,B 4818 SVS,"4,258"
"Sep 10, 2025, 16:07",WO-142588235783080964,SPAREPART,87eede8f-1064-4c4e-912d-9319aa96d5b0,Brake Pad H3 FR / RR H3,"26,000",0,2,0,0,2,0,NEW_ONBOARDING,APPLIED,GEN-F0130-001-N-NE,"1,075",URGENT,Pondok Indah,Ahmad Agus Sudiro Parhusnan Marzuki,B 4868 SVP,"37,198"
"Sep 10, 2025, 16:07",WO-142588235783080964,SPAREPART,f16d92da-f4ef-4d7e-8529-b90e5f44343a,Handlebar riser H3,"25,852","25,852",1,0,0,1,"25,852",NOT_COVERED,APPLIED,H3A-C0060-001-N-NE,842,URGENT,Pondok Indah,Ahmad Agus Sudiro Parhusnan Marzuki,B 4868 SVP,"37,198"
"Sep 10, 2025, 15:55",WO-142586994889852884,SPAREPART,ec86c430-e74c-451d-8d93-6d47384acc17,Tire 90/90-12 H3 (KENDA) H3,"100,000",0,1,0,0,1,0,NOT_COVERED,APPLIED,GEN-F0500-001-N-MA,"1,741",URGENT,Pondok Indah,Service Advisor PI,B 4832 SVR,"45,679"
"Sep 10, 2025, 15:47",WO-142586244562422788,SPAREPART,87eede8f-1064-4c4e-912d-9319aa96d5b0,Brake Pad H3 FR / RR H3,"26,000",0,2,0,0,2,0,NEW_ONBOARDING,APPLIED,GEN-F0130-001-N-NE,"1,075",REGULAR,Pondok Indah,Faris Abdurrahan,B 4125 SVT,"47,289"
"Sep 10, 2025, 15:45",WO-142558034646797316,SPAREPART,64028545-6fdb-4c38-89c7-615dacad6aeb,Hung kee front panel (unmolded) H5,"100,000",0,1,0,0,1,0,NEW_ONBOARDING,APPLIED,H5A-B0690-001-F-BL,881,URGENT,Pondok Indah,Adit Tia Saputra,B 4148 SVO,"54,066"
"Sep 10, 2025, 15:38",WO-142585231537343492,SPAREPART,87eede8f-1064-4c4e-912d-9319aa96d5b0,Brake Pad H3 FR / RR H3,"26,000",0,2,0,0,2,0,NEW_ONBOARDING,APPLIED,GEN-F0130-001-N-NE,"1,075",REGULAR,Pondok Indah,Farel Wahyudyansyah,B 3894 PWF,"63,819"
"Sep 10, 2025, 15:06",WO-142582095590460420,SPAREPART,87eede8f-1064-4c4e-912d-9319aa96d5b0,Brake Pad H3 FR / RR H3,"26,000",0,2,0,0,2,0,NEW_ONBOARDING,APPLIED,GEN-F0130-001-N-NE,"1,075",REGULAR,Pondok Indah,Faris Abdurrahan,B 4131 SWB,"2,689"
"Sep 10, 2025, 14:58",WO-142581271728491524,SPAREPART,5075f880-8de8-488e-9bca-4db3d05c3583,Brake pad Front H1 - Fr H1,"26,000",0,1,0,0,1,0,NOT_COVERED,APPLIED,GEN-F1280-001-N-NE,"1,789",URGENT,Pondok Indah,Service Advisor PI,B 4728 SWD,80
"Sep 10, 2025, 14:55",WO-142580955545078788,SPAREPART,87eede8f-1064-4c4e-912d-9319aa96d5b0,Brake Pad H3 FR / RR H3,"26,000",0,2,0,0,2,0,NEW_ONBOARDING,APPLIED,GEN-F0130-001-N-NE,"1,075",URGENT,Pondok Indah,Ahmad Agus Sudiro Parhusnan Marzuki,B 4845 SVS,"47,200"
"Sep 10, 2025, 14:43",WO-142579763272223748,SPAREPART,d09f6b27-05e3-429e-8d59-5978689af06f,USB charging port H3,"12,627",0,1,0,0,1,0,NOT_COVERED,APPLIED,H3A-E40010-001-N-NE,871,REGULAR,Pondok Indah,Service Advisor PI,B 4691 SVT,"68,956"
"Sep 10, 2025, 14:39",WO-142579302116886484,SPAREPART,87eede8f-1064-4c4e-912d-9319aa96d5b0,Brake Pad H3 FR / RR H3,"26,000",0,2,0,0,2,0,NEW_ONBOARDING,APPLIED,GEN-F0130-001-N-NE,"1,075",REGULAR,Pondok Indah,Himawan Reksayudha,B 4639 SVO,"48,929"
"Sep 10, 2025, 14:26",WO-142578004147571716,SPAREPART,87eede8f-1064-4c4e-912d-9319aa96d5b0,Brake Pad H3 FR / RR H3,"26,000",0,2,0,0,2,0,NEW_ONBOARDING,APPLIED,GEN-F0130-001-N-NE,"1,075",REGULAR,Pondok Indah,Noval Labid,B 4836 SVR,"386,429"
"Sep 10, 2025, 14:16",WO-142576976811526100,SPAREPART,fa116921-3f09-44e1-b709-86b1780d9253,Brake Pad Kit H5 -1-01 (Canvas Rem) H5,"39,500",0,1,0,0,1,0,NOT_COVERED,APPLIED,GEN-F1130-001-F-NE,"1,758",REGULAR,Pondok Indah,Service Advisor PI,B 4494 SVL,"40,431"
"Sep 10, 2025, 14:16",WO-142576976811526100,SPAREPART,999f14b8-db39-41e5-a31a-b5e0b7e8d909,Tires (far star) H5,"100,000",0,1,0,0,1,0,NEW_ONBOARDING,APPLIED,GEN-F1090-001-N-NE,982,REGULAR,Pondok Indah,Service Advisor PI,B 4494 SVL,"40,431"
"Sep 10, 2025, 14:16",WO-142576976811526100,SPAREPART,79e0bbc0-0b87-4142-8e3f-0b3ccdc86641,Brake Pad Kit H5 -2-01 (Canvas Rem) H5,"28,500",0,1,0,0,1,0,NEW_ONBOARDING,APPLIED,GEN-F1140-001-R-NE,"1,759",REGULAR,Pondok Indah,Service Advisor PI,B 4494 SVL,"40,431"
"Sep 10, 2025, 14:11",WO-142563326684040196,SPAREPART,8ce4250a-b0be-4d3c-97ca-b3dda84a0b6d,Bearing Nachi 6004 H5,"17,980","27,000",1,0,0,1,"27,000",NOT_COVERED,APPLIED,GEN-F0580-001-R-NE,"1,760",URGENT,Pondok Indah,Eka Pitaloka,B 5287 SVL,"83,527"
"Sep 10, 2025, 14:09",WO-142576123119667156,SPAREPART,fa116921-3f09-44e1-b709-86b1780d9253,Brake Pad Kit H5 -1-01 (Canvas Rem) H5,"39,500",0,1,0,0,1,0,NEW_ONBOARDING,APPLIED,GEN-F1130-001-F-NE,"1,758",REGULAR,Pondok Indah,Muhammad Syafrizal,B 4938 SVN,"48,998"
"Sep 10, 2025, 14:09",WO-142576123119667156,SPAREPART,79e0bbc0-0b87-4142-8e3f-0b3ccdc86641,Brake Pad Kit H5 -2-01 (Canvas Rem) H5,"28,500",0,1,0,0,1,0,NEW_ONBOARDING,APPLIED,GEN-F1140-001-R-NE,"1,759",REGULAR,Pondok Indah,Muhammad Syafrizal,B 4938 SVN,"48,998"
"Sep 10, 2025, 13:29",WO-142572266004154324,SPAREPART,87eede8f-1064-4c4e-912d-9319aa96d5b0,Brake Pad H3 FR / RR H3,"26,000",0,1,0,0,1,0,NEW_ONBOARDING,APPLIED,GEN-F0130-001-N-NE,"1,075",REGULAR,Pondok Indah,Service Advisor PI,B 4112 SVP,"52,899"
"Sep 10, 2025, 13:29",WO-142572266004154324,SPAREPART,c52ca52a-85ef-43ad-8637-a9a65142da16,Rear disc brake disc H3,"26,519",0,1,0,0,1,0,NOT_COVERED,APPLIED,GEN-F0190-001-R-NE,854,REGULAR,Pondok Indah,Service Advisor PI,B 4112 SVP,"52,899"
"Sep 10, 2025, 13:29",WO-142553517263947732,SPAREPART,9ae448db-156e-4e8b-8980-6f520521c921,Speed control handle cable H3,"16,169","49,000",1,0,0,1,"49,000",NOT_COVERED,APPLIED,H3A-E70090-001-N-BL,857,STORING,Pondok Indah,Eka Pitaloka,B 3561 PWE,"54,367"
"Sep 10, 2025, 13:18",WO-142571168354798596,SPAREPART,79e0bbc0-0b87-4142-8e3f-0b3ccdc86641,Brake Pad Kit H5 -2-01 (Canvas Rem) H5,"28,500",0,1,0,0,1,0,NEW_ONBOARDING,APPLIED,GEN-F1140-001-R-NE,"1,759",REGULAR,Pondok Indah,Service Advisor PI,B 5037 SVL,"381,209"
"Sep 10, 2025, 13:18",WO-142571168354798596,SPAREPART,fa116921-3f09-44e1-b709-86b1780d9253,Brake Pad Kit H5 -1-01 (Canvas Rem) H5,"39,500",0,1,0,0,1,0,NEW_ONBOARDING,APPLIED,GEN-F1130-001-F-NE,"1,758",REGULAR,Pondok Indah,Service Advisor PI,B 5037 SVL,"381,209"
"Sep 10, 2025, 13:10",WO-142570408632125396,SPAREPART,87eede8f-1064-4c4e-912d-9319aa96d5b0,Brake Pad H3 FR / RR H3,"26,000",0,2,0,0,2,0,NEW_ONBOARDING,APPLIED,GEN-F0130-001-N-NE,"1,075",REGULAR,Pondok Indah,Faris Abdurrahan,B 4276 SWB,"38,111"
"Sep 10, 2025, 13:10",WO-142570408632125396,SPAREPART,ec86c430-e74c-451d-8d93-6d47384acc17,Tire 90/90-12 H3 (KENDA) H3,"135,796",0,1,0,0,1,0,NEW_ONBOARDING,APPLIED,GEN-F0500-001-N-MA,"1,741",REGULAR,Pondok Indah,Faris Abdurrahan,B 4276 SWB,"38,111"
"Sep 10, 2025, 13:06",WO-142569942812723156,SPAREPART,87eede8f-1064-4c4e-912d-9319aa96d5b0,Brake Pad H3 FR / RR H3,"26,000",0,2,0,0,2,0,NEW_ONBOARDING,APPLIED,GEN-F0130-001-N-NE,"1,075",URGENT,Pondok Indah,Adit Tia Saputra,B 4482 SWA,0
"Sep 10, 2025, 13:06",WO-142569942812723156,SPAREPART,ec86c430-e74c-451d-8d93-6d47384acc17,Tire 90/90-12 H3 (KENDA) H3,"100,000","100,000",1,0,0,1,"100,000",NOT_COVERED,APPLIED,GEN-F0500-001-N-MA,"1,741",URGENT,Pondok Indah,Adit Tia Saputra,B 4482 SWA,0
"Sep 10, 2025, 11:30",WO-142560230146836436,SPAREPART,ec86c430-e74c-451d-8d93-6d47384acc17,Tire 90/90-12 H3 (KENDA) H3,"135,796",0,1,0,0,1,0,NEW_ONBOARDING,APPLIED,GEN-F0500-001-N-MA,"1,741",REGULAR,Pondok Indah,Himawan Reksayudha,B 4639 SVT,"52,851"
"Sep 10, 2025, 11:30",WO-142560230146836436,SPAREPART,87eede8f-1064-4c4e-912d-9319aa96d5b0,Brake Pad H3 FR / RR H3,"26,000",0,2,0,0,2,0,NEW_ONBOARDING,APPLIED,GEN-F0130-001-N-NE,"1,075",REGULAR,Pondok Indah,Himawan Reksayudha,B 4639 SVT,"52,851"
"Sep 10, 2025, 11:30",WO-142560230146836436,SPAREPART,24f4995a-befd-4ad6-a490-c6318261742f,Cover Plat Nomer H3,"18,500","18,500",1,0,0,1,"18,500",NOT_COVERED,APPLIED,GEN-A0140-001-N-MA,"1,738",REGULAR,Pondok Indah,Himawan Reksayudha,B 4639 SVT,"52,851"
"Sep 10, 2025, 11:30",WO-142560230146836436,SPAREPART,b9d1544b-4822-4e87-8c8a-ad3eccb9bf75,Rear mirror H3,"26,000","26,000",1,0,0,1,"26,000",NOT_COVERED,APPLIED,GEN-A0050-001-R-NE,859,REGULAR,Pondok Indah,Himawan Reksayudha,B 4639 SVT,"52,851"
"Sep 10, 2025, 10:16",WO-142552945026664404,SPAREPART,e690e2c0-63af-4657-8428-91e226c44d8b,Horn H3,"11,983",0,1,0,0,1,0,NEW_ONBOARDING,APPLIED,H3A-E60040-001-N-NE,872,URGENT,Pondok Indah,Syamsul Huda,B 4711 SVT,"56,798"
"Sep 10, 2025, 10:16",WO-142552945026664404,SPAREPART,87eede8f-1064-4c4e-912d-9319aa96d5b0,Brake Pad H3 FR / RR H3,"26,000",0,2,0,0,2,0,NEW_ONBOARDING,APPLIED,GEN-F0130-001-N-NE,"1,075",URGENT,Pondok Indah,Syamsul Huda,B 4711 SVT,"56,798"
"Sep 10, 2025, 10:12",WO-142552528918153172,SPAREPART,87eede8f-1064-4c4e-912d-9319aa96d5b0,Brake Pad H3 FR / RR H3,"26,000",0,2,0,0,2,0,NEW_ONBOARDING,APPLIED,GEN-F0130-001-N-NE,"1,075",REGULAR,Pondok Indah,Himawan Reksayudha,B 4017 SWC,0
"Sep 10, 2025, 10:08",WO-142552091854900228,SPAREPART,87eede8f-1064-4c4e-912d-9319aa96d5b0,Brake Pad H3 FR / RR H3,"26,000",0,1,0,0,1,0,NEW_ONBOARDING,APPLIED,GEN-F0130-001-N-NE,"1,075",REGULAR,Pondok Indah,Faris Abdurrahan,B 4141 SVP,"50,920"
"Sep 10, 2025, 10:02",WO-142551146173564884,SPAREPART,d09f6b27-05e3-429e-8d59-5978689af06f,USB charging port H3,"12,627",0,1,0,0,1,0,NEW_ONBOARDING,APPLIED,H3A-E40010-001-N-NE,871,REGULAR,Pondok Indah,Himawan Reksayudha,B 3715 PWG,"18,084"
"Sep 10, 2025, 10:02",WO-142551146173564884,SPAREPART,87eede8f-1064-4c4e-912d-9319aa96d5b0,Brake Pad H3 FR / RR H3,"26,000",0,2,0,0,2,0,NEW_ONBOARDING,APPLIED,GEN-F0130-001-N-NE,"1,075",REGULAR,Pondok Indah,Himawan Reksayudha,B 3715 PWG,"18,084"
"Sep 10, 2025, 09:55",WO-142550511239826436,SPAREPART,1ac25aee-ff64-497d-a915-e4617a1892ae,Bearing Nachi 6201 H3,"13,967","13,500",2,0,0,2,"27,000",NOT_COVERED,APPLIED,GEN-F0060-001-F-NE,"1,735",REGULAR,Pondok Indah,Eka Pitaloka,B 4090 SVO,"66,082"
"Sep 10, 2025, 09:55",WO-142550511239826436,SPAREPART,fa116921-3f09-44e1-b709-86b1780d9253,Brake Pad Kit H5 -1-01 (Canvas Rem) H5,"39,500",0,1,0,0,1,0,NEW_ONBOARDING,APPLIED,GEN-F1130-001-F-NE,"1,758",REGULAR,Pondok Indah,Eka Pitaloka,B 4090 SVO,"66,082"
"Sep 10, 2025, 09:55",WO-142550511239826436,SPAREPART,79e0bbc0-0b87-4142-8e3f-0b3ccdc86641,Brake Pad Kit H5 -2-01 (Canvas Rem) H5,"28,500",0,1,0,0,1,0,NEW_ONBOARDING,APPLIED,GEN-F1140-001-R-NE,"1,759",REGULAR,Pondok Indah,Eka Pitaloka,B 4090 SVO,"66,082"
"Sep 10, 2025, 09:48",WO-142550018006452180,SPAREPART,87eede8f-1064-4c4e-912d-9319aa96d5b0,Brake Pad H3 FR / RR H3,"26,000",0,1,0,0,1,0,NEW_ONBOARDING,APPLIED,GEN-F0130-001-N-NE,"1,075",REGULAR,Pondok Indah,Faris Abdurrahan,B 4785 SVR,"50,843"
"Sep 10, 2025, 09:45",WO-142549660785969108,SPAREPART,87eede8f-1064-4c4e-912d-9319aa96d5b0,Brake Pad H3 FR / RR H3,"26,000",0,1,0,0,1,0,NEW_ONBOARDING,APPLIED,GEN-F0130-001-N-NE,"1,075",REGULAR,Pondok Indah,Faris Abdurrahan,B 4286 SVP,"78,902"
"Sep 10, 2025, 09:45",WO-142549660785969108,SPAREPART,ec86c430-e74c-451d-8d93-6d47384acc17,Tire 90/90-12 H3 (KENDA) H3,"100,000","100,000",1,0,0,1,"100,000",NOT_COVERED,APPLIED,GEN-F0500-001-N-MA,"1,741",REGULAR,Pondok Indah,Faris Abdurrahan,B 4286 SVP,"78,902"
"Sep 10, 2025, 09:41",WO-142548370232183812,SPAREPART,5075f880-8de8-488e-9bca-4db3d05c3583,Brake pad Front H1 - Fr H1,"26,000",0,1,0,0,1,0,NEW_ONBOARDING,APPLIED,GEN-F1280-001-N-NE,"1,789",REGULAR,Pondok Indah,Service Advisor PI,B 4799 SWD,0
"Sep 10, 2025, 09:41",WO-142548370232183812,SPAREPART,79e0bbc0-0b87-4142-8e3f-0b3ccdc86641,Brake Pad Kit H5 -2-01 (Canvas Rem) H5,"28,500",0,1,0,0,1,0,NEW_ONBOARDING,APPLIED,GEN-F1140-001-R-NE,"1,759",REGULAR,Pondok Indah,Service Advisor PI,B 4799 SWD,0
"Sep 10, 2025, 09:39",WO-142549089521764308,SPAREPART,87eede8f-1064-4c4e-912d-9319aa96d5b0,Brake Pad H3 FR / RR H3,"26,000",0,2,0,0,2,0,NEW_ONBOARDING,APPLIED,GEN-F0130-001-N-NE,"1,075",REGULAR,Pondok Indah,Himawan Reksayudha,B 4838 SVS,"24,603"
"Sep 10, 2025, 09:39",WO-142549089521764308,SPAREPART,d09f6b27-05e3-429e-8d59-5978689af06f,USB charging port H3,"12,627",0,1,0,0,1,0,NEW_ONBOARDING,APPLIED,H3A-E40010-001-N-NE,871,REGULAR,Pondok Indah,Himawan Reksayudha,B 4838 SVS,"24,603"
"Sep 10, 2025, 09:32",WO-142547274646424580,SPAREPART,87eede8f-1064-4c4e-912d-9319aa96d5b0,Brake Pad H3 FR / RR H3,"26,000",0,2,0,0,2,0,NEW_ONBOARDING,APPLIED,GEN-F0130-001-N-NE,"1,075",REGULAR,Pondok Indah,Himawan Reksayudha,B 4387 SVR,"62,226"
"Sep 10, 2025, 09:32",WO-142547094090024916,SPAREPART,87eede8f-1064-4c4e-912d-9319aa96d5b0,Brake Pad H3 FR / RR H3,"26,000",0,2,0,0,2,0,NEW_ONBOARDING,APPLIED,GEN-F0130-001-N-NE,"1,075",REGULAR,Pondok Indah,Himawan Reksayudha,B 4824 SWD,556
"Sep 10, 2025, 09:16",WO-142546477057575940,SPAREPART,d09f6b27-05e3-429e-8d59-5978689af06f,USB charging port H3,"12,627",0,1,0,0,1,0,NEW_ONBOARDING,APPLIED,H3A-E40010-001-N-NE,871,REGULAR,Pondok Indah,Faris Abdurrahan,B 3958 PWF,"29,403"
"Sep 10, 2025, 09:16",WO-142546477057575940,SPAREPART,6f887a0a-e2ae-4556-afe9-b554bb26559f,Headlight H3,"100,000",0,1,0,0,1,0,NEW_ONBOARDING,APPLIED,H3A-E60030-001-N-NE,821,REGULAR,Pondok Indah,Faris Abdurrahan,B 3958 PWF,"29,403"
"Sep 10, 2025, 09:16",WO-142546477057575940,SPAREPART,87eede8f-1064-4c4e-912d-9319aa96d5b0,Brake Pad H3 FR / RR H3,"26,000",0,2,0,0,2,0,NEW_ONBOARDING,APPLIED,GEN-F0130-001-N-NE,"1,075",REGULAR,Pondok Indah,Faris Abdurrahan,B 3958 PWF,"29,403"
"Sep 10, 2025, 09:08",WO-142546045144927236,SPAREPART,87eede8f-1064-4c4e-912d-9319aa96d5b0,Brake Pad H3 FR / RR H3,"26,000",0,2,0,0,2,0,NEW_ONBOARDING,APPLIED,GEN-F0130-001-N-NE,"1,075",REGULAR,Pondok Indah,Himawan Reksayudha,B 4517 SVP,0
"Sep 10, 2025, 09:06",WO-142545708627528708,SPAREPART,87eede8f-1064-4c4e-912d-9319aa96d5b0,Brake Pad H3 FR / RR H3,"26,000",0,1,0,0,1,0,NOT_COVERED,APPLIED,GEN-F0130-001-N-NE,"1,075",REGULAR,Pondok Indah,Eka Pitaloka,B 4506 SVP,"445,950"
"Sep 9, 2025, 15:11",WO-142437198292061188,SPAREPART,87eede8f-1064-4c4e-912d-9319aa96d5b0,Brake Pad H3 FR / RR H3,"26,000",0,2,0,0,2,0,NEW_ONBOARDING,APPLIED,GEN-F0130-001-N-NE,"1,075",REGULAR,Pondok Indah,Service Advisor PI,B 4381 SVT,0
"Sep 9, 2025, 15:10",WO-142436728580344836,SPAREPART,87eede8f-1064-4c4e-912d-9319aa96d5b0,Brake Pad H3 FR / RR H3,"26,000",0,2,0,0,2,0,NEW_ONBOARDING,APPLIED,GEN-F0130-001-N-NE,"1,075",REGULAR,Pondok Indah,Service Advisor PI,B 5075 SVL,0
"Sep 9, 2025, 14:59",WO-142436424224868308,SPAREPART,87eede8f-1064-4c4e-912d-9319aa96d5b0,Brake Pad H3 FR / RR H3,"26,000",0,2,0,0,2,0,NEW_ONBOARDING,APPLIED,GEN-F0130-001-N-NE,"1,075",REGULAR,Pondok Indah,Service Advisor PI,B 4919 SWB,0
"Sep 9, 2025, 14:50",WO-142435547363675140,SPAREPART,87eede8f-1064-4c4e-912d-9319aa96d5b0,Brake Pad H3 FR / RR H3,"26,000",0,2,0,0,2,0,NEW_ONBOARDING,APPLIED,GEN-F0130-001-N-NE,"1,075",REGULAR,Pondok Indah,Service Advisor PI,B 4033 SWD,0
"Sep 9, 2025, 14:38",WO-142434326955428868,SPAREPART,ec86c430-e74c-451d-8d93-6d47384acc17,Tire 90/90-12 H3 (KENDA) H3,"100,000","100,000",1,0,0,1,"100,000",NOT_COVERED,APPLIED,GEN-F0500-001-N-MA,"1,741",REGULAR,Pondok Indah,Service Advisor PI,B 3645 PWE,0
"Sep 9, 2025, 14:38",WO-142434326955428868,SPAREPART,87eede8f-1064-4c4e-912d-9319aa96d5b0,Brake Pad H3 FR / RR H3,"26,000",0,2,0,0,2,0,NEW_ONBOARDING,APPLIED,GEN-F0130-001-N-NE,"1,075",REGULAR,Pondok Indah,Service Advisor PI,B 3645 PWE,0
"Sep 9, 2025, 14:30",WO-142433423972109316,SPAREPART,87eede8f-1064-4c4e-912d-9319aa96d5b0,Brake Pad H3 FR / RR H3,"26,000",0,2,0,0,2,0,NEW_ONBOARDING,APPLIED,GEN-F0130-001-N-NE,"1,075",REGULAR,Pondok Indah,Service Advisor PI,B 4054 SVT,0
"Sep 9, 2025, 14:30",WO-142433423972109316,SPAREPART,ec86c430-e74c-451d-8d93-6d47384acc17,Tire 90/90-12 H3 (KENDA) H3,"100,000",0,1,0,0,1,0,NOT_COVERED,APPLIED,GEN-F0500-001-N-MA,"1,741",REGULAR,Pondok Indah,Service Advisor PI,B 4054 SVT,0
"Sep 9, 2025, 14:20",WO-142432386687175684,SPAREPART,87eede8f-1064-4c4e-912d-9319aa96d5b0,Brake Pad H3 FR / RR H3,"26,000",0,2,0,0,2,0,NEW_ONBOARDING,APPLIED,GEN-F0130-001-N-NE,"1,075",REGULAR,Pondok Indah,Service Advisor PI,B 4583 SVR,0
"Sep 9, 2025, 14:06",WO-142431091049891796,SPAREPART,87eede8f-1064-4c4e-912d-9319aa96d5b0,Brake Pad H3 FR / RR H3,"26,000",0,2,0,0,2,0,NEW_ONBOARDING,APPLIED,GEN-F0130-001-N-NE,"1,075",REGULAR,Pondok Indah,Service Advisor PI,B 4586 SVT,0
"Sep 9, 2025, 14:06",WO-142431091049891796,SPAREPART,ec86c430-e74c-451d-8d93-6d47384acc17,Tire 90/90-12 H3 (KENDA) H3,"135,796",0,1,0,0,1,0,NEW_ONBOARDING,APPLIED,GEN-F0500-001-N-MA,"1,741",REGULAR,Pondok Indah,Service Advisor PI,B 4586 SVT,0
"Sep 9, 2025, 13:59",WO-142430409894923268,SPAREPART,87eede8f-1064-4c4e-912d-9319aa96d5b0,Brake Pad H3 FR / RR H3,"26,000",0,2,0,0,2,0,NEW_ONBOARDING,APPLIED,GEN-F0130-001-N-NE,"1,075",REGULAR,Pondok Indah,Eka Pitaloka,B 4670 SWA,0
"Sep 9, 2025, 13:59",WO-142430409894923268,SPAREPART,d09f6b27-05e3-429e-8d59-5978689af06f,USB charging port H3,"12,627","38,000",1,0,0,1,"38,000",NOT_COVERED,APPLIED,H3A-E40010-001-N-NE,871,REGULAR,Pondok Indah,Eka Pitaloka,B 4670 SWA,0
"Sep 9, 2025, 13:23",WO-142426818899610628,SPAREPART,87eede8f-1064-4c4e-912d-9319aa96d5b0,Brake Pad H3 FR / RR H3,"26,000",0,2,0,0,2,0,NEW_ONBOARDING,APPLIED,GEN-F0130-001-N-NE,"1,075",REGULAR,Pondok Indah,Ahmad Agus Sudiro Parhusnan Marzuki,B 4399 SVR,0
"Sep 9, 2025, 13:19",WO-142426350395853828,SPAREPART,87eede8f-1064-4c4e-912d-9319aa96d5b0,Brake Pad H3 FR / RR H3,"26,000",0,2,0,0,2,0,NEW_ONBOARDING,APPLIED,GEN-F0130-001-N-NE,"1,075",REGULAR,Pondok Indah,Ahmad Agus Sudiro Parhusnan Marzuki,B 4589 SVR,0
"Sep 9, 2025, 11:34",WO-142415808952273924,SPAREPART,87eede8f-1064-4c4e-912d-9319aa96d5b0,Brake Pad H3 FR / RR H3,"26,000",0,2,0,0,2,0,NOT_COVERED,APPLIED,GEN-F0130-001-N-NE,"1,075",REGULAR,Pondok Indah,Eka Pitaloka,B 4488 SVT,0
"Sep 9, 2025, 11:15",WO-142413890880276436,SPAREPART,87eede8f-1064-4c4e-912d-9319aa96d5b0,Brake Pad H3 FR / RR H3,"26,000",0,2,0,0,2,0,NEW_ONBOARDING,APPLIED,GEN-F0130-001-N-NE,"1,075",REGULAR,Pondok Indah,Service Advisor PI,B 4642 SVP,0
"Sep 9, 2025, 11:14",WO-142413058260600788,SPAREPART,6f887a0a-e2ae-4556-afe9-b554bb26559f,Headlight H3,"100,000",0,1,0,0,1,0,NOT_COVERED,APPLIED,H3A-E60030-001-N-NE,821,REGULAR,Pondok Indah,Service Advisor PI,B 4738 SVP,0
"Sep 9, 2025, 11:14",WO-142413058260600788,SPAREPART,87eede8f-1064-4c4e-912d-9319aa96d5b0,Brake Pad H3 FR / RR H3,"26,000",0,2,0,0,2,0,NEW_ONBOARDING,APPLIED,GEN-F0130-001-N-NE,"1,075",REGULAR,Pondok Indah,Service Advisor PI,B 4738 SVP,0
"Sep 9, 2025, 10:59",WO-142412315331921876,SPAREPART,87eede8f-1064-4c4e-912d-9319aa96d5b0,Brake Pad H3 FR / RR H3,"26,000",0,2,0,0,2,0,NEW_ONBOARDING,APPLIED,GEN-F0130-001-N-NE,"1,075",REGULAR,Pondok Indah,Service Advisor PI,B 4480 SVT,0
"Sep 9, 2025, 10:53",WO-142411725797328852,SPAREPART,87eede8f-1064-4c4e-912d-9319aa96d5b0,Brake Pad H3 FR / RR H3,"26,000",0,2,0,0,2,0,NEW_ONBOARDING,APPLIED,GEN-F0130-001-N-NE,"1,075",REGULAR,Pondok Indah,Service Advisor PI,B 3817 PWF,0
"Sep 9, 2025, 10:50",WO-142411339401267156,SPAREPART,79e0bbc0-0b87-4142-8e3f-0b3ccdc86641,Brake Pad Kit H5 -2-01 (Canvas Rem) H5,"28,500",0,1,0,0,1,0,NEW_ONBOARDING,APPLIED,GEN-F1140-001-R-NE,"1,759",REGULAR,Pondok Indah,Faiz Zaidan Alghifari Ramadhan,B 4682 SVN,0
"Sep 9, 2025, 10:50",WO-142411339401267156,SPAREPART,fa116921-3f09-44e1-b709-86b1780d9253,Brake Pad Kit H5 -1-01 (Canvas Rem) H5,"39,500",0,1,0,0,1,0,NEW_ONBOARDING,APPLIED,GEN-F1130-001-F-NE,"1,758",REGULAR,Pondok Indah,Faiz Zaidan Alghifari Ramadhan,B 4682 SVN,0
"Sep 9, 2025, 10:50",WO-142411339401267156,SPAREPART,999f14b8-db39-41e5-a31a-b5e0b7e8d909,Tires (far star) H5,"100,000","100,000",1,0,0,1,"100,000",NOT_COVERED,APPLIED,GEN-F1090-001-N-NE,982,REGULAR,Pondok Indah,Faiz Zaidan Alghifari Ramadhan,B 4682 SVN,0
"Sep 9, 2025, 10:42",WO-142410559176838148,SPAREPART,79e0bbc0-0b87-4142-8e3f-0b3ccdc86641,Brake Pad Kit H5 -2-01 (Canvas Rem) H5,"28,500",0,1,0,0,1,0,NEW_ONBOARDING,APPLIED,GEN-F1140-001-R-NE,"1,759",REGULAR,Pondok Indah,Service Advisor PI,B 5160 SVL,0
"Sep 9, 2025, 10:42",WO-142410559176838148,SPAREPART,fa116921-3f09-44e1-b709-86b1780d9253,Brake Pad Kit H5 -1-01 (Canvas Rem) H5,"39,500",0,1,0,0,1,0,NEW_ONBOARDING,APPLIED,GEN-F1130-001-F-NE,"1,758",REGULAR,Pondok Indah,Service Advisor PI,B 5160 SVL,0
"Sep 9, 2025, 10:27",WO-142409071893416964,SPAREPART,87eede8f-1064-4c4e-912d-9319aa96d5b0,Brake Pad H3 FR / RR H3,"26,000",0,2,0,0,2,0,NEW_ONBOARDING,APPLIED,GEN-F0130-001-N-NE,"1,075",REGULAR,Pondok Indah,Faiz Zaidan Alghifari Ramadhan,B 4447 SVT,"45,846"
"Sep 9, 2025, 10:27",WO-142409071893416964,SPAREPART,d09f6b27-05e3-429e-8d59-5978689af06f,USB charging port H3,"12,627",0,1,0,0,1,0,NEW_ONBOARDING,APPLIED,H3A-E40010-001-N-NE,871,REGULAR,Pondok Indah,Faiz Zaidan Alghifari Ramadhan,B 4447 SVT,"45,846"
"Sep 9, 2025, 10:27",WO-142409071893416964,SPAREPART,ec86c430-e74c-451d-8d93-6d47384acc17,Tire 90/90-12 H3 (KENDA) H3,"100,000",0,1,0,0,1,0,NEW_ONBOARDING,APPLIED,GEN-F0500-001-N-MA,"1,741",REGULAR,Pondok Indah,Faiz Zaidan Alghifari Ramadhan,B 4447 SVT,"45,846"
"Sep 9, 2025, 10:23",WO-142408573693987844,SPAREPART,87eede8f-1064-4c4e-912d-9319aa96d5b0,Brake Pad H3 FR / RR H3,"26,000",0,2,0,0,2,0,NEW_ONBOARDING,APPLIED,GEN-F0130-001-N-NE,"1,075",REGULAR,Pondok Indah,Service Advisor PI,B 4846 SVR,0
"Sep 9, 2025, 10:23",WO-142408573693987844,SPAREPART,ec86c430-e74c-451d-8d93-6d47384acc17,Tire 90/90-12 H3 (KENDA) H3,"100,000","100,000",1,0,0,1,"100,000",NOT_COVERED,APPLIED,GEN-F0500-001-N-MA,"1,741",REGULAR,Pondok Indah,Service Advisor PI,B 4846 SVR,0
"Sep 9, 2025, 10:19",WO-142408239307295748,SPAREPART,87eede8f-1064-4c4e-912d-9319aa96d5b0,Brake Pad H3 FR / RR H3,"26,000",0,1,0,0,1,0,NEW_ONBOARDING,APPLIED,GEN-F0130-001-N-NE,"1,075",REGULAR,Pondok Indah,Faiz Zaidan Alghifari Ramadhan,B 3591 PWE,0
"Sep 9, 2025, 09:42",WO-142404562563631060,SPAREPART,87eede8f-1064-4c4e-912d-9319aa96d5b0,Brake Pad H3 FR / RR H3,"26,000",0,2,0,0,2,0,NEW_ONBOARDING,APPLIED,GEN-F0130-001-N-NE,"1,075",REGULAR,Pondok Indah,Himawan Reksayudha,B 4849 SVP,0
"Sep 9, 2025, 09:23",WO-142402507656660948,SPAREPART,87eede8f-1064-4c4e-912d-9319aa96d5b0,Brake Pad H3 FR / RR H3,"26,000",0,2,0,0,2,0,NEW_ONBOARDING,APPLIED,GEN-F0130-001-N-NE,"1,075",REGULAR,Pondok Indah,Eka Pitaloka,B 4507 SVP,0
"Sep 9, 2025, 09:23",WO-142402507656660948,SPAREPART,1ac25aee-ff64-497d-a915-e4617a1892ae,Bearing Nachi 6201 H3,"13,967","13,500",2,0,0,2,"27,000",NOT_COVERED,APPLIED,GEN-F0060-001-F-NE,"1,735",REGULAR,Pondok Indah,Eka Pitaloka,B 4507 SVP,0
"Sep 9, 2025, 09:23",WO-142402507656660948,SPAREPART,c52ca52a-85ef-43ad-8637-a9a65142da16,Rear disc brake disc H3,"26,519","80,000",1,0,0,1,"80,000",NOT_COVERED,APPLIED,GEN-F0190-001-R-NE,854,REGULAR,Pondok Indah,Eka Pitaloka,B 4507 SVP,0
"Sep 9, 2025, 09:16",WO-142400936856259588,SPAREPART,87eede8f-1064-4c4e-912d-9319aa96d5b0,Brake Pad H3 FR / RR H3,"26,000",0,2,0,0,2,0,NOT_COVERED,APPLIED,GEN-F0130-001-N-NE,"1,075",REGULAR,Pondok Indah,Eka Pitaloka,B 4515 SVP,0
"Sep 8, 2025, 14:03",WO-142285876041354244,SPAREPART,fa116921-3f09-44e1-b709-86b1780d9253,Brake Pad Kit H5 -1-01 (Canvas Rem) H5,"39,500",0,1,0,0,1,0,NOT_COVERED,APPLIED,GEN-F1130-001-F-NE,"1,758",REGULAR,Pondok Indah,Service Advisor PI,B 4206 SVO,0
"Sep 8, 2025, 14:03",WO-142285876041354244,SPAREPART,79e0bbc0-0b87-4142-8e3f-0b3ccdc86641,Brake Pad Kit H5 -2-01 (Canvas Rem) H5,"28,500",0,1,0,0,1,0,NOT_COVERED,APPLIED,GEN-F1140-001-R-NE,"1,759",REGULAR,Pondok Indah,Service Advisor PI,B 4206 SVO,0
"Sep 8, 2025, 14:00",WO-142285583983577044,SPAREPART,87eede8f-1064-4c4e-912d-9319aa96d5b0,Brake Pad H3 FR / RR H3,"26,000",0,2,0,0,2,0,NOT_COVERED,APPLIED,GEN-F0130-001-N-NE,"1,075",REGULAR,Pondok Indah,Service Advisor PI,B 3466 PWE,0
"Sep 8, 2025, 13:57",WO-142285233339762644,SPAREPART,87eede8f-1064-4c4e-912d-9319aa96d5b0,Brake Pad H3 FR / RR H3,"26,000",0,2,0,0,2,0,NOT_COVERED,APPLIED,GEN-F0130-001-N-NE,"1,075",REGULAR,Pondok Indah,Service Advisor PI,B 4446 SVT,0
"Sep 8, 2025, 13:51",WO-142284576931186644,SPAREPART,87eede8f-1064-4c4e-912d-9319aa96d5b0,Brake Pad H3 FR / RR H3,"26,000",0,2,0,0,2,0,NOT_COVERED,APPLIED,GEN-F0130-001-N-NE,"1,075",REGULAR,Pondok Indah,Service Advisor PI,B 4652 SVT,0
"Sep 8, 2025, 13:36",WO-142282959859222484,SPAREPART,87eede8f-1064-4c4e-912d-9319aa96d5b0,Brake Pad H3 FR / RR H3,"26,000",0,2,0,0,2,0,NOT_COVERED,APPLIED,GEN-F0130-001-N-NE,"1,075",REGULAR,Pondok Indah,Service Advisor PI,B 4801 SVR,0
"Sep 8, 2025, 13:36",WO-142282959859222484,SPAREPART,c52ca52a-85ef-43ad-8637-a9a65142da16,Rear disc brake disc H3,"26,519","80,000",1,0,0,1,"80,000",NOT_COVERED,APPLIED,GEN-F0190-001-R-NE,854,REGULAR,Pondok Indah,Service Advisor PI,B 4801 SVR,0
"Sep 8, 2025, 13:28",WO-142282225218488276,SPAREPART,87eede8f-1064-4c4e-912d-9319aa96d5b0,Brake Pad H3 FR / RR H3,"26,000",0,2,0,0,2,0,NOT_COVERED,APPLIED,GEN-F0130-001-N-NE,"1,075",REGULAR,Pondok Indah,Service Advisor PI,B 3963 PWF,0
"Sep 8, 2025, 13:28",WO-142282225218488276,SPAREPART,ec86c430-e74c-451d-8d93-6d47384acc17,Tire 90/90-12 H3 (KENDA) H3,"100,000","100,000",1,0,0,1,"100,000",NOT_COVERED,APPLIED,GEN-F0500-001-N-MA,"1,741",REGULAR,Pondok Indah,Service Advisor PI,B 3963 PWF,0
"Sep 8, 2025, 13:23",WO-142281789312862164,SPAREPART,87eede8f-1064-4c4e-912d-9319aa96d5b0,Brake Pad H3 FR / RR H3,"26,000",0,2,0,0,2,0,NOT_COVERED,APPLIED,GEN-F0130-001-N-NE,"1,075",REGULAR,Pondok Indah,Service Advisor PI,B 4115 SVP,0
"Sep 8, 2025, 13:14",WO-142280871582370820,SPAREPART,fa116921-3f09-44e1-b709-86b1780d9253,Brake Pad Kit H5 -1-01 (Canvas Rem) H5,"39,500",0,1,0,0,1,0,NOT_COVERED,APPLIED,GEN-F1130-001-F-NE,"1,758",REGULAR,Pondok Indah,Service Advisor PI,B 5214 SVL,0
"Sep 8, 2025, 13:14",WO-142280871582370820,SPAREPART,79e0bbc0-0b87-4142-8e3f-0b3ccdc86641,Brake Pad Kit H5 -2-01 (Canvas Rem) H5,"28,500",0,1,0,0,1,0,NOT_COVERED,APPLIED,GEN-F1140-001-R-NE,"1,759",REGULAR,Pondok Indah,Service Advisor PI,B 5214 SVL,0
"Sep 8, 2025, 13:09",WO-142280261747345364,SPAREPART,6f887a0a-e2ae-4556-afe9-b554bb26559f,Headlight H3,"100,000",0,1,0,0,1,0,NOT_COVERED,APPLIED,H3A-E60030-001-N-NE,821,REGULAR,Pondok Indah,Service Advisor PI,B 4684 SVP,0
"Sep 8, 2025, 11:08",WO-142268172790138836,SPAREPART,87eede8f-1064-4c4e-912d-9319aa96d5b0,Brake Pad H3 FR / RR H3,"26,000",0,2,0,0,2,0,NOT_COVERED,APPLIED,GEN-F0130-001-N-NE,"1,075",REGULAR,Pondok Indah,Service Advisor PI,B 3536 PWE,0
"Sep 8, 2025, 11:03",WO-142267283429919748,SPAREPART,87eede8f-1064-4c4e-912d-9319aa96d5b0,Brake Pad H3 FR / RR H3,"26,000",0,2,0,0,2,0,NOT_COVERED,APPLIED,GEN-F0130-001-N-NE,"1,075",REGULAR,Pondok Indah,Service Advisor PI,B 4515 SVT,0
"Sep 8, 2025, 10:55",WO-142266411870325764,SPAREPART,87eede8f-1064-4c4e-912d-9319aa96d5b0,Brake Pad H3 FR / RR H3,"26,000",0,2,0,0,2,0,NOT_COVERED,APPLIED,GEN-F0130-001-N-NE,"1,075",REGULAR,Pondok Indah,Service Advisor PI,B 4808 SVS,0
"Sep 8, 2025, 10:48",WO-142265802035300308,SPAREPART,87eede8f-1064-4c4e-912d-9319aa96d5b0,Brake Pad H3 FR / RR H3,"26,000",0,2,0,0,2,0,NEW_ONBOARDING,APPLIED,GEN-F0130-001-N-NE,"1,075",REGULAR,Pondok Indah,Service Advisor PI,B 4236 SWB,0
"Sep 8, 2025, 10:35",WO-142264884590021636,SPAREPART,87eede8f-1064-4c4e-912d-9319aa96d5b0,Brake Pad H3 FR / RR H3,"26,000",0,2,0,0,2,0,NOT_COVERED,APPLIED,GEN-F0130-001-N-NE,"1,075",REGULAR,Pondok Indah,Service Advisor PI,B 3467 PWE,"54,984"
"Sep 8, 2025, 10:31",WO-142264496281356244,SPAREPART,5075f880-8de8-488e-9bca-4db3d05c3583,Brake pad Front H1 - Fr H1,"26,000",0,1,0,0,1,0,NEW_ONBOARDING,APPLIED,GEN-F1280-001-N-NE,"1,789",REGULAR,Pondok Indah,Himawan Reksayudha,B 4476 SWD,0
"Sep 8, 2025, 10:23",WO-142263677066676180,SPAREPART,87eede8f-1064-4c4e-912d-9319aa96d5b0,Brake Pad H3 FR / RR H3,"26,000",0,2,0,0,2,0,NOT_COVERED,APPLIED,GEN-F0130-001-N-NE,"1,075",REGULAR,Pondok Indah,Service Advisor PI,B 4689 SVR,"589,349"
"Sep 8, 2025, 10:20",WO-142263227034634196,SPAREPART,fa116921-3f09-44e1-b709-86b1780d9253,Brake Pad Kit H5 -1-01 (Canvas Rem) H5,"39,500",0,1,0,0,1,0,NOT_COVERED,APPLIED,GEN-F1130-001-F-NE,"1,758",REGULAR,Pondok Indah,Service Advisor PI,B 4505 SVL,"458,958"
"Sep 8, 2025, 10:20",WO-142263227034634196,SPAREPART,79e0bbc0-0b87-4142-8e3f-0b3ccdc86641,Brake Pad Kit H5 -2-01 (Canvas Rem) H5,"28,500",0,1,0,0,1,0,NOT_COVERED,APPLIED,GEN-F1140-001-R-NE,"1,759",REGULAR,Pondok Indah,Service Advisor PI,B 4505 SVL,"458,958"
"Sep 8, 2025, 10:13",WO-142262684241366020,SPAREPART,87eede8f-1064-4c4e-912d-9319aa96d5b0,Brake Pad H3 FR / RR H3,"26,000",0,2,0,0,2,0,NOT_COVERED,APPLIED,GEN-F0130-001-N-NE,"1,075",REGULAR,Pondok Indah,Service Advisor PI,B 4446 SVR,"37,487"
"Sep 8, 2025, 10:10",WO-142262292610811860,SPAREPART,87eede8f-1064-4c4e-912d-9319aa96d5b0,Brake Pad H3 FR / RR H3,"26,000",0,1,0,0,1,0,NOT_COVERED,APPLIED,GEN-F0130-001-N-NE,"1,075",REGULAR,Pondok Indah,Service Advisor PI,B 4683 SWB,"1,356"
"Sep 8, 2025, 09:55",WO-142260877872073732,SPAREPART,87eede8f-1064-4c4e-912d-9319aa96d5b0,Brake Pad H3 FR / RR H3,"26,000",0,2,0,0,2,0,NOT_COVERED,APPLIED,GEN-F0130-001-N-NE,"1,075",REGULAR,Pondok Indah,Service Advisor PI,B 4054 SWB,"45,398"
"Sep 8, 2025, 09:49",WO-142260209199351764,SPAREPART,87eede8f-1064-4c4e-912d-9319aa96d5b0,Brake Pad H3 FR / RR H3,"26,000",0,1,0,0,1,0,NOT_COVERED,APPLIED,GEN-F0130-001-N-NE,"1,075",REGULAR,Pondok Indah,Service Advisor PI,B 4715 SVP,"54,589"
"Sep 8, 2025, 09:49",WO-142260209199351764,SPAREPART,5c1fd9ac-88d6-4eac-9e2d-0cc440871101,Hook H3,"9,568","29,000",1,0,0,1,"29,000",NOT_COVERED,APPLIED,H3A-B0460-001-N-MA,795,REGULAR,Pondok Indah,Service Advisor PI,B 4715 SVP,"54,589"
"Sep 8, 2025, 09:44",WO-142259623859062740,SPAREPART,87eede8f-1064-4c4e-912d-9319aa96d5b0,Brake Pad H3 FR / RR H3,"26,000",0,2,0,0,2,0,NOT_COVERED,APPLIED,GEN-F0130-001-N-NE,"1,075",REGULAR,Pondok Indah,Service Advisor PI,B 4237 SVT,"39,135"
"Sep 8, 2025, 09:44",WO-142259623859062740,SPAREPART,6f887a0a-e2ae-4556-afe9-b554bb26559f,Headlight H3,"100,000",0,1,0,0,1,0,NEW_ONBOARDING,APPLIED,H3A-E60030-001-N-NE,821,REGULAR,Pondok Indah,Service Advisor PI,B 4237 SVT,"39,135"
"Sep 8, 2025, 09:36",WO-142258349478512596,SPAREPART,87eede8f-1064-4c4e-912d-9319aa96d5b0,Brake Pad H3 FR / RR H3,"26,000",0,2,0,0,2,0,NOT_COVERED,APPLIED,GEN-F0130-001-N-NE,"1,075",REGULAR,Pondok Indah,Service Advisor PI,B 4779 SVP,"122,223"
"Sep 8, 2025, 09:25",WO-142257822942366724,SPAREPART,e690e2c0-63af-4657-8428-91e226c44d8b,Horn H3,"11,983",0,1,0,0,1,0,NOT_COVERED,APPLIED,H3A-E60040-001-N-NE,872,REGULAR,Pondok Indah,Service Advisor PI,B 4684 SVR,"124,345"
"Sep 8, 2025, 09:20",WO-142257315230256132,SPAREPART,87eede8f-1064-4c4e-912d-9319aa96d5b0,Brake Pad H3 FR / RR H3,"26,000",0,2,0,0,2,0,NOT_COVERED,APPLIED,GEN-F0130-001-N-NE,"1,075",REGULAR,Pondok Indah,Service Advisor PI,B 3877 PWF,"12,455"
"Sep 8, 2025, 09:15",WO-142256800975030228,SPAREPART,87eede8f-1064-4c4e-912d-9319aa96d5b0,Brake Pad H3 FR / RR H3,"26,000",0,2,0,0,2,0,NOT_COVERED,APPLIED,GEN-F0130-001-N-NE,"1,075",REGULAR,Pondok Indah,Service Advisor PI,B 4184 SVV,"12,356"
"Sep 8, 2025, 09:15",WO-142256800975030228,SPAREPART,1ac25aee-ff64-497d-a915-e4617a1892ae,Bearing Nachi 6201 H3,"13,967",0,2,0,0,2,0,NOT_COVERED,APPLIED,GEN-F0060-001-F-NE,"1,735",REGULAR,Pondok Indah,Service Advisor PI,B 4184 SVV,"12,356"
"Sep 8, 2025, 09:07",WO-142255909836425172,SPAREPART,87eede8f-1064-4c4e-912d-9319aa96d5b0,Brake Pad H3 FR / RR H3,"26,000",0,2,0,0,2,0,NOT_COVERED,APPLIED,GEN-F0130-001-N-NE,"1,075",REGULAR,Pondok Indah,Service Advisor PI,B 4685 SVP,"1,234"
"Sep 4, 2025, 17:53",WO-141728955987135492,SPAREPART,87eede8f-1064-4c4e-912d-9319aa96d5b0,Brake Pad H3 FR / RR H3,"26,000",0,1,0,0,1,0,NOT_COVERED,APPLIED,GEN-F0130-001-N-NE,"1,075",URGENT,Pondok Indah,Service Advisor PI,B 4837 SVR,0
"Sep 4, 2025, 17:12",WO-141724238569539540,SPAREPART,849a10fd-aa14-4894-927f-c8045f2bc1f9,Front disc brake assembly without logo H3,"100,000","100,000",1,0,0,1,"100,000",NOT_COVERED,APPLIED,H3A-F0120-001-F-NE,850,REGULAR,Pondok Indah,Noval Labid,B 5970 KWE,100
"Sep 4, 2025, 17:08",WO-141724238569539540,SPAREPART,b9d1544b-4822-4e87-8c8a-ad3eccb9bf75,Rear mirror H3,"26,000","26,000",1,0,0,1,"26,000",NOT_COVERED,APPLIED,GEN-A0050-001-R-NE,859,REGULAR,Pondok Indah,Noval Labid,B 5970 KWE,100
"Sep 4, 2025, 17:06",WO-141724217212144644,SPAREPART,87eede8f-1064-4c4e-912d-9319aa96d5b0,Brake Pad H3 FR / RR H3,"26,000","26,000",1,0,0,1,"26,000",NOT_COVERED,APPLIED,GEN-F0130-001-N-NE,"1,075",REGULAR,Pondok Indah,Farel Wahyudyansyah,B 5970 KWE,"23,333"
"Sep 4, 2025, 17:06",WO-141724217212144644,SPAREPART,ec86c430-e74c-451d-8d93-6d47384acc17,Tire 90/90-12 H3 (KENDA) H3,"100,000","100,000",2,0,0,2,"200,000",NOT_COVERED,APPLIED,GEN-F0500-001-N-MA,"1,741",REGULAR,Pondok Indah,Farel Wahyudyansyah,B 5970 KWE,"23,333"
"Sep 4, 2025, 16:45",WO-141721341177891844,SPAREPART,5075f880-8de8-488e-9bca-4db3d05c3583,Brake pad Front H1 - Fr H1,"26,000","26,000",1,0,0,1,"26,000",NOT_COVERED,APPLIED,GEN-F1280-001-N-NE,"1,789",REGULAR,Pondok Indah,Gorga Aryans,B 5970 KWE,100
"Sep 4, 2025, 16:40",WO-141721341177891844,SPAREPART,79e0bbc0-0b87-4142-8e3f-0b3ccdc86641,Brake Pad Kit H5 -2-01 (Canvas Rem) H5,"28,500","28,500",1,0,0,1,"28,500",NOT_COVERED,APPLIED,GEN-F1140-001-R-NE,"1,759",REGULAR,Pondok Indah,Gorga Aryans,B 5970 KWE,100
"Sep 4, 2025, 16:40",WO-141721341177891844,SPAREPART,fa116921-3f09-44e1-b709-86b1780d9253,Brake Pad Kit H5 -1-01 (Canvas Rem) H5,"39,500","39,500",1,0,0,1,"39,500",NOT_COVERED,APPLIED,GEN-F1130-001-F-NE,"1,758",REGULAR,Pondok Indah,Gorga Aryans,B 5970 KWE,100
"Sep 4, 2025, 11:47",WO-141679205048911828,SPAREPART,d09f6b27-05e3-429e-8d59-5978689af06f,USB charging port H3,"12,627","12,627",1,0,0,1,"12,627",NOT_COVERED,APPLIED,H3A-E40010-001-N-NE,871,REGULAR,Pondok Indah,Choiril Anwar,B 4479 SVV,"3,844"
"Sep 4, 2025, 11:47",WO-141679205048911828,SPAREPART,5075f880-8de8-488e-9bca-4db3d05c3583,Brake pad Front H1 - Fr H1,"26,000","26,000",1,0,0,1,"26,000",NOT_COVERED,APPLIED,GEN-F1280-001-N-NE,"1,789",REGULAR,Pondok Indah,Choiril Anwar,B 4479 SVV,"3,844"
"Sep 4, 2025, 11:47",WO-141679205048911828,SPAREPART,0e63dd11-3dfb-40f2-9820-7fc9cc0b12bc,Front fork bearings H3,"42,021","42,021",1,0,0,1,"42,021",NOT_COVERED,APPLIED,GEN-F0100-001-F-NE,849,REGULAR,Pondok Indah,Choiril Anwar,B 4479 SVV,"3,844"
"Sep 4, 2025, 11:47",WO-141679205048911828,SPAREPART,1ac25aee-ff64-497d-a915-e4617a1892ae,Bearing Nachi 6201 H3,"13,967","13,967",2,0,0,2,"27,934",NOT_COVERED,APPLIED,GEN-F0060-001-F-NE,"1,735",REGULAR,Pondok Indah,Choiril Anwar,B 4479 SVV,"3,844"
"Sep 4, 2025, 11:47",WO-141679205048911828,SPAREPART,ec86c430-e74c-451d-8d93-6d47384acc17,Tire 90/90-12 H3 (KENDA) H3,"135,796","135,796",1,0,0,1,"135,796",NOT_COVERED,APPLIED,GEN-F0500-001-N-MA,"1,741",REGULAR,Pondok Indah,Choiril Anwar,B 4479 SVV,"3,844"
"Sep 4, 2025, 09:39",WO-141679145707899908,SPAREPART,ec86c430-e74c-451d-8d93-6d47384acc17,Tire 90/90-12 H3 (KENDA) H3,"100,000",0,2,0,0,2,0,NOT_COVERED,APPLIED,GEN-F0500-001-N-MA,"1,741",REGULAR,Pondok Indah,Naufal Rabbani,B 5970 KWE,"10,000"
"Sep 4, 2025, 09:39",WO-141679145707899908,SPAREPART,b9d1544b-4822-4e87-8c8a-ad3eccb9bf75,Rear mirror H3,"26,000",0,1,0,0,1,0,NOT_COVERED,APPLIED,GEN-A0050-001-R-NE,859,REGULAR,Pondok Indah,Naufal Rabbani,B 5970 KWE,"10,000"
"Sep 4, 2025, 09:06",WO-141676033198786516,SPAREPART,87eede8f-1064-4c4e-912d-9319aa96d5b0,Brake Pad H3 FR / RR H3,"26,000","26,000",2,0,0,2,"52,000",NOT_COVERED,APPLIED,GEN-F0130-001-N-NE,"1,075",REGULAR,Pondok Indah,Syahrul Mulya,B 4109 SVV,"19,138"
"Sep 4, 2025, 09:06",WO-141676033198786516,SPAREPART,d09f6b27-05e3-429e-8d59-5978689af06f,USB charging port H3,"12,627","12,627",1,0,0,1,"12,627",NOT_COVERED,APPLIED,H3A-E40010-001-N-NE,871,REGULAR,Pondok Indah,Syahrul Mulya,B 4109 SVV,"19,138"
"Sep 3, 2025, 14:25",WO-141544229930277119,SPAREPART,ec86c430-e74c-451d-8d93-6d47384acc17,Tire 90/90-12 H3 (KENDA) H3,"135,796","135,796",2,0,0,2,"271,592",NOT_COVERED,APPLIED,GEN-F0500-001-N-MA,"1,741",REGULAR,Pondok Indah,Randy,B 4343 SVV,"24,266"
"Sep 3, 2025, 14:25",WO-141544229930277119,SPAREPART,87eede8f-1064-4c4e-912d-9319aa96d5b0,Brake Pad H3 FR / RR H3,"26,000","26,000",1,0,0,1,"26,000",NOT_COVERED,APPLIED,GEN-F0130-001-N-NE,"1,075",REGULAR,Pondok Indah,Randy,B 4343 SVV,"24,266"
"Sep 3, 2025, 13:32",WO-141544112372324607,SPAREPART,87eede8f-1064-4c4e-912d-9319aa96d5b0,Brake Pad H3 FR / RR H3,"26,000",0,2,0,0,2,0,NOT_COVERED,APPLIED,GEN-F0130-001-N-NE,"1,075",REGULAR,Pondok Indah,Eka Pitaloka,B 4795 SVR,"57,560"
"Sep 3, 2025, 11:08",WO-141532947218962687,SPAREPART,87eede8f-1064-4c4e-912d-9319aa96d5b0,Brake Pad H3 FR / RR H3,"26,000",0,2,0,0,2,0,NOT_COVERED,APPLIED,GEN-F0130-001-N-NE,"1,075",REGULAR,Pondok Indah,Eka Pitaloka,B 4698 SVR,"24,973"
"Sep 3, 2025, 10:10",WO-141534976020584600,SPAREPART,fa116921-3f09-44e1-b709-86b1780d9253,Brake Pad Kit H5 -1-01 (Canvas Rem) H5,"39,500",0,1,0,0,1,0,NOT_COVERED,APPLIED,GEN-F1130-001-F-NE,"1,758",REGULAR,Pondok Indah,Eka Pitaloka,B 5028 SVL,"54,842"
"Sep 3, 2025, 10:10",WO-141534976020584600,SPAREPART,79e0bbc0-0b87-4142-8e3f-0b3ccdc86641,Brake Pad Kit H5 -2-01 (Canvas Rem) H5,"28,500",0,1,0,0,1,0,NOT_COVERED,APPLIED,GEN-F1140-001-R-NE,"1,759",REGULAR,Pondok Indah,Eka Pitaloka,B 5028 SVL,"54,842"
"Sep 3, 2025, 09:48",WO-141534536960841983,SPAREPART,87eede8f-1064-4c4e-912d-9319aa96d5b0,Brake Pad H3 FR / RR H3,"26,000",0,2,0,0,2,0,NOT_COVERED,APPLIED,GEN-F0130-001-N-NE,"1,075",REGULAR,Pondok Indah,Eka Pitaloka,B 4498 SVR,"68,811"
"Sep 3, 2025, 09:41",WO-141533547490973951,SPAREPART,87eede8f-1064-4c4e-912d-9319aa96d5b0,Brake Pad H3 FR / RR H3,"26,000",0,2,0,0,2,0,NOT_COVERED,APPLIED,GEN-F0130-001-N-NE,"1,075",REGULAR,Pondok Indah,Eka Pitaloka,B 4751 SVP,"49,533"
"Sep 3, 2025, 09:32",WO-141532947218962687,SPAREPART,ec86c430-e74c-451d-8d93-6d47384acc17,Tire 90/90-12 H3 (KENDA) H3,"100,000","100,000",2,0,0,2,"200,000",NOT_COVERED,APPLIED,GEN-F0500-001-N-MA,"1,741",REGULAR,Pondok Indah,Eka Pitaloka,B 4698 SVR,"24,973"
"Sep 3, 2025, 09:24",WO-141532039034706175,SPAREPART,87eede8f-1064-4c4e-912d-9319aa96d5b0,Brake Pad H3 FR / RR H3,"26,000",0,2,0,0,2,0,NOT_COVERED,APPLIED,GEN-F0130-001-N-NE,"1,075",REGULAR,Pondok Indah,Eka Pitaloka,B 4070 SVT,"45,174"
"Sep 2, 2025, 11:34",WO-141390960901757080,SPAREPART,ef497358-de41-434c-9d32-8aeb8e165def,Full set of steel bowls H5,"57,454",0,1,0,0,1,0,NEW_ONBOARDING,APPLIED,GEN-F0840-001-F-NE,981,REGULAR,Pondok Indah,Choiril Anwar,B 4897 SVN,"38,562"
"Sep 2, 2025, 11:34",WO-141390960901757080,SPAREPART,37dc324d-ba63-404f-b663-747c4a4566a1,disc Brake H5,"70,000",0,1,0,0,1,0,NEW_ONBOARDING,APPLIED,GEN-F1120-001-R-NE,"1,761",REGULAR,Pondok Indah,Choiril Anwar,B 4897 SVN,"38,562"
"Sep 2, 2025, 10:44",WO-141395900416137471,SPAREPART,87eede8f-1064-4c4e-912d-9319aa96d5b0,Brake Pad H3 FR / RR H3,"26,000","26,000",2,0,0,2,"52,000",NOT_COVERED,APPLIED,GEN-F0130-001-N-NE,"1,075",REGULAR,Pondok Indah,Service Advisor PI,B 4141 SVP,"54,566"
"Sep 2, 2025, 09:54",WO-141388203683747992,SPAREPART,79e0bbc0-0b87-4142-8e3f-0b3ccdc86641,Brake Pad Kit H5 -2-01 (Canvas Rem) H5,"28,500",0,1,0,0,1,0,NOT_COVERED,APPLIED,GEN-F1140-001-R-NE,"1,759",REGULAR,Pondok Indah,Eka Pitaloka,B 5168 SVL,"65,888"
"Sep 2, 2025, 09:54",WO-141388203683747992,SPAREPART,fa116921-3f09-44e1-b709-86b1780d9253,Brake Pad Kit H5 -1-01 (Canvas Rem) H5,"39,500",0,1,0,0,1,0,NOT_COVERED,APPLIED,GEN-F1130-001-F-NE,"1,758",REGULAR,Pondok Indah,Eka Pitaloka,B 5168 SVL,"65,888"
